date,donchian_20 / all / oneil_20_8,donchian_55 / all / oneil_20_8,undercut / all / oneil_20_8,ema_retest / all / oneil_20_8,pocket_pivot / all / oneil_20_8,"All setups, ML-filtered (top third), ranked by ML / oneil_20_8","All setups, ranked by ML prediction / oneil_20_8","All setups, ranked by RS / oneil_20_8","All setups, random order / oneil_20_8","All setups + rs80_early filter, ranked by RS / oneil_20_8","BASELINE random entries, ranked by RS / oneil_20_8","BASELINE random entries, random order / oneil_20_8"
2018-01-02,100000.0,100000.0,100000.0,100000.0,100000.0,100000.0,100000.0,100000.0,100000.0,100000.0,100000.0,100000.0
2018-01-03,100000.0,100000.0,99515.55617153645,99578.159712255,100000.0,100000.0,100000.0,100000.0,100000.0,99357.51676559448,100000.0,100000.0
2018-01-04,98987.98294365406,98987.98294365406,99515.55617153645,99578.159712255,99224.51682388783,99414.31738436222,99414.31738436222,98212.49976754189,100000.0,99086.82590930568,100000.0,99236.80679872632
2018-01-05,97956.46244461482,97956.46244461482,99515.55617153645,99578.159712255,99224.51682388783,99414.31738436222,99414.31738436222,97685.23843839439,100000.0,99086.82590930568,99634.74076241255,99236.80679872632
2018-01-08,97956.46244461482,97956.46244461482,99515.55617153645,98607.43566980188,99224.51682388783,99414.31738436222,99414.31738436222,96705.81889144468,98987.50556460745,98107.40636235598,98993.1616756714,99236.80679872632
2018-01-09,97956.46244461482,97956.46244461482,99452.40509276644,98607.43566980188,99224.51682388783,99414.31738436222,99414.31738436222,96705.81889144468,98987.50556460745,98107.40636235598,98993.1616756714,99048.61647351475
2018-01-10,97956.46244461482,97956.46244461482,99452.40509276644,98225.72845499797,99224.51682388783,99414.31738436222,99414.31738436222,96705.81889144468,98581.0300941792,98107.40636235598,98993.1616756714,99048.61647351475
2018-01-11,97956.46244461482,96830.16413624233,99452.40509276644,98225.72845499797,99224.51682388783,99414.31738436222,99414.31738436222,96705.81889144468,98581.0300941792,98107.40636235598,98993.1616756714,99048.61647351475
2018-01-12,97956.46244461482,96830.16413624233,99452.40509276644,98225.72845499797,99224.51682388783,99414.31738436222,99414.31738436222,96705.81889144468,98581.0300941792,98107.40636235598,98993.1616756714,99048.61647351475
2018-01-16,97956.46244461482,95828.13994060206,99452.40509276644,98225.72845499797,98640.97107201815,99414.31738436222,99414.31738436222,96122.273139575,98581.0300941792,98107.40636235598,98409.61592380173,99048.61647351475
2018-01-17,97956.46244461482,95828.13994060206,99452.40509276644,97909.95053481145,98640.97107201815,99414.31738436222,99414.31738436222,96122.273139575,98581.0300941792,98107.40636235598,98409.61592380173,99048.61647351475
2018-01-18,97956.46244461482,95357.17879486032,99452.40509276644,97909.95053481145,98401.64314573407,99414.31738436222,99414.31738436222,95879.08202338293,98581.0300941792,98107.40636235598,97953.4457448519,98592.44629456491
2018-01-19,97956.46244461482,95357.17879486032,99452.40509276644,97909.95053481145,98401.64314573407,99414.31738436222,99414.31738436222,95879.08202338293,98581.0300941792,98107.40636235598,97953.4457448519,98592.44629456491
2018-01-22,97956.46244461482,95357.17879486032,99452.40509276644,97909.95053481145,98401.64314573407,99414.31738436222,99414.31738436222,95879.08202338293,98581.0300941792,98107.40636235598,97953.4457448519,98592.44629456491
2018-01-23,97956.46244461482,95357.17879486032,99452.40509276644,97909.95053481145,98401.64314573407,99414.31738436222,99414.31738436222,98367.28198694745,98581.0300941792,98107.40636235598,97953.4457448519,98592.44629456491
2018-01-24,97956.46244461482,95357.17879486032,99452.40509276644,97909.95053481145,98025.37448322176,99414.31738436222,99414.31738436222,97551.37995766585,98151.37216231484,98107.40636235598,97953.4457448519,98592.44629456491
2018-01-25,97956.46244461482,95357.17879486032,103412.40507130876,97909.95053481145,97273.62386500239,99414.31738436222,99414.31738436222,97551.37995766585,98151.37216231484,97900.17760375918,97765.80522091156,98387.44968414448
2018-01-26,97956.46244461482,95357.17879486032,103342.4324526632,97909.95053481145,97273.62386500239,99414.31738436222,99414.31738436222,97551.37995766585,98151.37216231484,97900.17760375918,97765.80522091156,98387.44968414448
2018-01-29,97956.46244461482,95357.17879486032,103106.4365453067,97909.95053481145,96449.0362920708,99414.31738436222,99414.31738436222,97551.37995766585,98151.37216231484,97900.17760375918,97765.80522091156,98387.44968414448
2018-01-30,97956.46244461482,95357.17879486032,102651.76506075707,97909.95053481145,95435.62332164045,99414.31738436222,99414.31738436222,96489.92849683485,97827.45387487172,97900.17760375918,96397.56298490077,98154.86488954663
2018-01-31,97956.46244461482,95357.17879486032,102651.76506075707,96724.39168672843,95435.62332164045,99414.31738436222,99414.31738436222,96489.92849683485,97150.50060384034,97900.17760375918,95599.78200920134,97982.33906198449
2018-02-01,97956.46244461482,95357.17879486032,102651.76506075707,96018.00933237634,95026.43076364163,99414.31738436222,99414.31738436222,96489.92849683485,96653.90378252292,97457.47086086424,94409.68422393154,97435.21631684688
2018-02-02,97956.46244461482,95122.47042208009,102651.76506075707,96018.00933237634,94451.71657284837,99414.31738436222,99414.31738436222,96279.83096594656,95190.54566800289,96168.01979207825,93184.25204147997,97110.16313087945
2018-02-05,96012.3223290134,92466.998786011,101387.99279213989,94711.37302312558,93734.87497333708,99414.31738436222,99414.31738436222,93573.27595750202,94017.78768218022,95947.29723104804,91460.57595497831,96554.25604267462
2018-02-06,94988.36139592415,91624.17512117268,99993.57589739327,93493.2112523458,92715.21437405283,97582.55861699581,97582.55861699581,91443.58696072562,91981.41297077891,95355.19208909597,89788.31729954011,94858.8177741008
2018-02-07,94988.36139592415,91624.17512117268,99993.57589739327,93493.2112523458,92715.21437405283,97582.55861699581,97582.55861699581,91443.58696072562,91981.41297077891,95355.19208909597,89788.31729954011,94858.8177741008
2018-02-08,94760.69004168491,91624.17512117268,97483.58823660988,93493.2112523458,92715.21437405283,96228.05243730308,96228.05243730308,89484.1478635635,91981.41297077891,94512.19586324714,89010.04993738343,93545.86304135603
2018-02-09,93753.21050757615,90690.78653101355,95100.18533776996,91878.2496569039,91439.81945471997,95608.72989147664,95608.72989147664,88342.3516748848,88821.96017150646,93233.66839871337,87462.42855940235,93280.41608985011
2018-02-12,93753.21050757615,90690.78653101355,95100.18533776996,91878.2496569039,90708.69667083657,95608.72989147664,95608.72989147664,87836.17666689944,88821.96017150646,93233.66839871337,87462.42855940235,93280.41608985011
2018-02-13,93753.21050757615,90690.78653101355,94903.02740927385,91878.2496569039,90708.69667083657,95608.72989147664,95608.72989147664,87836.17666689944,88821.96017150646,93233.66839871337,87462.42855940235,93280.41608985011
2018-02-14,93753.21050757615,90690.78653101355,94903.02740927385,91878.2496569039,90708.69667083657,95608.72989147664,95608.72989147664,87836.17666689944,88821.96017150646,93233.66839871337,87462.42855940235,93280.41608985011
2018-02-15,93753.21050757615,90690.78653101355,94903.02740927385,91493.82556613792,91664.57857441004,95608.72989147664,95608.72989147664,87836.17666689944,88821.96017150646,93233.66839871337,87462.42855940235,93280.41608985011
2018-02-16,93753.21050757615,90690.78653101355,94903.02740927385,91493.82556613792,91664.57857441004,95608.72989147664,95608.72989147664,87836.17666689944,88821.96017150646,93233.66839871337,88145.93936437622,93280.41608985011
2018-02-20,93753.21050757615,90690.78653101355,94903.02740927385,91493.82556613792,91664.57857441004,95608.72989147664,95608.72989147664,87836.17666689944,88821.96017150646,92359.21187317907,87528.11308554301,93280.41608985011
2018-02-21,93753.21050757615,90690.78653101355,94903.02740927385,91493.82556613792,91664.57857441004,95608.72989147664,95608.72989147664,87836.17666689944,88821.96017150646,92359.21187317907,87170.89999307926,93280.41608985011
2018-02-22,93753.21050757615,90690.78653101355,94903.02740927385,91493.82556613792,91664.57857441004,95608.72989147664,95608.72989147664,87836.17666689944,88821.96017150646,92359.21187317907,87170.89999307926,93280.41608985011
2018-02-23,93753.21050757615,90690.78653101355,94903.02740927385,91493.82556613792,91664.57857441004,95608.72989147664,95608.72989147664,87836.17666689944,88821.96017150646,92359.21187317907,86223.31570172423,92967.84031658985
2018-02-26,93753.21050757615,90690.78653101355,94903.02740927385,91493.82556613792,91664.57857441004,95608.72989147664,95608.72989147664,87836.17666689944,88821.96017150646,92359.21187317907,86223.31570172423,92967.84031658985
2018-02-27,93753.21050757615,90690.78653101355,94903.02740927385,91493.82556613792,91664.57857441004,95608.72989147664,95608.72989147664,87836.17666689944,88821.96017150646,92359.21187317907,86223.31570172423,92603.85617794047
2018-02-28,93753.21050757615,90690.78653101355,96689.6167781391,91493.82556613792,91539.2595953194,95608.72989147664,95608.72989147664,90299.34257266863,88821.96017150646,90447.07408189581,86223.31570172423,92275.50780463297
2018-03-01,93753.21050757615,90690.78653101355,96332.21215006255,90953.52462339286,91419.71268501454,95608.72989147664,95608.72989147664,89868.30759788214,88821.96017150646,90447.07408189581,85943.45205303947,92275.50780463297
2018-03-02,93753.21050757615,90690.78653101355,98163.78251289224,90953.52462339286,91419.71268501454,95608.72989147664,95608.72989147664,89868.30759788214,88821.96017150646,90447.07408189581,85688.62904036992,90902.87712474547
2018-03-05,93753.21050757615,90690.78653101355,98163.78251289224,90953.52462339286,91419.71268501454,95608.72989147664,95608.72989147664,89868.30759788214,88821.96017150646,90447.07408189581,85688.62904036992,90902.87712474547
2018-03-06,93753.21050757615,90690.78653101355,98163.78251289224,90953.52462339286,91419.71268501454,95608.72989147664,95608.72989147664,89868.30759788214,88821.96017150646,90447.07408189581,85688.62904036992,90902.87712474547
2018-03-07,93753.21050757615,90690.78653101355,98163.78251289224,90953.52462339286,91419.71268501454,95608.72989147664,95608.72989147664,89868.30759788214,88821.96017150646,90447.07408189581,89389.53369888918,90902.87712474547
2018-03-08,93753.21050757615,90690.78653101355,98163.78251289224,90953.52462339286,91419.71268501454,95608.72989147664,95608.72989147664,89868.30759788214,88821.96017150646,90447.07408189581,89389.53369888918,90902.87712474547
2018-03-09,94252.05119907373,90690.78653101355,98163.78251289224,93630.9430664986,91419.71268501454,95608.72989147664,95608.72989147664,92430.9162049268,88821.96017150646,90447.07408189581,89389.53369888918,90902.87712474547
2018-03-12,98091.9691154786,94271.87094230668,98163.78251289224,96672.5242827146,91419.71268501454,95608.72989147664,95608.72989147664,91521.43127378897,88821.96017150646,94286.99199830068,89389.53369888918,90902.87712474547
2018-03-13,98091.9691154786,94271.87094230668,98163.78251289224,96672.5242827146,91419.71268501454,95608.72989147664,95608.72989147664,91521.43127378897,88821.96017150646,94286.99199830068,89389.53369888918,90902.87712474547
2018-03-14,98091.9691154786,93433.81673821085,98163.78251289224,96079.62251293777,91419.71268501454,95608.72989147664,95608.72989147664,91521.43127378897,88821.96017150646,93448.8033716627,89389.53369888918,90902.87712474547
2018-03-15,98091.9691154786,93433.81673821085,98163.78251289224,96079.62251293777,91419.71268501454,95608.72989147664,95608.72989147664,91521.43127378897,88821.96017150646,93396.20644889688,89389.53369888918,90902.87712474547
2018-03-16,98091.9691154786,93433.81673821085,98163.78251289224,96079.62251293777,91419.71268501454,95608.72989147664,95608.72989147664,91521.43127378897,88821.96017150646,93396.20644889688,89389.53369888918,90902.87712474547
2018-03-19,98091.9691154786,93433.81673821085,98163.78251289224,96079.62251293777,91419.71268501454,95608.72989147664,95608.72989147664,91521.43127378897,88821.96017150646,92757.8262581239,89290.2340243193,90902.87712474547
2018-03-20,98091.9691154786,93433.81673821085,98163.78251289224,96079.62251293777,91419.71268501454,95608.72989147664,95608.72989147664,91521.43127378897,88821.96017150646,92757.8262581239,89290.2340243193,90902.87712474547
2018-03-21,98091.9691154786,93433.81673821085,100901.9305075624,96079.62251293777,91419.71268501454,95608.72989147664,95608.72989147664,91521.43127378897,88821.96017150646,92757.8262581239,89290.2340243193,90902.87712474547
2018-03-22,98091.9691154786,93433.81673821085,99651.85661642574,96079.62251293777,91419.71268501454,95608.72989147664,95608.72989147664,91521.43127378897,88821.96017150646,92757.8262581239,88108.64536365007,90455.13443880076
2018-03-23,96874.90677854838,92762.49534931133,99226.55461156172,95440.41196950406,91419.71268501454,95608.72989147664,95608.72989147664,90580.59866422159,87904.77434791482,92757.8262581239,87691.78552198393,89860.70696963136
2018-03-26,96874.90677854838,92762.49534931133,99226.55461156172,95440.41196950406,91419.71268501454,95608.72989147664,95608.72989147664,90580.59866422159,87904.77434791482,92757.8262581239,87691.78552198393,89860.70696963136
2018-03-27,96874.90677854838,92762.49534931133,99226.55461156172,95440.41196950406,91281.05005343886,95608.72989147664,95608.72989147664,90080.64058289067,87572.37928251071,92614.15274388039,91052.57690109267,89860.70696963136
2018-03-28,96874.90677854838,92762.49534931133,99226.55461156172,95440.41196950406,89415.97866187667,95608.72989147664,95608.72989147664,88475.41958997598,86831.66081627621,92614.15274388039,90200.95535413375,88924.02644853118
2018-03-29,96874.90677854838,92762.49534931133,99226.55461156172,95440.41196950406,90369.05313203906,95608.72989147664,95608.72989147664,89428.49406013837,86831.66081627621,94417.75735636934,89817.70545751699,88924.02644853118
2018-04-02,96874.90677854838,92762.49534931133,99088.09612416859,94917.21429870582,89090.13636886542,95608.72989147664,95608.72989147664,88507.04956849582,86831.66081627621,93689.46945970439,88991.46862291625,88924.02644853118
2018-04-03,96874.90677854838,92762.49534931133,99088.09612416859,94917.21429870582,89090.13636886542,97083.72703014748,97083.72703014748,88507.04956849582,86831.66081627621,93689.46945970439,88991.46862291625,90818.18586838512
2018-04-04,96874.90677854838,92762.49534931133,99088.09612416859,94917.21429870582,89090.13636886542,97083.72703014748,97083.72703014748,87647.00680024612,85852.33871116709,96222.33524170548,88991.46862291625,90818.18586838512
2018-04-05,96874.90677854838,92762.49534931133,99088.09612416859,94917.21429870582,89090.13636886542,97083.72703014748,97083.72703014748,87647.00680024612,85852.33871116709,96222.33524170548,88650.39646248355,90818.18586838512
2018-04-06,96874.90677854838,92762.49534931133,99088.09612416859,94917.21429870582,89090.13636886542,97083.72703014748,97083.72703014748,87368.04378217034,85852.33871116709,94912.37256561696,88109.83819483664,90818.18586838512
2018-04-09,96874.90677854838,92762.49534931133,99088.09612416859,94917.21429870582,89090.13636886542,97083.72703014748,97083.72703014748,87368.04378217034,85852.33871116709,94912.37256561696,88109.83819483664,90309.40723706805
2018-04-10,100636.44586944468,96390.81266444935,99088.09612416859,94917.21429870582,89090.13636886542,97083.72703014748,97083.72703014748,87368.04378217034,85852.33871116709,94912.37256561696,88109.83819483664,90309.40723706805
2018-04-11,100636.44586944468,96390.81266444935,99088.09612416859,94917.21429870582,89090.13636886542,97083.72703014748,97083.72703014748,87368.04378217034,85852.33871116709,94912.37256561696,87826.34565236703,90005.66002319947
2018-04-12,100636.44586944468,96390.81266444935,99088.09612416859,94917.21429870582,89090.13636886542,95981.9793371626,95981.9793371626,86979.39078759518,85852.33871116709,94912.37256561696,87826.34565236703,90005.66002319947
2018-04-13,100636.44586944468,96390.81266444935,99088.09612416859,94917.21429870582,89090.13636886542,95981.9793371626,95981.9793371626,86979.39078759518,85737.70447459692,94912.37256561696,87627.03171329937,90005.66002319947
2018-04-16,100636.44586944468,96390.81266444935,99088.09612416859,94917.21429870582,92567.88917161513,95981.9793371626,95981.9793371626,86317.28062746907,85737.70447459692,94912.37256561696,87273.9871288833,89667.52473864784
2018-04-17,100636.44586944468,96390.81266444935,102854.06344313799,94917.21429870582,92567.88917161513,95981.9793371626,95981.9793371626,86317.28062746907,85737.70447459692,97931.16937874863,87273.9871288833,89667.52473864784
2018-04-18,100636.44586944468,96390.81266444935,102854.06344313799,94917.21429870582,92543.4771048632,95981.9793371626,95981.9793371626,88723.98056678292,85737.70447459692,97931.16937874863,87273.9871288833,89667.52473864784
2018-04-19,100636.44586944468,96390.81266444935,102854.06344313799,94439.49760864287,92543.4771048632,95981.9793371626,95981.9793371626,88723.98056678292,85737.70447459692,97931.16937874863,86975.15209228179,89667.52473864784
2018-04-20,100636.44586944468,96390.81266444935,102854.06344313799,94439.49760864287,92502.43351063391,95981.9793371626,95981.9793371626,88433.00939903567,85737.70447459692,97720.83788735681,86306.07178965054,89378.21597077511
2018-04-23,100636.44586944468,96390.81266444935,102854.06344313799,94439.49760864287,92502.43351063391,95981.9793371626,95981.9793371626,88433.00939903567,85737.70447459692,97720.83788735681,85816.14046288434,89378.21597077511
2018-04-24,100636.44586944468,96390.81266444935,102854.06344313799,94401.18004962518,92502.43351063391,95981.9793371626,95981.9793371626,88280.9753746174,85737.70447459692,97414.94293887276,85384.41894372743,88990.63976787332
2018-04-25,100636.44586944468,96390.81266444935,102168.87634351868,94401.18004962518,92093.8124152393,95981.9793371626,95981.9793371626,87175.09527012154,85737.70447459692,96090.3975895281,85094.45760642664,88526.53396331212
2018-04-26,99818.77059078522,95593.62863901748,102081.51346782806,94401.18004962518,92093.8124152393,95981.9793371626,95981.9793371626,86947.28635633946,85737.70447459692,97822.81769153521,84855.85249323973,88526.53396331212
2018-04-27,98815.12415276405,95593.62863901748,102081.51346782806,94401.18004962518,92016.44910111841,95981.9793371626,95981.9793371626,86947.28635633946,85737.70447459692,96568.6757315112,84855.85249323973,88526.53396331212
2018-04-30,98815.12415276405,95593.62863901748,101406.74078174474,94401.18004962518,92016.44910111841,95981.9793371626,95981.9793371626,86947.28635633946,85737.70447459692,96568.6757315112,84855.85249323973,88526.53396331212
2018-05-01,97929.55818900676,94739.42661097691,103478.71119956605,93432.42455466055,92381.5483435241,95981.9793371626,95981.9793371626,86809.5563156634,85737.70447459692,97968.60258280416,84548.12030415735,88300.14148272284
2018-05-02,97929.55818900676,96356.4078722232,103478.71119956605,93432.42455466055,92381.5483435241,95981.9793371626,95981.9793371626,86809.5563156634,85737.70447459692,97861.19162154084,84548.12030415735,88122.84825402554
2018-05-03,100909.2754157801,98675.23855205264,105423.77968494708,93432.42455466055,96917.87097007138,95981.9793371626,95981.9793371626,86809.5563156634,85737.70447459692,97861.19162154084,84548.12030415735,88601.15338769546
2018-05-04,100909.2754157801,98675.23855205264,105423.77968494708,93432.42455466055,96503.39921360128,95981.9793371626,95981.9793371626,86809.5563156634,85737.70447459692,97861.19162154084,84548.12030415735,88181.32053949575
2018-05-07,100909.2754157801,98675.23855205264,105526.9983523077,93432.42455466055,96503.39921360128,98256.78153605749,98256.78153605749,88209.1116318734,85737.70447459692,97861.19162154084,84142.09544118131,87815.33746128507
2018-05-08,100909.2754157801,98675.23855205264,105526.9983523077,93432.42455466055,95810.10190388147,100243.27621888454,100243.27621888454,87315.35018460227,90124.1151122401,99689.44722770591,84142.09544118131,87417.93152885606
2018-05-09,103984.1946386358,98675.23855205264,109414.28411875457,95442.0994338662,95582.91849490786,100243.27621888454,100243.27621888454,88838.93173284848,90124.1151122401,99689.44722770591,83791.50693364683,90838.58478868195
2018-05-10,105866.12988198582,98675.23855205264,108277.16417275147,97089.96229802739,95582.91849490786,100243.27621888454,100243.27621888454,88838.93173284848,90124.1151122401,104562.27958469164,87331.33244894193,90838.58478868195
2018-05-11,105866.12988198582,98675.23855205264,108277.16417275147,97089.96229802739,95582.91849490786,99531.56494429629,99531.56494429629,88838.93173284848,90124.1151122401,103489.8459914622,87331.33244894193,90838.58478868195
2018-05-14,105698.52604594112,98675.23855205264,107770.39777369499,97089.96229802739,95582.91849490786,99531.56494429629,99531.56494429629,88838.93173284848,90124.1151122401,102678.22296979184,86907.1450732841,90838.58478868195
2018-05-15,105698.52604594112,98675.23855205264,107238.49132913302,97828.97527874073,94573.56931578719,99014.15440018706,99014.15440018706,88838.93173284848,89757.58154458679,102678.22296979184,86430.95028580265,90797.66859559783
2018-05-16,108543.77190352054,98675.23855205264,108182.36000242672,97828.97527874073,94573.56931578719,99014.15440018706,99014.15440018706,91542.57397026413,93218.44268640545,102678.22296979184,86430.95028580265,90797.66859559783
2018-05-17,111072.56084954478,98675.23855205264,108182.36000242672,98301.66464920864,94573.56931578719,99014.15440018706,99014.15440018706,91542.57397026413,93218.44268640545,102678.22296979184,86430.95028580265,90797.66859559783
2018-05-18,111072.56084954478,98675.23855205264,111986.10885659486,98301.66464920864,94573.56931578719,99014.15440018706,99014.15440018706,90691.93788844672,93218.44268640545,102678.22296979184,86430.95028580265,90797.66859559783
2018-05-21,111072.56084954478,98675.23855205264,111515.75821022643,98301.66464920864,94573.56931578719,99014.15440018706,99014.15440018706,90691.93788844672,93277.38432196739,102678.22296979184,89853.61589857437,90797.66859559783
2018-05-22,111072.56084954478,98675.23855205264,111515.75821022643,98301.66464920864,94144.07329534813,99014.15440018706,99014.15440018706,90691.93788844672,92443.20584676637,102678.22296979184,89853.61589857437,90797.66859559783
2018-05-23,111555.08929810504,98675.23855205264,111398.51510516266,98301.66464920864,94144.07329534813,99014.15440018706,99014.15440018706,90691.93788844672,92443.20584676637,104502.400293892,89796.13957236634,90797.66859559783
2018-05-24,110474.09589263816,98675.23855205264,111398.51510516266,98301.66464920864,94144.07329534813,99014.15440018706,99014.15440018706,90691.93788844672,91433.1364013565,104502.400293892,89722.62310514782,90797.66859559783
2018-05-25,111895.62529931062,100876.84346295097,110550.02513339538,98301.66464920864,94144.07329534813,99014.15440018706,99014.15440018706,90928.22821245658,91433.1364013565,106779.04650419488,89722.62310514782,90442.6263095345
2018-05-29,111895.62529931062,100876.84346295097,109338.40897418051,97859.04990455908,94144.07329534813,98290.25288799619,98290.25288799619,90170.3777173483,90997.08209205422,106779.04650419488,89722.62310514782,90250.57557560738
2018-05-30,111895.62529931062,102813.98701218919,109338.40897418051,97859.04990455908,94144.07329534813,98290.25288799619,98290.25288799619,92035.27308275181,90997.08209205422,107981.16925421068,92591.60951857221,90250.57557560738
2018-05-31,111895.62529931062,102813.98701218919,109284.4927279654,97859.04990455908,96518.00750004858,98290.25288799619,98290.25288799619,94032.86865247847,90997.08209205422,110458.12482373924,91901.49931397718,90250.57557560738
2018-06-01,113218.00450595909,103282.20854305435,109284.4927279654,101373.58512816818,96518.00750004858,98290.25288799619,98290.25288799619,95777.74807128373,90827.43343251622,111647.7481675657,91901.49931397718,90250.57557560738
2018-06-04,116218.44219595926,103282.20854305435,109284.4927279654,101373.58512816818,96449.7136671713,98290.25288799619,98290.25288799619,96305.70819038864,90827.43343251622,111647.7481675657,94252.1356220833,90250.57557560738
2018-06-05,116218.44219595926,103282.20854305435,109985.86936134785,101373.58512816818,96412.63146444627,98290.25288799619,98290.25288799619,96305.70819038864,90827.43343251622,112071.91613556452,97584.16258349914,90250.57557560738
2018-06-06,118198.65092298466,105177.14998960435,109985.86936134785,106114.84664318497,96052.36522958415,98290.25288799619,98290.25288799619,96305.70819038864,90171.46367447163,112071.91613556452,97252.54791041627,90250.57557560738
2018-06-07,117107.0149077643,104444.65568924013,109985.86936134785,105143.85076858864,95999.22160994002,98290.25288799619,98290.25288799619,95650.00642329748,90017.31047017907,112071.91613556452,96110.85518053659,90250.57557560738
2018-06-08,117107.0149077643,104444.65568924013,109985.86936134785,105143.85076858864,95999.22160994002,98290.25288799619,98290.25288799619,95650.00642329748,90017.31047017907,112071.91613556452,96110.85518053659,90250.57557560738
2018-06-11,117107.0149077643,104444.65568924013,109985.86936134785,105143.85076858864,95999.22160994002,98290.25288799619,98290.25288799619,95650.00642329748,90017.31047017907,112071.91613556452,96110.85518053659,90056.56493629653
2018-06-12,117107.0149077643,107168.47028670067,109985.86936134785,105143.85076858864,95817.17112970768,98290.25288799619,98290.25288799619,95399.93238884506,91889.92318860226,112580.06936077202,96110.85518053659,90056.56493629653
2018-06-13,117107.0149077643,107168.47028670067,109985.86936134785,104649.84602497725,95325.2595709054,98290.25288799619,98290.25288799619,94905.03315898968,91786.63649328722,112580.06936077202,96110.85518053659,87526.63225808955
2018-06-14,122354.35861179295,114120.13046101658,109985.86936134785,104649.84602497725,95325.2595709054,98290.25288799619,98290.25288799619,100502.71990447678,91786.63649328722,112401.15993697796,96110.85518053659,87526.63225808955
2018-06-15,122354.35861179295,113811.34809634088,109985.86936134785,104649.84602497725,95325.2595709054,98290.25288799619,98290.25288799619,99471.80324862507,91786.63649328722,112401.15993697796,96110.85518053659,87526.63225808955
2018-06-18,123943.85111924513,116589.30724828872,109985.86936134785,103978.81057857916,95325.2595709054,98290.25288799619,98290.25288799619,101615.23793659167,91786.63649328722,112401.15993697796,99428.9988371293,87526.63225808955
2018-06-19,123943.85111924513,116589.30724828872,111369.62937138883,102838.16900699318,95325.2595709054,98290.25288799619,98290.25288799619,102937.09872875837,91254.5308028524,112401.15993697796,99428.9988371293,87306.91445803862
2018-06-20,124521.92020010263,116589.30724828872,111369.62937138883,105433.27827301889,95325.2595709054,98290.25288799619,98290.25288799619,102937.09872875837,91254.5308028524,112401.15993697796,102987.20200743235,87652.22024876163
2018-06-21,123399.80210150607,115251.10714389026,111369.62937138883,105110.21049257492,95325.2595709054,98290.25288799619,98290.25288799619,102705.55203193141,91254.5308028524,111567.2917419389,102549.98271261204,87024.73074830335
2018-06-22,123399.80210150607,114366.50471216574,110213.86856479307,105110.21049257492,96231.52944212791,98290.25288799619,98290.25288799619,102258.94796554148,91254.5308028524,111567.2917419389,102039.45177635181,86755.01856925804
2018-06-25,120304.41875202672,112157.50917142314,108840.00864729124,103327.6509194083,94283.82307066508,98290.25288799619,98290.25288799619,101058.7192871255,91254.5308028524,111567.2917419389,101584.65815896259,86262.18995038728
2018-06-26,120304.41875202672,112157.50917142314,108424.5384935543,103327.6509194083,96621.82209271625,98290.25288799619,98290.25288799619,100916.9439453163,91254.5308028524,111567.2917419389,100601.00554001646,86262.18995038728
2018-06-27,123788.83668246678,110656.08263796578,107460.22239895446,102782.74661566204,96283.28174790282,98237.24446651635,98237.24446651635,103215.96726000743,91254.5308028524,110540.12878537641,104251.68437010136,86321.16651162226
2018-06-28,122807.58760978446,109733.0586348469,106889.97777615019,101906.23632264769,94866.94225652669,98237.24446651635,98237.24446651635,103156.9060907814,91254.5308028524,110540.12878537641,103366.67335816221,86246.90617104733
2018-06-29,122807.58760978446,109733.0586348469,106645.24254993533,101906.23632264769,94616.16785649721,98237.24446651635,98237.24446651635,102878.8560538469,90389.40902742556,113277.44375328321,103366.67335816221,86246.90617104733
2018-07-02,122807.58760978446,108738.3021763195,105527.63950197875,101906.23632264769,94464.66667347847,98237.24446651635,98237.24446651635,102061.73968922405,89807.8817186711,112964.53861781736,102285.27476631844,85979.31965458069
2018-07-03,122807.58760978446,108738.3021763195,105527.63950197875,101906.23632264769,97709.41264062305,98237.24446651635,98237.24446651635,102061.73968922405,89807.8817186711,112964.53861781736,102285.27476631844,85979.31965458069
2018-07-05,122807.58760978446,108738.3021763195,105527.63950197875,101906.23632264769,97709.41264062305,98237.24446651635,98237.24446651635,104248.75045124303,89807.8817186711,112964.53861781736,102285.27476631844,85530.35699963743
2018-07-06,122807.58760978446,108738.3021763195,105527.63950197875,101906.23632264769,97184.08227945319,98237.24446651635,98237.24446651635,104248.75045124303,89807.8817186711,112964.53861781736,102285.27476631844,85530.35699963743
2018-07-09,122045.15490611868,108738.3021763195,105527.63950197875,101906.23632264769,103533.40996424112,100509.50404406007,100509.50404406007,108852.38569500187,89577.89858901482,112964.53861781736,106132.8726939496,85530.35699963743
2018-07-10,122045.15490611868,108738.3021763195,105527.63950197875,101503.43101145868,103241.31923573288,100509.50404406007,100509.50404406007,108852.38569500187,90004.0281936625,112964.53861781736,105661.76021506911,85229.44536243168
2018-07-11,122045.15490611868,108738.3021763195,105527.63950197875,101503.43101145868,106621.97831279959,100509.50404406007,100509.50404406007,109248.36867325318,89427.13412961268,112964.53861781736,105661.76021506911,84983.2312257683
2018-07-12,122045.15490611868,110943.31323129045,105446.14669603773,101503.43101145868,105936.52251365296,100509.50404406007,100509.50404406007,108997.37426948923,89427.13412961268,112964.53861781736,105661.76021506911,84983.2312257683
2018-07-13,122045.15490611868,110943.31323129045,105446.14669603773,101503.43101145868,105936.52251365296,100509.50404406007,100509.50404406007,108997.37426948923,89427.13412961268,112964.53861781736,105661.76021506911,84983.2312257683
2018-07-16,122045.15490611868,110943.31323129045,105446.14669603773,101503.43101145868,105936.52251365296,100509.50404406007,100509.50404406007,108294.92669920014,89335.21405547929,111958.18900816752,105563.69898772912,84752.07320796902
2018-07-17,122045.15490611868,110943.31323129045,105446.14669603773,101421.61748695544,105936.52251365296,100509.50404406007,100509.50404406007,107709.19351897684,89335.21405547929,111839.85790762381,105563.69898772912,84344.14481972235
2018-07-18,122045.15490611868,110077.13166744774,105162.81886996384,101421.61748695544,105936.52251365296,100509.50404406007,100509.50404406007,107709.19351897684,89256.67542394965,111839.85790762381,105460.35129615139,84344.14481972235
2018-07-19,122045.15490611868,110077.13166744774,105162.81886996384,101313.99681482094,105936.52251365296,100509.50404406007,100509.50404406007,107709.19351897684,89224.16789654552,111839.85790762381,105460.35129615139,83905.27137210617
2018-07-20,122045.15490611868,109335.87914133172,105162.81886996384,101313.99681482094,105936.52251365296,100509.50404406007,100509.50404406007,107709.19351897684,89224.16789654552,112770.35081285892,105285.16681624274,83905.27137210617
2018-07-23,122045.15490611868,108534.99286640843,105162.81886996384,101313.99681482094,105936.52251365296,100509.50404406007,100509.50404406007,107709.19351897684,89224.16789654552,112770.35081285892,105285.16681624274,83709.70170863555
2018-07-24,122045.15490611868,110800.58643917958,104474.63637009758,101313.99681482094,104775.98976104816,100509.50404406007,100509.50404406007,107445.71630113515,89224.16789654552,111586.017833678,104237.44708980147,83223.47256507698
2018-07-25,122045.15490611868,110800.58643917958,104474.63637009758,101313.99681482094,104775.98976104816,100509.50404406007,100509.50404406007,107073.68194126025,89224.16789654552,110427.55982756383,104118.66992912254,83052.58342896843
2018-07-26,125997.12841155812,114117.22497998062,108444.77404448738,103933.85031999006,104775.98976104816,104343.52394622586,104343.52394622586,110295.58938076923,88481.49148121609,110427.55982756383,104118.66992912254,83052.58342896843
2018-07-27,125997.12841155812,112993.00598259992,107792.10396309612,103933.85031999006,104431.39924201112,104343.52394622586,104343.52394622586,109326.85618374718,87889.13845002976,110427.55982756383,103881.4275390097,83052.58342896843
2018-07-30,124883.05565423532,112105.82405908481,107504.00507275871,103796.96638622362,103810.62455166143,104343.52394622586,104343.52394622586,108351.61720067599,86980.8210163095,109453.48169651534,103182.21430841628,81789.99130147543
2018-07-31,127371.66736769516,112830.68512607257,106883.46887732737,103796.96638622362,103443.2228260461,103472.44143506249,103472.44143506249,107328.79965943233,85713.23857045126,112027.72674192901,103182.21430841628,81552.17822866086
2018-08-01,127371.66736769516,112104.50421097566,106883.46887732737,104363.24825153704,103443.2228260461,103472.44143506249,103472.44143506249,107328.79965943233,85489.90796349417,112027.72674192901,103182.21430841628,83316.7544129141
2018-08-02,127371.66736769516,112104.50421097566,106883.46887732737,103926.33183163621,107161.37483441018,104417.40280332367,104417.40280332367,106896.97395391716,85357.61774891111,111947.2774787081,106982.92541093241,83316.7544129141
2018-08-03,127371.66736769516,112104.50421097566,106883.46887732737,103926.33183163621,109163.06736239763,104417.40280332367,104417.40280332367,108973.85487899651,85357.61774891111,111947.2774787081,106468.1191458043,83316.7544129141
2018-08-06,126107.96470809946,112104.50421097566,106883.46887732737,103926.33183163621,109163.06736239763,104417.40280332367,104417.40280332367,107846.75524598015,85357.61774891111,111947.2774787081,105797.13920757739,83316.7544129141
2018-08-07,130476.07188464995,117972.9403622868,116123.32976133264,103926.33183163621,109163.06736239763,105851.79461428768,105851.79461428768,121804.77887648265,85357.61774891111,111947.2774787081,105196.99384086143,83316.7544129141
2018-08-08,130476.07188464995,117972.9403622868,116123.32976133264,103703.52399625206,109107.67950808785,105851.79461428768,105851.79461428768,121804.77887648265,85028.84774165081,111947.2774787081,104350.41103818327,83316.7544129141
2018-08-09,130476.07188464995,117144.54685507966,114918.74372616349,103703.52399625206,113194.82785772017,105851.79461428768,105851.79461428768,122036.21668676147,85028.84774165081,111947.2774787081,104350.41103818327,83316.7544129141
2018-08-10,132866.08442417314,117144.54685507966,114918.74372616349,103703.52399625206,113194.82785772017,104794.91077412805,104794.91077412805,122036.21668676147,85028.84774165081,111947.2774787081,103883.83131562793,83316.7544129141
2018-08-13,132866.08442417314,115985.1810286652,114114.1356808818,103060.7330213163,113194.82785772017,104794.91077412805,104794.91077412805,121181.77537824973,84129.31738909184,111899.69691058889,103580.95116969732,83316.7544129141
2018-08-14,132866.08442417314,115985.1810286652,114647.71012378413,103060.7330213163,113194.82785772017,104076.60376667205,104076.60376667205,121181.77537824973,84129.31738909184,111899.69691058889,103580.95116969732,83316.7544129141
2018-08-15,131954.23455418728,115985.1810286652,114647.71012378413,103060.7330213163,113194.82785772017,102830.67701014284,102830.67701014284,120330.52602518545,84129.31738909184,110882.88168053204,103033.351135943,83316.7544129141
2018-08-16,131954.23455418728,115985.1810286652,114647.71012378413,103060.7330213163,113194.82785772017,102830.67701014284,102830.67701014284,120330.52602518545,84129.31738909184,110882.88168053204,102290.57890406759,83316.7544129141
2018-08-17,131954.23455418728,115985.1810286652,114553.24615782949,103060.7330213163,113194.82785772017,102830.67701014284,102830.67701014284,120330.52602518545,84129.31738909184,111126.29127412342,102083.85731081474,83316.7544129141
2018-08-20,131954.23455418728,115985.1810286652,114553.24615782949,103060.7330213163,113194.82785772017,102830.67701014284,102830.67701014284,120330.52602518545,84129.31738909184,111126.29127412342,102083.85731081474,83316.7544129141
2018-08-21,132913.41394973517,115985.1810286652,114487.00176107392,103060.7330213163,113194.82785772017,102830.67701014284,102830.67701014284,120330.52602518545,84129.31738909184,111126.29127412342,102083.85731081474,86656.78252967681
2018-08-22,132913.41394973517,115985.1810286652,114487.00176107392,103060.7330213163,113194.82785772017,103549.28578982716,103549.28578982716,120330.52602518545,84809.38993228557,111126.29127412342,102083.85731081474,86609.10525020758
2018-08-23,132913.41394973517,115985.1810286652,114487.00176107392,103060.7330213163,113194.82785772017,102333.85046008354,102333.85046008354,120330.52602518545,84809.38993228557,111126.29127412342,102083.85731081474,86609.10525020758
2018-08-24,132913.41394973517,115985.1810286652,114487.00176107392,103060.7330213163,113194.82785772017,101273.21520407658,101273.21520407658,120330.52602518545,84809.38993228557,111126.29127412342,102083.85731081474,86609.10525020758
2018-08-27,132913.41394973517,118255.07884563175,114487.00176107392,103060.7330213163,116366.30334283336,101273.21520407658,101273.21520407658,122695.20922457353,84809.38993228557,111126.29127412342,102083.85731081474,86609.10525020758
2018-08-28,132913.41394973517,118255.07884563175,114487.00176107392,103060.7330213163,116366.30334283336,101273.21520407658,101273.21520407658,122695.20922457353,84809.38993228557,110678.58156298986,102083.85731081474,86609.10525020758
2018-08-29,132913.41394973517,118255.07884563175,114487.00176107392,103060.7330213163,116366.30334283336,101273.21520407658,101273.21520407658,123935.38217545477,84809.38993228557,110678.58156298986,102083.85731081474,87029.33741691727
2018-08-30,132913.41394973517,118255.07884563175,114487.00176107392,103060.7330213163,116366.30334283336,101273.21520407658,101273.21520407658,125829.36588869583,84809.38993228557,110678.58156298986,105889.84715534083,87000.58565832487
2018-08-31,136873.10765703343,118255.07884563175,117426.03450765315,103060.7330213163,118956.83545987742,101273.21520407658,101273.21520407658,128517.20463738899,85152.34432267437,110678.58156298986,105889.84715534083,86979.25166721009
2018-09-04,136873.10765703343,120283.21179986,117426.03450765315,103060.7330213163,118956.83545987742,101273.21520407658,101273.21520407658,128517.20463738899,85152.34432267437,110678.58156298986,105889.84715534083,86907.99761893813
2018-09-05,136873.10765703343,119624.44642115521,117426.03450765315,102462.91380579557,118956.83545987742,100501.86068463685,100501.86068463685,128517.20463738899,85152.34432267437,110678.58156298986,105889.84715534083,86907.99761893813
2018-09-06,136873.10765703343,119624.44642115521,117274.69718691574,102462.91380579557,118956.83545987742,100501.86068463685,100501.86068463685,128517.20463738899,85152.34432267437,108707.08986370887,105499.73530837678,86546.4994273911
2018-09-07,136873.10765703343,117752.31962525906,117191.84190720701,102462.91380579557,118956.83545987742,99725.21397015861,99725.21397015861,127456.67553168419,84442.76021530449,108534.71338029766,105499.73530837678,86390.75858352787
2018-09-10,136873.10765703343,117752.31962525906,117191.84190720701,102462.91380579557,118956.83545987742,99725.21397015861,99725.21397015861,127456.67553168419,84442.76021530449,107846.13212798699,105499.73530837678,86390.75858352787
2018-09-11,136873.10765703343,117752.31962525906,117191.84190720701,102249.90306634922,118956.83545987742,99725.21397015861,99725.21397015861,127456.67553168419,84442.76021530449,107846.13212798699,106313.46794349239,86390.75858352787
2018-09-12,136873.10765703343,122250.24927524845,117191.84190720701,102249.90306634922,118956.83545987742,99725.21397015861,99725.21397015861,126725.07307531999,84442.76021530449,106830.41539954171,106313.46794349239,86390.75858352787
2018-09-13,136873.10765703343,122250.24927524845,117191.84190720701,102249.90306634922,118956.83545987742,99725.21397015861,99725.21397015861,126725.07307531999,84442.76021530449,106830.41539954171,106313.46794349239,86390.75858352787
2018-09-14,136873.10765703343,122250.24927524845,116809.16104878605,102249.90306634922,118956.83545987742,99725.21397015861,99725.21397015861,126725.07307531999,86150.23495470601,106761.80319278303,106313.46794349239,86390.75858352787
2018-09-17,136873.10765703343,121384.03621209647,115839.53941477172,102249.90306634922,118573.18759981003,99725.21397015861,99725.21397015861,125845.38069034483,86150.23495470601,106761.80319278303,105831.51261892587,86390.75858352787
2018-09-18,136873.10765703343,121384.03621209647,115809.86712673792,102249.90306634922,118573.18759981003,99725.21397015861,99725.21397015861,125845.38069034483,86150.23495470601,106761.80319278303,105662.12812156223,86390.75858352787
2018-09-19,137390.03406293364,121384.03621209647,115783.02565613324,106255.0445853248,118114.43380622393,99725.21397015861,99725.21397015861,125845.38069034483,85299.93228347493,106360.85493117754,105307.03129828471,87866.03464452327
2018-09-20,136942.03562426256,121384.03621209647,115783.02565613324,106255.0445853248,117952.33855361043,98762.64411987232,98762.64411987232,125845.38069034483,85299.93228347493,106360.85493117754,105307.03129828471,87866.03464452327
2018-09-21,136942.03562426256,120316.29545027587,115218.28227538135,106255.0445853248,117952.33855361043,98762.64411987232,98762.64411987232,125240.52307186491,85299.93228347493,106360.85493117754,105307.03129828471,87866.03464452327
2018-09-24,136942.03562426256,120316.29545027587,114913.3578357402,106727.1642534293,119796.53393516259,98235.693190172,98235.693190172,125240.52307186491,85029.88358256001,106170.15652672897,105307.03129828471,87866.03464452327
2018-09-25,136942.03562426256,120316.29545027587,115481.68689632458,106727.1642534293,119796.53393516259,98235.693190172,98235.693190172,125240.52307186491,84783.78283864063,106170.15652672897,105307.03129828471,87866.03464452327
2018-09-26,136942.03562426256,120316.29545027587,115481.68689632458,105300.6919949836,119436.05924032954,97955.98256176453,97955.98256176453,124925.81246407628,84444.68005731278,105429.24128465516,105307.03129828471,87707.21542556655
2018-09-27,136942.03562426256,120316.29545027587,115481.68689632458,105300.6919949836,119436.05924032954,97456.61986816053,97456.61986816053,124925.81246407628,84444.68005731278,105429.24128465516,105307.03129828471,87707.21542556655
2018-09-28,136942.03562426256,120316.29545027587,115481.68689632458,104813.65479729067,123679.64966077785,97456.61986816053,97456.61986816053,124925.81246407628,84444.68005731278,105429.24128465516,105307.03129828471,87707.21542556655
2018-10-01,143546.1001153541,120316.29545027587,115122.94564940874,104813.65479729067,123598.16836320779,97456.61986816053,97456.61986816053,124925.81246407628,84444.68005731278,105429.24128465516,105307.03129828471,87707.21542556655
2018-10-02,143059.14246626612,119601.87110071682,117417.00049010718,103285.3359625885,123486.48358613798,96733.24217531655,96733.24217531655,124200.27080846902,84444.68005731278,105429.24128465516,105307.03129828471,87561.93194635143
2018-10-03,141666.24562126267,118347.28277667386,117417.00049010718,103285.3359625885,123051.46717534347,96219.97117252208,96219.97117252208,123473.34044910545,84444.68005731278,105429.24128465516,107209.16218800054,87561.93194635143
2018-10-04,139120.0783142401,117209.89314010249,116497.85073854479,102778.76316271113,120005.89174007527,95275.5589979107,95275.5589979107,123219.34651739412,84444.68005731278,104154.27768629881,105169.63983380016,87298.62996421568
2018-10-05,139120.0783142401,117209.89314010249,115685.70944604973,102778.76316271113,119245.95881808516,94784.0382782108,94784.0382782108,123036.56183406402,84193.99025503082,103164.7233641539,103909.56196542513,87081.0890401937
2018-10-08,139120.0783142401,116990.23921492972,114549.07586497137,102778.76316271113,119015.91881274153,94784.0382782108,94784.0382782108,121319.90227540447,84152.19909489912,103021.15807869475,102697.5337503589,86873.17371110653
2018-10-09,139120.0783142401,116773.00780070716,114549.07586497137,102169.04419774092,119015.91881274153,94784.0382782108,94784.0382782108,120591.91289544688,83989.02621303116,103021.15807869475,102697.5337503589,86873.17371110653
2018-10-10,135134.16119204575,114277.46094902074,112523.04365051036,100233.16818771545,117428.26647084349,93166.46548654165,93166.46548654165,116525.03027057754,82972.9412219383,102439.16707736248,100670.47071552643,86677.4647310555
2018-10-11,133701.35054382437,111755.58221709689,111184.17804354399,99721.05205185383,116195.32285277138,92045.37820917663,91959.15057893329,115604.24041335718,82522.87134861878,102439.16707736248,98532.9710381067,86301.3249195037
2018-10-12,131003.28777349193,110825.27403407183,111184.17804354399,99721.05205185383,114575.09219377414,89794.46108291428,89708.23345267093,115604.24041335718,81716.32201898195,101313.66051463621,98173.20442118381,85986.21886540689
2018-10-15,131003.28777349193,110688.2757031957,111184.17804354399,99721.05205185383,114209.25486811396,89794.46108291428,89708.23345267093,115604.24041335718,81716.32201898195,101313.66051463621,98173.20442118381,85986.21886540689
2018-10-16,131003.28777349193,110531.61663735597,111184.17804354399,99721.05205185383,114209.25486811396,89794.46108291428,89708.23345267093,115604.24041335718,81716.32201898195,101313.66051463621,98173.20442118381,85986.21886540689
2018-10-17,129614.22544729421,110531.61663735597,110945.8200277696,99721.05205185383,113321.90777419491,89794.46108291428,89708.23345267093,115604.24041335718,81716.32201898195,104227.32942907205,98173.20442118381,85986.21886540689
2018-10-18,129614.22544729421,109798.59349741467,110083.8412624544,99721.05205185383,113321.90777419491,89794.46108291428,89708.23345267093,115604.24041335718,81716.32201898195,104227.32942907205,98173.20442118381,85986.21886540689
2018-10-19,128281.71372493735,109798.59349741467,109788.0099148333,99056.44144734448,113321.90777419491,89794.46108291428,89708.23345267093,115604.24041335718,81213.44053495978,101806.57454220712,98173.20442118381,89215.68510576266
2018-10-22,126134.00737942975,108635.57869163896,110831.51684817084,98623.3835174055,113321.90777419491,89794.46108291428,89708.23345267093,114872.88979881743,80361.25437341565,101806.57454220712,98173.20442118381,88977.88623346099
2018-10-23,126134.00737942975,108635.57869163896,109810.60894852129,97683.01259505861,113321.90777419491,89338.44504774398,89252.64461094403,114318.52808654812,79875.52041905855,101806.57454220712,97695.42566757742,88727.25511643398
2018-10-24,123953.66188189649,106424.5774943516,109172.424783985,97401.46238840745,113321.90777419491,88973.97639369866,88888.52594806695,113064.36310801814,78720.03137369399,100106.88370402939,97383.209148886,88727.25511643398
2018-10-25,123707.6666269457,105904.1800966808,108059.24659967213,97401.46238840745,113321.90777419491,88973.97639369866,88888.52594806695,112164.71301843513,78281.16264371485,100106.88370402939,96308.40297202424,91614.96325960866
2018-10-26,121998.49752475612,104769.03376635996,106174.92180049488,96102.63968185728,112916.89287785008,88084.90416067213,88000.35253355051,109809.06374783152,77298.53591893979,99341.27294723032,95125.51883307593,90872.89772081154
2018-10-29,121998.49752475612,104769.03376635996,105084.14373051608,95065.55628353647,112916.89287785008,88084.90416067213,88000.35253355051,108680.95066246374,77298.53591893979,99341.27294723032,93925.95979458932,89957.13384897358
2018-10-30,121998.49752475612,104769.03376635996,104795.95598066365,95065.55628353647,112916.89287785008,88084.90416067213,88000.35253355051,108382.8988583442,77298.53591893979,99341.27294723032,93613.52525200519,89657.90117647548
2018-10-31,121998.49752475612,104769.03376635996,104795.95598066365,94442.84155906181,112916.89287785008,86178.65133660423,86095.88547718612,108382.8988583442,77298.53591893979,99341.27294723032,93613.52525200519,89657.90117647548
2018-11-01,121998.49752475612,104769.03376635996,104795.95598066365,94442.84155906181,111126.08668627213,85542.61773545621,85460.4627212433,106602.7469852976,80566.97421752862,98824.01104216796,93613.52525200519,89289.95067316236
2018-11-02,121998.49752475612,104769.03376635996,105525.49962362953,94442.84155906181,110237.58227754968,84938.28260552563,84856.69372931053,106602.7469852976,80566.97421752862,98824.01104216796,93613.52525200519,89055.56283595668
2018-11-05,121998.49752475612,104769.03376635996,104915.54480830653,94442.84155906181,109082.40840728939,84938.28260552563,84856.69372931053,104863.76169954434,79732.6904114359,98824.01104216796,93613.52525200519,88404.86232867835
2018-11-06,121998.49752475612,104769.03376635996,102522.12210936655,94442.84155906181,108788.1155791529,84938.28260552563,84856.69372931053,103965.24393328725,79542.08079337988,98824.01104216796,93613.52525200519,88404.86232867835
2018-11-07,121998.49752475612,104769.03376635996,100208.94623457058,94442.84155906181,107854.19776516716,84938.28260552563,84856.69372931053,102243.30942846449,79542.08079337988,97479.8287107422,93613.52525200519,88148.11557933464
2018-11-08,121998.49752475612,104769.03376635996,100208.94623457058,94442.84155906181,111729.67423448255,84938.28260552563,84856.69372931053,102243.30942846449,79542.08079337988,98785.20545037017,93613.52525200519,88148.11557933464
2018-11-09,121998.49752475612,104769.03376635996,100208.94623457058,94442.84155906181,111729.67423448255,84938.28260552563,84856.69372931053,100935.9718774625,79178.69963986147,98092.80882548384,93613.52525200519,88148.11557933464
2018-11-12,121998.49752475612,104769.03376635996,100208.94623457058,94442.84155906181,111452.11561075026,84938.28260552563,84856.69372931053,100935.9718774625,79178.69963986147,98092.80882548384,93613.52525200519,87567.64995886524
2018-11-13,121998.49752475612,104769.03376635996,100208.94623457058,94442.84155906181,110949.6408279357,84938.28260552563,84856.69372931053,100935.9718774625,79178.69963986147,97230.51333175058,93613.52525200519,87567.64995886524
2018-11-14,121998.49752475612,104769.03376635996,100208.94623457058,94442.84155906181,110949.6408279357,84618.45052212474,84537.16877356867,100056.71858800066,79178.69963986147,95566.23419259959,93613.52525200519,87317.82744065466
2018-11-15,121998.49752475612,104769.03376635996,100208.94623457058,93492.96321188047,110949.6408279357,84618.45052212474,84537.16877356867,100056.71858800066,79178.69963986147,94997.2857002412,93613.52525200519,87090.62411514309
2018-11-16,121587.47522016753,104769.03376635996,99540.04773640275,93139.2101373122,110949.6408279357,84618.45052212474,84537.16877356867,100056.71858800066,79178.69963986147,94008.73936152241,93613.52525200519,87090.62411514309
2018-11-19,121587.47522016753,104769.03376635996,98505.91485863595,91610.55842134611,110523.22844038803,84618.45052212474,84537.16877356867,98652.14519280395,78382.57116906586,94008.73936152241,93613.52525200519,86833.61027805369
2018-11-20,121587.47522016753,104769.03376635996,94868.21334166819,91610.55842134611,110203.38766428128,84618.45052212474,84537.16877356867,98574.88418018892,77450.68824270199,92832.2336780978,93022.83973547383,85943.30819953517
2018-11-21,121587.47522016753,103781.3616945824,94868.21334166819,91610.55842134611,110203.38766428128,84170.43202727592,84089.58063080527,98574.88418018892,77450.68824270199,92522.53637619564,93022.83973547383,85943.30819953517
2018-11-23,121587.47522016753,103781.3616945824,94868.21334166819,91610.55842134611,110203.38766428128,84170.43202727592,84089.58063080527,97936.31529646824,77450.68824270199,92522.53637619564,93022.83973547383,85943.30819953517
2018-11-26,121587.47522016753,103781.3616945824,94868.21334166819,91610.55842134611,110203.38766428128,84170.43202727592,84089.58063080527,97936.31529646824,77450.68824270199,92522.53637619564,92495.76583821038,85487.09752358157
2018-11-27,131770.11205304755,103781.3616945824,94868.21334166819,91610.55842134611,110203.38766428128,84170.43202727592,84089.58063080527,97936.31529646824,77450.68824270199,91769.12542180033,95422.90087336913,85487.09752358157
2018-11-28,131770.11205304755,103781.3616945824,94868.21334166819,91610.55842134611,110203.38766428128,84170.43202727592,84089.58063080527,97936.31529646824,77450.68824270199,94309.14990781207,95422.90087336913,85487.09752358157
2018-11-29,131770.11205304755,103781.3616945824,94868.21334166819,91610.55842134611,110203.38766428128,84170.43202727592,84089.58063080527,97936.31529646824,77450.68824270199,94309.14990781207,95422.90087336913,85487.09752358157
2018-11-30,131770.11205304755,103781.3616945824,94868.21334166819,91610.55842134611,110203.38766428128,84170.43202727592,84089.58063080527,97936.31529646824,77450.68824270199,94309.14990781207,95422.90087336913,85487.09752358157
2018-12-03,131770.11205304755,103781.3616945824,94868.21334166819,91610.55842134611,110203.38766428128,84170.43202727592,84089.58063080527,97936.31529646824,77450.68824270199,94309.14990781207,95359.09887114879,85487.09752358157
2018-12-04,131350.72661946644,103781.3616945824,94868.21334166819,91610.55842134611,110203.38766428128,84170.43202727592,84089.58063080527,97936.31529646824,77450.68824270199,94309.14990781207,95359.09887114879,85195.31409262474
2018-12-06,128781.96090994832,101236.2719286518,94868.21334166819,91298.52400773576,110203.38766428128,82776.61297862376,82697.10020170915,94823.07056109984,76631.099567365,94309.14990781207,94706.76506730307,84698.48522550888
2018-12-07,128781.96090994832,101236.2719286518,94868.21334166819,91298.52400773576,110203.38766428128,81914.44432391932,81835.75971834763,94823.07056109984,76631.099567365,94309.14990781207,94706.76506730307,84698.48522550888
2018-12-10,128781.96090994832,101236.2719286518,94868.21334166819,91298.52400773576,110203.38766428128,81914.44432391932,81835.75971834763,94823.07056109984,76631.099567365,93611.4992824899,94527.96691841795,84698.48522550888
2018-12-11,128781.96090994832,101236.2719286518,94868.21334166819,91298.52400773576,110203.38766428128,81914.44432391932,81835.75971834763,94823.07056109984,76631.099567365,93611.4992824899,94527.96691841795,84698.48522550888
2018-12-12,128781.96090994832,100491.84470269771,96736.53668168336,91298.52400773576,110203.38766428128,81914.44432391932,81835.75971834763,94823.07056109984,76631.099567365,93611.4992824899,94527.96691841795,84698.48522550888
2018-12-13,128781.96090994832,100491.84470269771,96541.11428178316,91298.52400773576,110203.38766428128,81249.3322798335,81171.28655939379,94823.07056109984,76631.099567365,93611.4992824899,93545.10437604557,83870.66704382576
2018-12-14,127691.47610299652,100491.84470269771,96129.58693845883,91298.52400773576,110203.38766428128,81249.3322798335,81171.28655939379,93143.30336042964,76631.099567365,93611.4992824899,92474.56368094546,83492.4121071984
2018-12-17,127404.73334518177,100405.67530470483,94377.61200433408,90989.25076055464,109545.22514270575,80952.64738981672,80874.88665529298,91472.56903900419,76417.05420811266,93103.04300900444,91744.83016971819,82738.14789894577
2018-12-18,127404.73334518177,100405.67530470483,94377.61200433408,90989.25076055464,109545.22514270575,80739.45735793827,80661.90124499334,91472.56903900419,76339.25363705523,92764.08806785506,91744.83016971819,82738.14789894577
2018-12-19,124494.7008435865,99244.81597826595,93782.32671896873,90126.87811793493,109309.86043144861,79801.78836201245,79725.13270963199,90697.05768934327,75716.48547991629,92498.82714304404,91461.83497487326,82529.84720145761
2018-12-20,121886.99293341514,98198.29231821411,91614.90154557567,90126.87811793493,109060.23235833827,79347.85711620508,79271.63740999305,88870.82869728118,75490.87716605361,90947.66763323722,91064.181920975,82205.40073818451
2018-12-21,121886.99293341514,98198.29231821411,89289.7568219942,90126.87811793493,106884.46920095556,78701.03681595033,78625.45774381327,87219.20878920807,74260.10637519938,89620.53783590643,90667.13361305102,82205.40073818451
2018-12-24,121886.99293341514,96976.16612396012,84701.26792328157,90126.87811793493,106236.25570642937,74973.97604399738,74901.98731735884,82261.41779639926,72958.7026311186,88670.93505593573,89512.50249080878,81191.2253922046
2018-12-26,121886.99293341514,96976.16612396012,84701.26792328157,90126.87811793493,106236.25570642937,74776.14708271106,74704.34368121169,82261.41779639926,72403.77470661773,88670.93505593573,89216.72384723881,80908.66964107855
2018-12-27,121886.99293341514,96976.16612396012,84701.26792328157,90126.87811793493,106236.25570642937,74776.14708271106,74704.34368121169,82261.41779639926,72403.77470661773,88670.93505593573,89216.72384723881,80908.66964107855
2018-12-28,121886.99293341514,96976.16612396012,84701.26792328157,90126.87811793493,106236.25570642937,74776.14708271106,74704.34368121169,82261.41779639926,72403.77470661773,88670.93505593573,89216.72384723881,80908.66964107855
2018-12-31,121886.99293341514,96976.16612396012,84701.26792328157,90126.87811793493,106236.25570642937,74776.14708271106,74704.34368121169,82261.41779639926,72403.77470661773,88670.93505593573,89216.72384723881,80908.66964107855
2019-01-02,121886.99293341514,96976.16612396012,84604.2580113377,90126.87811793493,106236.25570642937,74776.14708271106,74704.34368121169,82261.41779639926,72403.77470661773,88670.93505593573,87983.23305346811,80213.76205633729
2019-01-03,121886.99293341514,96976.16612396012,84604.2580113377,90126.87811793493,106236.25570642937,74776.14708271106,74704.34368121169,82261.41779639926,72403.77470661773,88670.93505593573,87133.14009323991,79945.36880491645
2019-01-04,121886.99293341514,96976.16612396012,84604.2580113377,90126.87811793493,106236.25570642937,74776.14708271106,74704.34368121169,82261.41779639926,72601.50285768884,88670.93505593573,87133.14009323991,79945.36880491645
2019-01-07,121886.99293341514,96976.16612396012,84604.2580113377,90126.87811793493,106236.25570642937,74776.14708271106,74704.34368121169,82261.41779639926,72601.50285768884,88670.93505593573,90677.83517266864,83160.541313026
2019-01-08,120632.49741330367,95978.05990251488,84604.2580113377,90126.87811793493,106236.25570642937,74776.14708271106,74704.34368121169,82261.41779639926,72601.50285768884,88670.93505593573,90677.83517266864,83160.541313026
2019-01-09,120632.49741330367,95978.05990251488,87958.42820292474,90126.87811793493,106236.25570642937,74776.14708271106,76960.42654177961,85518.96992348527,75490.6674662259,88670.93505593573,92684.66010382683,84980.48636795286
2019-01-10,120632.49741330367,95978.05990251488,87958.42820292474,90126.87811793493,107614.77977334852,74776.14708271106,76960.42654177961,85518.96992348527,75490.6674662259,88670.93505593573,92684.66010382683,84980.48636795286
2019-01-11,120632.49741330367,95978.05990251488,87958.42820292474,90126.87811793493,107614.77977334852,74776.14708271106,76960.42654177961,85518.96992348527,75490.6674662259,88670.93505593573,92684.66010382683,84778.81801223579
2019-01-14,120632.49741330367,95978.05990251488,89994.1984953707,90126.87811793493,106955.5894282678,74776.14708271106,76960.42654177961,85518.96992348527,75490.6674662259,88670.93505593573,92684.66010382683,84778.81801223579
2019-01-15,120828.1866681433,95978.05990251488,89994.1984953707,90126.87811793493,106587.53353937862,74776.14708271106,76960.42654177961,85518.96992348527,75490.6674662259,88670.93505593573,92684.66010382683,84778.81801223579
2019-01-16,120828.1866681433,95978.05990251488,89994.1984953707,90126.87811793493,106587.53353937862,74776.14708271106,76960.42654177961,85518.96992348527,75490.6674662259,88670.93505593573,92684.66010382683,84778.81801223579
2019-01-17,120828.1866681433,95978.05990251488,89994.1984953707,90126.87811793493,106587.53353937862,74776.14708271106,76960.42654177961,85518.96992348527,75490.6674662259,88670.93505593573,92684.66010382683,84778.81801223579
2019-01-18,120828.1866681433,95978.05990251488,89994.1984953707,91294.26874595408,106587.53353937862,74776.14708271106,76960.42654177961,85518.96992348527,75490.6674662259,88670.93505593573,92684.66010382683,84778.81801223579
2019-01-22,120828.1866681433,95978.05990251488,89994.1984953707,91294.26874595408,106587.53353937862,74776.14708271106,76960.42654177961,85518.96992348527,75490.6674662259,88670.93505593573,92684.66010382683,84778.81801223579
2019-01-23,125495.7521392149,97707.89349123261,89472.32045428597,92590.16104369833,106587.53353937862,76454.63669430213,78637.34456561787,85055.80498719851,75490.6674662259,93089.5089601121,92684.66010382683,84778.81801223579
2019-01-24,125495.7521392149,99585.63684821001,89643.81443604092,92590.16104369833,106587.53353937862,76454.63669430213,78637.34456561787,85055.80498719851,75490.6674662259,93089.5089601121,95815.38142205126,87139.69721644791
2019-01-25,125495.7521392149,99585.63684821001,89643.81443604092,92590.16104369833,106587.53353937862,76454.63669430213,78637.34456561787,85055.80498719851,75490.6674662259,93089.5089601121,95815.38142205126,87139.69721644791
2019-01-28,125495.7521392149,99585.63684821001,89643.81443604092,94224.24336762661,106587.53353937862,75660.74459125467,77820.7875907298,85055.80498719851,75490.6674662259,93089.5089601121,95815.38142205126,87139.69721644791
2019-01-29,125495.7521392149,99585.63684821001,89643.81443604092,94224.24336762661,106587.53353937862,75660.74459125467,77820.7875907298,85055.80498719851,75490.6674662259,95559.27113361945,95815.38142205126,86880.0781522494
2019-01-30,125495.7521392149,98789.31170930606,92997.98462762796,94224.24336762661,106587.53353937862,78629.71402650929,80786.90627242498,88313.35711428453,78379.83207476296,95559.27113361945,95815.38142205126,86680.26087839478
2019-01-31,132321.39322777523,102459.15932339519,92997.98462762796,94224.24336762661,106587.53353937862,78629.71402650929,80786.90627242498,88313.35711428453,78379.83207476296,95559.27113361945,98423.40836101802,89045.42271039839
2019-02-01,132321.39322777523,101489.23118144379,92997.98462762796,94224.24336762661,107803.62758166743,78629.71402650929,80786.90627242498,88313.35711428453,78379.83207476296,95559.27113361945,98070.03049580206,89045.42271039839
2019-02-04,132321.39322777523,101489.23118144379,92739.33887928477,94224.24336762661,107803.62758166743,78629.71402650929,80786.90627242498,88313.35711428453,78379.83207476296,95559.27113361945,97594.25394336585,88845.59131222029
2019-02-05,132321.39322777523,101489.23118144379,91463.4078785594,94224.24336762661,107803.62758166743,78629.71402650929,80786.90627242498,88313.35711428453,78379.83207476296,95559.27113361945,97594.25394336585,88845.59131222029
2019-02-06,132321.39322777523,101489.23118144379,90502.24636266906,99721.48668611524,107174.7216836791,78522.34523690741,80786.90627242498,88313.35711428453,78379.83207476296,97296.70640792434,97594.25394336585,88845.59131222029
2019-02-07,132321.39322777523,100577.47561767002,90502.24636266906,99721.48668611524,107174.7216836791,78522.34523690741,80786.90627242498,88313.35711428453,78379.83207476296,97106.00711560041,97594.25394336585,88845.59131222029
2019-02-08,132321.39322777523,100577.47561767002,90502.24636266906,99721.48668611524,107174.7216836791,78522.34523690741,80786.90627242498,88313.35711428453,78379.83207476296,97106.00711560041,97594.25394336585,88845.59131222029
2019-02-11,132321.39322777523,100577.47561767002,89974.51048329294,99131.36511185249,107174.7216836791,78522.34523690741,80786.90627242498,88313.35711428453,78379.83207476296,97106.00711560041,97594.25394336585,88845.59131222029
2019-02-12,132321.39322777523,100577.47561767002,89974.51048329294,99131.36511185249,107174.7216836791,78522.34523690741,80786.90627242498,88313.35711428453,78379.83207476296,97106.00711560041,99710.13842776912,88845.59131222029
2019-02-13,132321.39322777523,100577.47561767002,89974.51048329294,99131.36511185249,111410.16300208833,78522.34523690741,80786.90627242498,88313.35711428453,78379.83207476296,100792.35165044601,99710.13842776912,88845.59131222029
2019-02-14,132321.39322777523,100577.47561767002,89974.51048329294,99131.36511185249,111410.16300208833,78522.34523690741,80786.90627242498,88313.35711428453,78379.83207476296,100792.35165044601,99710.13842776912,88845.59131222029
2019-02-15,132321.39322777523,100577.47561767002,89974.51048329294,99131.36511185249,111410.16300208833,78522.34523690741,80786.90627242498,88313.35711428453,78379.83207476296,100792.35165044601,99710.13842776912,88845.59131222029
2019-02-19,132321.39322777523,100577.47561767002,89974.51048329294,99131.36511185249,111410.16300208833,78522.34523690741,80786.90627242498,88313.35711428453,78379.83207476296,99949.80845230949,99710.13842776912,88845.59131222029
2019-02-20,132321.39322777523,100577.47561767002,89974.51048329294,99131.36511185249,111410.16300208833,78522.34523690741,83637.21971179526,88313.35711428453,78379.83207476296,99949.80845230949,99710.13842776912,88845.59131222029
2019-02-21,131070.6157080456,100577.47561767002,89974.51048329294,99131.36511185249,111410.16300208833,78522.34523690741,83637.21971179526,87447.49535242977,78379.83207476296,99949.80845230949,99710.13842776912,88845.59131222029
2019-02-22,131070.6157080456,100577.47561767002,89974.51048329294,99131.36511185249,111410.16300208833,78522.34523690741,83637.21971179526,87447.49535242977,78379.83207476296,99949.80845230949,99710.13842776912,88845.59131222029
2019-02-25,133433.90205570325,100577.47561767002,89974.51048329294,99131.36511185249,115631.02930737652,78522.34523690741,83637.21971179526,87447.49535242977,78379.83207476296,99949.80845230949,99710.13842776912,88845.59131222029
2019-02-26,136103.32047373222,102644.4608596016,89974.51048329294,99131.36511185249,115603.64454864683,78522.34523690741,83637.21971179526,86401.4259276335,78379.83207476296,99949.80845230949,103997.1798861068,88845.59131222029
2019-02-27,136103.32047373222,102644.4608596016,89974.51048329294,99131.36511185249,115502.52003910913,78522.34523690741,83637.21971179526,86401.4259276335,78379.83207476296,99949.80845230949,103997.1798861068,88845.59131222029
2019-02-28,136103.32047373222,102644.4608596016,89974.51048329294,99131.36511185249,115502.52003910913,78522.34523690741,83637.21971179526,85509.30506548114,78379.83207476296,99949.80845230949,107588.02213948712,92138.74873037181
2019-03-01,136103.32047373222,102644.4608596016,89974.51048329294,99131.36511185249,114188.08231721279,78522.34523690741,83637.21971179526,85509.30506548114,78379.83207476296,99949.80845230949,107126.52692108498,92138.74873037181
2019-03-04,136103.32047373222,102644.4608596016,89974.51048329294,98931.37187485333,113826.02969543907,78522.34523690741,83637.21971179526,85338.30307395905,78379.83207476296,99949.80845230949,106741.73738928938,94251.3199913372
2019-03-05,139765.85645513266,102644.4608596016,89974.51048329294,100895.53206372111,113109.98670885175,78522.34523690741,83637.21971179526,84477.88278935826,78379.83207476296,101628.72080807651,105462.4085676519,94251.3199913372
2019-03-06,138847.2934680396,102644.4608596016,89974.51048329294,100690.21547037769,113109.98670885175,78522.34523690741,83637.21971179526,84477.88278935826,78379.83207476296,101628.72080807651,104998.37357959057,93646.82297120651
2019-03-07,138847.2934680396,102644.4608596016,89974.51048329294,100690.21547037769,112592.5246476111,78522.34523690741,83637.21971179526,84477.88278935826,77566.18897446437,101628.72080807651,104998.37357959057,93255.49457535277
2019-03-08,135384.12791647727,100474.4403743535,89974.51048329294,100690.21547037769,112592.5246476111,78522.34523690741,83637.21971179526,84262.56291790024,77566.18897446437,100583.04657501003,103777.97101739756,93115.58878400907
2019-03-11,138545.3716139041,100474.4403743535,89974.51048329294,100690.21547037769,112592.5246476111,78522.34523690741,83637.21971179526,84262.56291790024,77566.18897446437,102927.97553459955,103777.97101739756,93115.58878400907
2019-03-12,138545.3716139041,100474.4403743535,89974.51048329294,100690.21547037769,112592.5246476111,78522.34523690741,83637.21971179526,84262.56291790024,77566.18897446437,102927.97553459955,103777.97101739756,93115.58878400907
2019-03-13,137316.91492432595,100474.4403743535,89974.51048329294,100690.21547037769,112592.5246476111,78522.34523690741,83637.21971179526,84262.56291790024,77566.18897446437,102927.97553459955,103777.97101739756,93115.58878400907
2019-03-14,137316.91492432595,100474.4403743535,89974.51048329294,100690.21547037769,112592.5246476111,78522.34523690741,83637.21971179526,86147.09412576734,77566.18897446437,102927.97553459955,103777.97101739756,93115.58878400907
2019-03-15,137316.91492432595,100474.4403743535,89974.51048329294,100690.21547037769,112592.5246476111,78522.34523690741,83637.21971179526,86147.09412576734,77566.18897446437,102927.97553459955,103251.67465543078,93115.58878400907
2019-03-18,137316.91492432595,100474.4403743535,89974.51048329294,100690.21547037769,112592.5246476111,78522.34523690741,83637.21971179526,86147.09412576734,77566.18897446437,102927.97553459955,103251.67465543078,93115.58878400907
2019-03-19,137316.91492432595,100474.4403743535,89974.51048329294,100690.21547037769,112062.44807078782,78522.34523690741,83637.21971179526,85867.33463859423,77566.18897446437,102013.35776107963,103251.67465543078,93115.58878400907
2019-03-20,137316.91492432595,100474.4403743535,89974.51048329294,100024.35887717562,112062.44807078782,78522.34523690741,83637.21971179526,85867.33463859423,77566.18897446437,102013.35776107963,103251.67465543078,93115.58878400907
2019-03-21,137316.91492432595,100474.4403743535,89974.51048329294,103547.56744974852,112062.44807078782,78522.34523690741,86836.3811828483,85867.33463859423,77566.18897446437,102013.35776107963,103251.67465543078,93115.58878400907
2019-03-22,137087.98933874915,100474.4403743535,91318.00059569301,103056.96156689932,112062.44807078782,79711.54579992217,88024.43989586702,86826.77546552542,78723.42425560829,101424.2262046903,102158.15518462399,93115.58878400907
2019-03-25,137087.98933874915,100474.4403743535,91318.00059569301,101813.04477553931,111159.26210126384,81927.42166060819,89851.69031644483,85913.41218366378,81862.69570236407,104938.97725669741,101619.54522826706,92792.88643174266
2019-03-26,137087.98933874915,100474.4403743535,91318.00059569301,101813.04477553931,110990.77495287976,81927.42166060819,89851.69031644483,85913.41218366378,81513.48685553783,104938.97725669741,104140.54261570825,92792.88643174266
2019-03-27,137087.98933874915,100474.4403743535,91318.00059569301,101813.04477553931,110262.59174560284,81927.42166060819,89851.69031644483,85320.00469139872,81418.92039089013,104938.97725669741,104140.54261570825,92609.8741729514
2019-03-28,137087.98933874915,100474.4403743535,91318.00059569301,101813.04477553931,110262.59174560284,81927.42166060819,89851.69031644483,85320.00469139872,81418.92039089013,104938.97725669741,104140.54261570825,92609.8741729514
2019-03-29,137087.98933874915,100474.4403743535,91318.00059569301,101813.04477553931,110262.59174560284,81927.42166060819,89851.69031644483,85320.00469139872,81418.92039089013,104938.97725669741,104140.54261570825,92609.8741729514
2019-04-01,137087.98933874915,100474.4403743535,91318.00059569301,101757.11164892493,110262.59174560284,81927.42166060819,89851.69031644483,85320.00469139872,81418.92039089013,104938.97725669741,104140.54261570825,92609.8741729514
2019-04-02,137087.98933874915,100474.4403743535,91318.00059569301,103309.64640771967,113066.57445084314,81927.42166060819,89851.69031644483,85320.00469139872,81541.53525004775,104938.97725669741,104140.54261570825,92609.8741729514
2019-04-03,137087.98933874915,100474.4403743535,90869.48026898135,103309.64640771967,113066.57445084314,82860.84033415558,90698.04645751028,85320.00469139872,83249.56517469368,104938.97725669741,104584.15224415803,93092.4968178135
2019-04-04,139064.797698831,102885.79499502991,90869.48026898135,103309.64640771967,113058.19947836972,82860.84033415558,90698.04645751028,86847.49458738866,83249.56517469368,104336.15620635747,103350.80716658256,93092.4968178135
2019-04-05,139064.797698831,102885.79499502991,90869.48026898135,103309.64640771967,113058.19947836972,82860.84033415558,90698.04645751028,87003.877397562,84849.81719472389,104336.15620635747,102904.16726802055,93092.4968178135
2019-04-08,139064.797698831,102885.79499502991,90758.96585332026,103309.64640771967,115256.92373949358,85974.57699273324,90698.04645751028,87003.877397562,84729.68799384202,104336.15620635747,102516.36389086876,93092.4968178135
2019-04-09,139064.797698831,102885.79499502991,90758.96585332026,103309.64640771967,115009.09725763356,85974.57699273324,90698.04645751028,87003.877397562,84729.68799384202,104336.15620635747,102117.41814432117,94453.05064857518
2019-04-10,139064.797698831,102885.79499502991,91305.3953925196,103309.64640771967,115009.09725763356,85974.57699273324,90698.04645751028,87003.877397562,84729.68799384202,104336.15620635747,102117.41814432117,94453.05064857518
2019-04-11,139064.797698831,102885.79499502991,91305.3953925196,103309.64640771967,115009.09725763356,85974.57699273324,90698.04645751028,87003.877397562,84729.68799384202,104336.15620635747,101391.23910889216,94453.05064857518
2019-04-12,139064.797698831,102885.79499502991,91305.3953925196,103309.64640771967,115009.09725763356,85974.57699273324,90698.04645751028,87003.877397562,84729.68799384202,104336.15620635747,101391.23910889216,94453.05064857518
2019-04-15,139064.797698831,102885.79499502991,91305.3953925196,103309.64640771967,115009.09725763356,85974.57699273324,90698.04645751028,87003.877397562,84729.68799384202,104336.15620635747,101391.23910889216,94453.05064857518
2019-04-16,139064.797698831,102885.79499502991,91305.3953925196,103309.64640771967,114667.97565860968,85974.57699273324,90698.04645751028,86222.12752559753,84729.68799384202,104336.15620635747,101391.23910889216,94453.05064857518
2019-04-17,139064.797698831,102885.79499502991,91305.3953925196,103309.64640771967,114413.76904230966,85974.57699273324,90623.77301551349,85431.67291577224,83743.38112674105,104336.15620635747,101391.23910889216,94453.05064857518
2019-04-18,142248.9705830784,105057.02769364398,91305.3953925196,103633.59356575532,114133.2285600554,85974.57699273324,90623.77301551349,85863.6886021155,83635.6711607736,104583.71464774496,101391.23910889216,94453.05064857518
2019-04-22,141741.061484188,104973.25683040176,91305.3953925196,103633.59356575532,113206.19300933184,85974.57699273324,90623.77301551349,85863.6886021155,84119.39174569683,104583.71464774496,101391.23910889216,94453.05064857518
2019-04-23,141741.061484188,104973.25683040176,90821.84451370686,103633.59356575532,112869.67103274295,85974.57699273324,90623.77301551349,85863.6886021155,84119.39174569683,108990.86498849325,101391.23910889216,94453.05064857518
2019-04-24,141741.061484188,104973.25683040176,90821.84451370686,103633.59356575532,112270.07744135437,88333.79198459475,93050.34137344293,85863.6886021155,84119.39174569683,108990.86498849325,101391.23910889216,94292.85420205454
2019-04-25,141741.061484188,104973.25683040176,90821.84451370686,103633.59356575532,111891.8909042951,88333.79198459475,92935.36874207093,85863.6886021155,84119.39174569683,109202.23207383088,101391.23910889216,95484.21850242048
2019-04-26,141741.061484188,105708.33972013414,90821.84451370686,104196.34088268381,112972.91097149656,88333.79198459475,93417.17897798379,86520.8208022118,84119.39174569683,109202.23207383088,101391.23910889216,95484.21850242048
2019-04-29,141741.061484188,105708.33972013414,90821.84451370686,104196.34088268381,112785.72222428843,89045.80837654306,93417.17897798379,86520.8208022118,84119.39174569683,108820.13995171025,104351.48280517069,98278.1157579984
2019-04-30,141741.061484188,105708.33972013414,90821.84451370686,104196.34088268381,111924.12809256007,89045.80837654306,93417.17897798379,86520.8208022118,84119.39174569683,108667.78177977916,104145.19293783272,98114.36777782069
2019-05-01,141522.8415900488,108194.01130858072,90821.84451370686,104196.34088268381,117121.15588715176,89045.80837654306,93417.17897798379,86520.8208022118,83250.64297018526,108596.51206527035,104145.19293783272,97802.1249554607
2019-05-02,139815.42701341448,107259.65459168146,90821.84451370686,104196.34088268381,116767.99255220957,88155.01420393123,93417.17897798379,86239.5469454571,83020.3840879456,108596.51206527035,103904.0740939771,97502.63983670234
2019-05-03,142427.58574449335,107259.65459168146,91068.41605877575,105847.65620513698,114671.51537927694,89560.87976834076,94500.95463358531,85848.3738858237,82909.007118837,108596.51206527035,103904.0740939771,97184.00813650446
2019-05-06,142427.58574449335,107922.58791724751,91068.41605877575,105577.60869790684,114339.54656070958,89560.87976834076,94500.95463358531,85786.43318828668,82813.30582086118,108596.51206527035,103745.27565165084,96950.49157735544
2019-05-07,143989.38031837664,107922.58791724751,91068.41605877575,105480.3305728993,114105.6781518528,89377.48794315402,94255.17512276566,85786.43318828668,82813.30582086118,108596.51206527035,102455.35677115827,95669.20739390572
2019-05-08,148672.59012759663,111381.34126080877,92576.98061580714,106484.95656604746,118022.91769995964,89377.48794315402,94255.17512276566,87303.46840890216,82598.54555514202,108596.51206527035,102455.35677115827,95231.27724897713
2019-05-09,147400.18200955493,111381.34126080877,90835.88882081141,106484.95656604746,115792.93028902388,89377.48794315402,94255.17512276566,87071.90243041916,82598.54555514202,108596.51206527035,101658.67997684512,92452.03649041484
2019-05-10,146057.50003486458,111381.34126080877,90835.88882081141,106484.95656604746,113529.4790599261,89377.48794315402,94255.17512276566,86338.22681732659,82288.95524565603,108596.51206527035,101658.67997684512,92452.03649041484
2019-05-13,145261.0959027993,110767.3259804834,88986.39412891168,105893.74600075753,113442.61356866485,88816.48472589198,94255.17512276566,84689.56653174378,81196.1737097427,106951.43248871776,101101.97045868971,91217.63475972561
2019-05-14,145261.0959027993,110767.3259804834,88106.38189139479,105893.74600075753,113442.61356866485,88816.48472589198,94255.17512276566,84689.56653174378,81196.1737097427,106951.43248871776,101101.97045868971,91217.63475972561
2019-05-15,143731.3519957446,108877.29934293199,88106.38189139479,104794.8573712146,113442.61356866485,88816.48472589198,94255.17512276566,84689.56653174378,81196.1737097427,106951.43248871776,101101.97045868971,90988.63401321709
2019-05-16,143731.3519957446,108877.29934293199,88106.38189139479,104794.8573712146,113442.61356866485,88816.48472589198,97040.91398203293,84689.56653174378,81196.1737097427,106951.43248871776,101101.97045868971,90988.63401321709
2019-05-17,143731.3519957446,108877.29934293199,88106.38189139479,104794.8573712146,113442.61356866485,88816.48472589198,97040.91398203293,84689.56653174378,81196.1737097427,106951.43248871776,101101.97045868971,90988.63401321709
2019-05-20,143731.3519957446,108877.29934293199,87894.99196921915,104794.8573712146,113442.61356866485,88816.48472589198,97040.91398203293,83853.24858100653,81196.1737097427,106951.43248871776,101101.97045868971,90660.24365335265
2019-05-21,143731.3519957446,108877.29934293199,87894.99196921915,104794.8573712146,113442.61356866485,90082.80404579418,97040.91398203293,84737.4948561359,81196.1737097427,110675.34770283556,101101.97045868971,90660.24365335265
2019-05-22,142297.88661876114,107777.61381831797,87894.99196921915,104794.8573712146,113442.61356866485,90082.80404579418,97040.91398203293,83967.5280426114,81196.1737097427,110675.34770283556,101101.97045868971,90429.889380982
2019-05-23,141641.19880863,107777.61381831797,87490.70625307772,104794.8573712146,113442.61356866485,90082.80404579418,96443.36837839504,83458.84208501347,81196.1737097427,110558.09994150102,101101.97045868971,90091.5646744556
2019-05-24,141641.19880863,107777.61381831797,87155.7714489774,104794.8573712146,113442.61356866485,90082.80404579418,96443.36837839504,83458.84208501347,81196.1737097427,110558.09994150102,101101.97045868971,90091.5646744556
2019-05-28,141641.19880863,107777.61381831797,86710.20038467173,104794.8573712146,113442.61356866485,89093.40297082627,95787.57989906316,82809.81420900731,81196.1737097427,110558.09994150102,101101.97045868971,93288.3242730992
2019-05-29,141641.19880863,107777.61381831797,86436.28570523679,104794.8573712146,113442.61356866485,88051.74748635892,95343.00535071461,82465.83539942498,81196.1737097427,110368.86758708228,101101.97045868971,92925.30694764643
2019-05-30,140431.7465337853,107777.61381831797,86436.28570523679,104794.8573712146,113442.61356866485,87536.36523212396,94862.16248701638,82465.83539942498,81196.1737097427,110368.86758708228,101101.97045868971,92925.30694764643
2019-05-31,139477.04721950195,107777.61381831797,86436.28570523679,104794.8573712146,113011.63376479792,87280.96227347768,94862.16248701638,82465.83539942498,81196.1737097427,110368.86758708228,101101.97045868971,92489.4069764381
2019-06-03,139477.04721950195,107777.61381831797,85070.14538071722,105321.5468946684,112462.78944142473,87280.96227347768,94862.16248701638,81379.85222058161,82172.77981509456,110258.0251398087,101101.97045868971,94744.9681832871
2019-06-04,140155.25394937588,108280.9404836435,85070.14538071722,105321.5468946684,111117.03542438558,86578.34825851694,94038.13506681808,81440.23001928696,82172.77981509456,110258.0251398087,101119.7508191587,94492.50307551249
2019-06-05,140155.25394937588,108280.9404836435,85070.14538071722,105321.5468946684,111117.03542438558,86578.34825851694,94038.13506681808,81440.23001928696,82172.77981509456,110258.0251398087,101119.7508191587,94492.50307551249
2019-06-06,140155.25394937588,108280.9404836435,88667.24655853008,105321.5468946684,111117.03542438558,86578.34825851694,94038.13506681808,81440.23001928696,82172.77981509456,115143.46755397828,101119.7508191587,94492.50307551249
2019-06-07,140155.25394937588,108280.9404836435,88667.24655853008,105321.5468946684,111117.03542438558,86578.34825851694,94038.13506681808,81440.23001928696,82172.77981509456,114714.73561778657,101119.7508191587,94492.50307551249
2019-06-10,143284.62010640584,108280.9404836435,88667.24655853008,105321.5468946684,115522.75273151128,86578.34825851694,94038.13506681808,84918.99080031908,82172.77981509456,114714.73561778657,101119.7508191587,94492.50307551249
2019-06-11,143284.62010640584,107166.60857048545,88667.24655853008,105321.5468946684,114931.79645887684,86578.34825851694,94038.13506681808,84918.99080031908,82172.77981509456,114714.73561778657,101119.7508191587,94492.50307551249
2019-06-12,146349.09136391274,109487.96260910374,88667.24655853008,105321.5468946684,114931.79645887684,86578.34825851694,94038.13506681808,84918.99080031908,82172.77981509456,117064.4728306592,101119.7508191587,94492.50307551249
2019-06-13,146349.09136391274,109487.96260910374,88667.24655853008,105321.5468946684,114520.47936345576,86578.34825851694,94038.13506681808,84918.99080031908,82172.77981509456,117064.4728306592,101119.7508191587,94492.50307551249
2019-06-14,146349.09136391274,108431.89526526986,88667.24655853008,105321.5468946684,114161.04488445086,86578.34825851694,94038.13506681808,84918.99080031908,82172.77981509456,116548.68996150426,101119.7508191587,94492.50307551249
2019-06-17,146349.09136391274,108431.89526526986,88467.09934062189,105321.5468946684,113624.80805693618,86578.34825851694,94038.13506681808,87031.56728534821,82172.77981509456,115460.93841927497,101119.7508191587,94492.50307551249
2019-06-18,146349.09136391274,108431.89526526986,88467.09934062189,105321.5468946684,113624.80805693618,87385.3085857088,94856.54239761537,87031.56728534821,82172.77981509456,115460.93841927497,101119.7508191587,94492.50307551249
2019-06-19,146349.09136391274,108431.89526526986,88467.09934062189,105321.5468946684,113624.80805693618,87385.3085857088,94856.54239761537,87031.56728534821,82172.77981509456,115460.93841927497,101119.7508191587,94492.50307551249
2019-06-20,146349.09136391274,108431.89526526986,88467.09934062189,107104.4634910016,113624.80805693618,87385.3085857088,94856.54239761537,87031.56728534821,82172.77981509456,115460.93841927497,101119.7508191587,94492.50307551249
2019-06-21,146349.09136391274,108431.89526526986,88467.09934062189,107104.4634910016,113624.80805693618,86653.97178253536,94062.67805588662,87031.56728534821,82172.77981509456,115460.93841927497,101119.7508191587,94492.50307551249
2019-06-24,146349.09136391274,108431.89526526986,88256.92694368496,106623.3462025013,113624.80805693618,86653.97178253536,94062.67805588662,87031.56728534821,82172.77981509456,115460.93841927497,101119.7508191587,94492.50307551249
2019-06-25,144970.55208737397,108431.89526526986,87558.06330231203,106623.3462025013,112846.35286541264,86653.97178253536,94062.67805588662,86910.12195715762,82172.77981509456,114220.87598309216,101119.7508191587,94492.50307551249
2019-06-26,143625.8142627203,108431.89526526986,87169.09696255886,106623.3462025013,112641.39350046792,86653.97178253536,94062.67805588662,85222.93170505173,82172.77981509456,114220.87598309216,101119.7508191587,94492.50307551249
2019-06-27,143625.8142627203,108431.89526526986,87169.09696255886,106623.3462025013,112641.39350046792,86653.97178253536,94062.67805588662,85222.93170505173,82172.77981509456,114220.87598309216,101119.7508191587,94492.50307551249
2019-06-28,147350.1613864845,108431.89526526986,87169.09696255886,106623.3462025013,112641.39350046792,86653.97178253536,94062.67805588662,85222.93170505173,82172.77981509456,114057.56951169691,101119.7508191587,94492.50307551249
2019-07-01,147804.4173744868,108431.89526526986,87169.09696255886,109184.47007048276,112057.98097584539,86653.97178253536,94062.67805588662,87197.46276895939,82172.77981509456,114057.56951169691,101119.7508191587,94492.50307551249
2019-07-02,147804.4173744868,108946.67996405945,87169.09696255886,109184.47007048276,112057.98097584539,86653.97178253536,94062.67805588662,87197.46276895939,83987.1704987628,114057.56951169691,101119.7508191587,94492.50307551249
2019-07-03,147804.4173744868,108946.67996405945,87169.09696255886,109184.47007048276,112057.98097584539,86653.97178253536,94062.67805588662,87197.46276895939,84269.49913698164,114057.56951169691,101119.7508191587,94492.50307551249
2019-07-05,150785.20904865046,108946.67996405945,87169.09696255886,109184.47007048276,112057.98097584539,86653.97178253536,94062.67805588662,89503.52798264251,84192.80242019653,114057.56951169691,103121.35497188494,94492.50307551249
2019-07-08,150785.20904865046,108946.67996405945,87169.09696255886,109184.47007048276,112057.98097584539,86653.97178253536,94062.67805588662,89503.52798264251,84192.80242019653,114057.56951169691,102824.26158577636,94492.50307551249
2019-07-09,150785.20904865046,108946.67996405945,87169.09696255886,109184.47007048276,112057.98097584539,86653.97178253536,94062.67805588662,89503.52798264251,84192.80242019653,114057.56951169691,106422.31926412588,94492.50307551249
2019-07-10,150785.20904865046,108946.67996405945,87169.09696255886,109184.47007048276,112057.98097584539,86653.97178253536,94062.67805588662,89503.52798264251,84192.80242019653,114057.56951169691,106422.31926412588,94492.50307551249
2019-07-11,150785.20904865046,108946.67996405945,87169.09696255886,109184.47007048276,111727.43228069524,86653.97178253536,94062.67805588662,89503.52798264251,84192.80242019653,114057.56951169691,106422.31926412588,94492.50307551249
2019-07-12,150785.20904865046,108946.67996405945,87169.09696255886,109184.47007048276,111727.43228069524,86653.97178253536,94062.67805588662,90667.04013017555,84192.80242019653,114057.56951169691,106422.31926412588,94492.50307551249
2019-07-15,150785.20904865046,108946.67996405945,87169.09696255886,109184.47007048276,111727.43228069524,86653.97178253536,94062.67805588662,92446.42963724105,84084.2235061171,114057.56951169691,106422.31926412588,94492.50307551249
2019-07-16,150785.20904865046,109966.16675747433,87169.09696255886,109184.47007048276,111727.43228069524,86653.97178253536,94062.67805588662,92446.42963724105,84084.2235061171,114057.56951169691,106422.31926412588,94492.50307551249
2019-07-17,150785.20904865046,109966.16675747433,87169.09696255886,109184.47007048276,111482.62626263681,86653.97178253536,94062.67805588662,92446.42963724105,84084.2235061171,114057.56951169691,106422.31926412588,94492.50307551249
2019-07-18,150785.20904865046,109966.16675747433,87169.09696255886,109184.47007048276,111141.01720713789,86653.97178253536,94062.67805588662,92446.42963724105,84084.2235061171,114057.56951169691,106085.8763163098,94492.50307551249
2019-07-19,152670.02414831458,112944.00131776651,90503.73264803305,109184.47007048276,111141.01720713789,92028.56831144205,99152.13307597357,92446.42963724105,84084.2235061171,114057.56951169691,105404.4497180832,94492.50307551249
2019-07-22,152670.02414831458,112944.00131776651,90503.73264803305,109184.47007048276,111141.01720713789,92028.56831144205,99152.13307597357,92446.42963724105,83450.97123448919,114057.56951169691,105256.58237616433,94492.50307551249
2019-07-23,152670.02414831458,112944.00131776651,89861.82227145332,109184.47007048276,110664.65859392531,92028.56831144205,99152.13307597357,92446.42963724105,83450.97123448919,114057.56951169691,104805.74266773056,94492.50307551249
2019-07-24,152670.02414831458,117032.77604738611,89861.82227145332,109184.47007048276,110664.65859392531,92028.56831144205,99152.13307597357,92446.42963724105,83450.97123448919,116927.90260902025,104322.95971608735,94492.50307551249
2019-07-25,149696.84087604092,117032.77604738611,89558.95303477849,109184.47007048276,108836.86845699504,92028.56831144205,99152.13307597357,90819.02722116963,83450.97123448919,116927.90260902025,104322.95971608735,94492.50307551249
2019-07-26,149696.84087604092,117883.00488557701,89513.81143999755,111760.25559866724,108836.86845699504,92028.56831144205,99152.13307597357,90819.02722116963,86525.89628573708,119339.04973464734,104322.95971608735,94492.50307551249
2019-07-29,149696.84087604092,117260.13663261234,89513.81143999755,111760.25559866724,108836.86845699504,92028.56831144205,99152.13307597357,89865.91110025893,86525.89628573708,119143.63151954065,104081.09135390873,94492.50307551249
2019-07-30,149696.84087604092,117260.13663261234,89918.36075390344,111760.25559866724,108836.86845699504,92028.56831144205,98805.46332787172,90150.86887947192,86525.89628573708,117535.01865115766,102557.13670692523,94492.50307551249
2019-07-31,155452.82519033746,116924.36527983045,89918.36075390344,112422.62697138349,108836.86845699504,91856.71464408013,98805.46332787172,93406.84375718994,86296.25688852176,117535.01865115766,102279.30739881026,94492.50307551249
2019-08-01,155010.716808557,115071.93782729954,89918.36075390344,111496.03918919105,108836.86845699504,91856.71464408013,98805.46332787172,93225.21303959674,86296.25688852176,117535.01865115766,101817.52931180898,94492.50307551249
2019-08-02,155010.716808557,114707.88675365305,89840.2968860148,113579.19359439005,108836.86845699504,91856.71464408013,98805.46332787172,92177.70829999459,86108.0395587225,116781.32929977625,100345.55088797373,94492.50307551249
2019-08-05,153621.5121184099,112370.68720497446,88870.24420352587,112270.09690308296,112160.46826867142,90841.09719820716,97929.84677155812,90413.97809066679,85605.7904218125,114652.6959605835,99169.5813225992,94447.95564025421
2019-08-06,153621.5121184099,112370.68720497446,91842.3386325583,112270.09690308296,113781.00212075043,90841.09719820716,97929.84677155812,92506.05145704214,85240.97557152696,114014.09250537859,99025.50431035383,94422.26378520926
2019-08-07,153621.5121184099,111171.31483383843,95268.82610022025,112270.09690308296,116431.90225783012,90452.59577960489,97508.12941561338,92506.05145704214,86315.57769008818,114626.78610196934,102378.81571250306,95363.4960068573
2019-08-08,153621.5121184099,111171.31483383843,95268.82610022025,112563.64060609821,116431.90225783012,90452.59577960489,97508.12941561338,92506.05145704214,86315.57769008818,114626.78610196934,102378.81571250306,95292.83966015019
2019-08-09,153621.5121184099,112438.34428924757,96163.08995565157,114245.13824982509,118878.36976394626,90452.59577960489,97508.12941561338,94401.40031835219,86315.57769008818,114626.78610196934,102378.81571250306,95292.83966015019
2019-08-12,153621.5121184099,112438.34428924757,96163.08995565157,114245.13824982509,118878.36976394626,90452.59577960489,97508.12941561338,94401.40031835219,86315.57769008818,114626.78610196934,102378.81571250306,95204.05757936239
2019-08-13,153621.5121184099,111478.12298347175,96163.08995565157,114245.13824982509,118575.99623645432,90452.59577960489,97508.12941561338,94401.40031835219,86315.57769008818,114626.78610196934,102378.81571250306,95204.05757936239
2019-08-14,153621.5121184099,111478.12298347175,96163.08995565157,113531.56078892857,118361.90502625682,90020.69776101618,97105.18464354363,94401.40031835219,85766.44902650773,113711.31399156283,101452.01348044297,94576.2924444622
2019-08-15,153621.5121184099,111478.12298347175,96163.08995565157,113531.56078892857,118361.90502625682,89772.62937537214,96873.74607515732,94401.40031835219,85766.44902650773,113711.31399156283,101452.01348044297,94231.42812280795
2019-08-16,153621.5121184099,111968.41045677786,96163.08995565157,113531.56078892857,118361.90502625682,89772.62937537214,96873.74607515732,94401.40031835219,85766.44902650773,113711.31399156283,101452.01348044297,93739.45652139062
2019-08-19,159747.65796471338,111968.41045677786,96163.08995565157,113531.56078892857,118361.90502625682,89772.62937537214,96873.74607515732,94401.40031835219,85766.44902650773,113711.31399156283,101452.01348044297,93739.45652139062
2019-08-20,159747.65796471338,111968.41045677786,96163.08995565157,113531.56078892857,118361.90502625682,89772.62937537214,96873.74607515732,94401.40031835219,85766.44902650773,113711.31399156283,101452.01348044297,93739.45652139062
2019-08-21,159747.65796471338,111968.41045677786,96163.08995565157,113531.56078892857,118361.90502625682,89772.62937537214,96873.74607515732,94401.40031835219,85766.44902650773,113711.31399156283,101452.01348044297,93739.45652139062
2019-08-22,158646.46569341669,111968.41045677786,96957.21537110905,113531.56078892857,122882.68237918477,89772.62937537214,96873.74607515732,97930.17237375653,86715.79006990907,113711.31399156283,101452.01348044297,95404.89674432321
2019-08-23,159083.04796918127,111968.41045677786,96957.21537110905,113531.56078892857,122525.31926839561,89600.57552665946,96713.22276523446,97930.17237375653,86217.16433730225,113711.31399156283,101452.01348044297,95193.53778781585
2019-08-26,159083.04796918127,111968.41045677786,96957.21537110905,112693.17995538944,122525.31926839561,90588.60952362712,96713.22276523446,97930.17237375653,86217.16433730225,113711.31399156283,101452.01348044297,95152.0381595453
2019-08-27,159083.04796918127,111968.41045677786,96957.21537110905,113520.00676347692,122525.31926839561,90588.60952362712,96713.22276523446,97930.17237375653,88541.99779214208,113711.31399156283,101452.01348044297,95152.0381595453
2019-08-28,159083.04796918127,111968.41045677786,96957.21537110905,112975.8703159846,122492.06625412875,91294.23535706461,97540.78245344428,97930.17237375653,87935.80024967203,113711.31399156283,103763.32918328783,97045.79544007657
2019-08-29,159083.04796918127,111968.41045677786,96957.21537110905,112975.8703159846,122492.06625412875,91294.23535706461,97540.78245344428,97930.17237375653,87935.80024967203,113711.31399156283,103763.32918328783,97045.79544007657
2019-08-30,159083.04796918127,111968.41045677786,96957.21537110905,112975.8703159846,122193.83428660977,91294.23535706461,97540.78245344428,97930.17237375653,87893.37086673798,114009.98343309668,103763.32918328783,97045.79544007657
2019-09-03,159083.04796918127,110908.3505215782,96632.27123332626,112426.67235831812,121408.59970826417,91294.23535706461,97540.78245344428,97930.17237375653,87893.37086673798,114009.98343309668,103763.32918328783,97045.79544007657
2019-09-04,159083.04796918127,114922.5562406821,95860.83446243724,112426.67235831812,121408.59970826417,91294.23535706461,97540.78245344428,100436.47626442966,87893.37086673798,114009.98343309668,103763.32918328783,97045.79544007657
2019-09-05,162481.33375711105,113837.15148046284,95860.83446243724,112166.81967332897,121408.59970826417,91294.23535706461,97540.78245344428,100901.67025616957,87893.37086673798,114009.98343309668,103763.32918328783,97045.79544007657
2019-09-06,162481.33375711105,113837.15148046284,95860.83446243724,112166.81967332897,121408.59970826417,91294.23535706461,97540.78245344428,100901.67025616957,87893.37086673798,116392.78453519185,103763.32918328783,97045.79544007657
2019-09-09,161115.33409639983,110624.06390357611,95016.64744994674,111695.35459851925,120981.02004743138,91294.23535706461,97540.78245344428,99826.65083952624,87519.49293687726,115212.6765598836,103687.3330568717,97045.79544007657
2019-09-10,156855.60018641365,109421.6353347989,95016.64744994674,111144.09793879319,120617.98023712543,91294.23535706461,97540.78245344428,98435.09873327121,87519.49293687726,115212.6765598836,102807.35314817665,96673.33036347986
2019-09-11,156855.60018641365,109421.6353347989,95016.64744994674,111144.09793879319,119981.31026711945,91294.23535706461,97540.78245344428,98435.09873327121,87519.49293687726,115212.6765598836,102807.35314817665,96673.33036347986
2019-09-12,156855.60018641365,109421.6353347989,95261.72868565221,111144.09793879319,119159.73654958441,91294.23535706461,97540.78245344428,97641.27256270089,87519.49293687726,115212.6765598836,102807.35314817665,96673.33036347986
2019-09-13,156855.60018641365,109421.6353347989,95261.72868565221,111144.09793879319,119159.73654958441,91294.23535706461,97540.78245344428,97641.27256270089,87519.49293687726,115212.6765598836,102807.35314817665,96673.33036347986
2019-09-16,155243.61234692793,108297.12116172054,95261.72868565221,111144.09793879319,119159.73654958441,91294.23535706461,97540.78245344428,96629.66582409525,87298.83561685799,115212.6765598836,102807.35314817665,96673.33036347986
2019-09-17,155243.61234692793,108297.12116172054,95261.72868565221,111144.09793879319,118701.82217404932,91294.23535706461,97540.78245344428,96629.66582409525,87298.83561685799,115212.6765598836,102807.35314817665,96673.33036347986
2019-09-18,155243.61234692793,108297.12116172054,95261.72868565221,111144.09793879319,118701.82217404932,91294.23535706461,97540.78245344428,96629.66582409525,87223.2517805531,115212.6765598836,102807.35314817665,96673.33036347986
2019-09-19,155243.61234692793,108297.12116172054,95261.72868565221,111144.09793879319,118701.82217404932,91294.23535706461,97540.78245344428,96629.66582409525,87223.2517805531,115212.6765598836,102807.35314817665,96673.33036347986
2019-09-20,153845.24126460913,108297.12116172054,95261.72868565221,111144.09793879319,118701.82217404932,91294.23535706461,97540.78245344428,95740.0673306453,86721.03413861131,115212.6765598836,102807.35314817665,96673.33036347986
2019-09-23,153845.24126460913,108297.12116172054,95261.72868565221,111144.09793879319,118701.82217404932,91294.23535706461,97540.78245344428,95036.58854041001,86721.03413861131,115212.6765598836,102807.35314817665,96673.33036347986
2019-09-24,156104.40907113458,108297.12116172054,94588.48982236093,110926.19797605819,118701.82217404932,91294.23535706461,97540.78245344428,94096.22744584069,86721.03413861131,115212.6765598836,102807.35314817665,96084.52629614495
2019-09-25,156104.40907113458,108297.12116172054,94588.48982236093,110926.19797605819,118701.82217404932,91294.23535706461,97540.78245344428,94096.22744584069,86721.03413861131,115212.6765598836,102807.35314817665,96084.52629614495
2019-09-26,156104.40907113458,108297.12116172054,94048.21877932143,110926.19797605819,118701.82217404932,91294.23535706461,97540.78245344428,93339.99935568834,86721.03413861131,114323.71236209478,102807.35314817665,96084.52629614495
2019-09-27,156104.40907113458,105993.88636969824,94048.21877932143,110926.19797605819,118227.15654668584,91294.23535706461,97540.78245344428,92483.39846927737,86721.03413861131,114323.71236209478,102157.12032736765,96084.52629614495
2019-09-30,154508.24020149207,104180.8572617203,94048.21877932143,110926.19797605819,118227.15654668584,91294.23535706461,97540.78245344428,92483.39846927737,86721.03413861131,114323.71236209478,102157.12032736765,96084.52629614495
2019-10-01,154508.24020149207,104180.8572617203,94048.21877932143,110926.19797605819,118227.15654668584,91294.23535706461,97540.78245344428,92049.33053049794,86580.19786448758,113977.80531243746,101934.77578120177,95825.16395920397
2019-10-02,151403.05526351454,102582.0125006669,92113.93844307004,110926.19797605819,117843.76804904951,92710.04659117431,98861.68162516612,88425.35405592919,86370.4129431957,112258.25344507546,101398.9806913527,95570.57055314815
2019-10-03,149975.00683322243,102582.0125006669,91922.51196577097,110241.41971128764,117523.26171129693,92630.11226394362,98787.10587376126,88101.25492276516,85653.8930081451,112258.25344507546,101157.0580161604,95416.19067874762
2019-10-04,149975.00683322243,102582.0125006669,91922.51196577097,110241.41971128764,117523.26171129693,92630.11226394362,98787.10587376126,88101.25492276516,85653.8930081451,111198.28833967667,101157.0580161604,95416.19067874762
2019-10-07,149975.00683322243,102582.0125006669,91601.08611633508,110241.41971128764,117523.26171129693,92630.11226394362,98787.10587376126,87792.70015874687,85653.8930081451,111198.28833967667,101157.0580161604,95416.19067874762
2019-10-08,149139.36968575665,101730.18013249923,91232.95449615821,110241.41971128764,117523.26171129693,92630.11226394362,98787.10587376126,87792.70015874687,84948.19234563666,110193.1358605126,101157.0580161604,94845.34167067158
2019-10-09,149139.36968575665,101730.18013249923,91232.95449615821,110241.41971128764,117523.26171129693,92630.11226394362,98787.10587376126,87792.70015874687,84638.69500616631,110057.04438823221,101157.0580161604,94591.57384020093
2019-10-10,149139.36968575665,101730.18013249923,91232.95449615821,110241.41971128764,117523.26171129693,92630.11226394362,98787.10587376126,87680.92428985826,84638.69500616631,110057.04438823221,101157.0580161604,94591.57384020093
2019-10-11,149139.36968575665,101730.18013249923,91232.95449615821,110241.41971128764,117523.26171129693,92630.11226394362,98787.10587376126,87680.92428985826,84638.69500616631,113806.0343655492,101157.0580161604,94591.57384020093
2019-10-14,149139.36968575665,101730.18013249923,91232.95449615821,110241.41971128764,117523.26171129693,93472.7389881497,99694.95697505308,87680.92428985826,84638.69500616631,113806.0343655492,101157.0580161604,94591.57384020093
2019-10-15,149139.36968575665,103734.1481410786,91232.95449615821,110062.18356770894,117191.44321641514,93472.7389881497,99694.95697505308,87454.04599077013,84638.69500616631,113806.0343655492,101157.0580161604,94591.57384020093
2019-10-16,149139.36968575665,103734.1481410786,91232.95449615821,110062.18356770894,116371.97061980283,93472.7389881497,99694.95697505308,87454.04599077013,84638.69500616631,113031.51099460502,100795.72746366433,94591.57384020093
2019-10-17,149139.36968575665,103734.1481410786,91232.95449615821,110062.18356770894,116371.97061980283,93472.7389881497,99694.95697505308,87454.04599077013,84638.69500616631,113031.51099460502,100795.72746366433,94591.57384020093
2019-10-18,149139.36968575665,103415.73490587773,90446.2830810152,110062.18356770894,116371.97061980283,93472.7389881497,99694.95697505308,89304.60725369453,84638.69500616631,112390.01399227274,100795.72746366433,94591.57384020093
2019-10-21,149139.36968575665,103415.73490587773,90446.2830810152,109931.16529456584,116371.97061980283,93472.7389881497,99694.95697505308,89304.60725369453,84638.69500616631,112390.01399227274,100795.72746366433,94591.57384020093
2019-10-22,149139.36968575665,103415.73490587773,90110.56958193486,109931.16529456584,116371.97061980283,93472.7389881497,99694.95697505308,89304.60725369453,84638.69500616631,112390.01399227274,100795.72746366433,94591.57384020093
2019-10-23,149139.36968575665,102806.99665964746,90110.56958193486,109931.16529456584,116371.97061980283,93472.7389881497,100207.03720729332,89304.60725369453,88056.79186417248,112390.01399227274,100465.2486001561,94591.57384020093
2019-10-24,149139.36968575665,102806.99665964746,93521.3306233117,109748.7797962333,116371.97061980283,92714.00996990688,99397.80172699963,89304.60725369453,88056.79186417248,112390.01399227274,104392.36399925155,94591.57384020093
2019-10-25,149139.36968575665,102806.99665964746,93521.3306233117,110577.15969029536,116371.97061980283,91847.58109646598,98485.84259593896,89304.60725369453,91175.6674764666,112390.01399227274,104392.36399925155,94591.57384020093
2019-10-28,149139.36968575665,102806.99665964746,93521.3306233117,110577.15969029536,116371.97061980283,91847.58109646598,98485.84259593896,89304.60725369453,91120.01034885069,112390.01399227274,104392.36399925155,94591.57384020093
2019-10-29,149139.36968575665,102806.99665964746,93521.3306233117,110577.15969029536,120249.49567711988,93452.68937278679,100005.19210830255,89304.60725369453,91120.01034885069,119311.21851073853,104392.36399925155,94591.57384020093
2019-10-30,152748.4640692469,104628.44780748659,93521.3306233117,113530.47446184195,119857.05379256193,92926.75573677849,99642.69869131368,88677.85727909007,89685.8313839869,122457.72695690111,108227.20394019912,94591.57384020093
2019-10-31,151290.80584889415,103554.44073066564,93604.59539939126,113369.88003021941,119857.05379256193,93633.24429947569,99397.46528111667,91299.68799065512,91853.59932478545,119060.1070830719,108227.20394019912,94591.57384020093
2019-11-01,150826.61565189212,105777.59097432425,93532.22105058178,113369.88003021941,119857.05379256193,93633.24429947569,99397.46528111667,91299.68799065512,91062.03248512483,118655.91403423935,108227.20394019912,94591.57384020093
2019-11-04,150512.94414766956,104706.04658731502,92619.10608982028,113117.85266717894,119857.05379256193,95313.55915971419,100965.13648872412,91299.68799065512,90881.99087377997,118655.91403423935,108227.20394019912,94591.57384020093
2019-11-05,150512.94414766956,104706.04658731502,92454.3098795784,113117.85266717894,119857.05379256193,94767.99311744333,100456.14368234319,91299.68799065512,90881.99087377997,118655.91403423935,108227.20394019912,94591.57384020093
2019-11-06,150512.94414766956,106699.7600007375,92454.3098795784,113117.85266717894,119857.05379256193,94767.99311744333,100456.14368234319,91299.68799065512,90881.99087377997,118655.91403423935,108227.20394019912,94591.57384020093
2019-11-07,149533.29625980818,105648.14557852788,91503.12782503714,113117.85266717894,119857.05379256193,94767.99311744333,100456.14368234319,90709.09934295555,90881.99087377997,118655.91403423935,107923.24479827708,99622.64681571332
2019-11-08,149533.29625980818,105648.14557852788,91382.44494668562,113117.85266717894,119857.05379256193,94767.99311744333,100456.14368234319,90709.09934295555,90881.99087377997,118655.91403423935,107923.24479827708,99401.47662087265
2019-11-11,149533.29625980818,104648.28622279294,91243.12317874862,113117.85266717894,119857.05379256193,94767.99311744333,100456.14368234319,90709.09934295555,90881.99087377997,118655.91403423935,107923.24479827708,98903.41786151056
2019-11-12,149533.29625980818,104648.28622279294,91243.12317874862,113117.85266717894,121678.18208392296,94767.99311744333,100456.14368234319,90709.09934295555,90881.99087377997,118655.91403423935,107704.48836877225,98660.64316542601
2019-11-13,149146.44906152695,104648.28622279294,91243.12317874862,113117.85266717894,126231.09367008964,94432.42992570625,100456.14368234319,90709.09934295555,90881.99087377997,120979.71009446493,107467.9096361102,98420.37997905031
2019-11-14,149146.44906152695,104648.28622279294,91243.12317874862,113117.85266717894,126231.09367008964,94432.42992570625,100456.14368234319,90709.09934295555,90881.99087377997,120979.71009446493,107467.9096361102,98420.37997905031
2019-11-15,149146.44906152695,104648.28622279294,93841.92820951865,113117.85266717894,126231.09367008964,94432.42992570625,100456.14368234319,90709.09934295555,90881.99087377997,120979.71009446493,111704.24419713313,101936.60487796091
2019-11-18,149146.44906152695,104648.28622279294,93725.64118744669,113117.85266717894,125877.45700433427,95698.82114121594,101637.67126455034,90709.09934295555,90881.99087377997,123453.62593280995,111656.30868808531,101936.60487796091
2019-11-19,147918.59785374117,109548.83240982148,93725.64118744669,114439.80970435364,125877.45700433427,97738.80925735252,101493.0162400895,90709.09934295555,90392.5835746375,123305.64651196585,111284.2058825531,102065.86334032101
2019-11-20,147918.59785374117,109548.83240982148,97373.35313002675,114439.80970435364,125473.06183253977,97738.80925735252,101493.0162400895,94210.74334459633,90230.30088243433,123028.07021058095,111284.2058825531,101627.53035612123
2019-11-21,147664.13215244657,109548.83240982148,97373.35313002675,114439.80970435364,124803.04330933132,98074.00373583804,101886.13313711947,93970.43861752031,89847.66566681376,122118.54859411236,111032.90357655282,102600.50465605578
2019-11-22,147664.13215244657,109059.32000799222,97211.88241560126,114439.80970435364,124803.04330933132,98074.00373583804,101886.13313711947,93970.43861752031,93199.35797089645,122118.54859411236,110849.49030018852,102431.02070932082
2019-11-25,147664.13215244657,109059.32000799222,97211.88241560126,114439.80970435364,124803.04330933132,98074.00373583804,101886.13313711947,93970.43861752031,93199.35797089645,122118.54859411236,110849.49030018852,102431.02070932082
2019-11-26,147664.13215244657,109059.32000799222,97211.88241560126,114439.80970435364,129154.67219490561,98074.00373583804,101886.13313711947,97407.91099114233,93199.35797089645,122118.54859411236,110849.49030018852,102431.02070932082
2019-11-27,147664.13215244657,109059.32000799222,100451.98720979964,113865.22441358463,129154.67219490561,96231.02099249615,101886.13313711947,97407.91099114233,94167.6333857228,122118.54859411236,110849.49030018852,102431.02070932082
2019-11-29,147664.13215244657,109059.32000799222,100451.98720979964,113865.22441358463,129154.67219490561,96231.02099249615,101886.13313711947,97407.91099114233,94085.22067742527,122118.54859411236,110849.49030018852,102431.02070932082
2019-12-02,147664.13215244657,109059.32000799222,99563.52322279058,113728.1755140845,128210.0756083446,96231.02099249615,101886.13313711947,95846.18126196285,94085.22067742527,124872.5831694096,112620.25709013474,102068.28746107292
2019-12-03,147664.13215244657,109059.32000799222,98297.24129588374,113815.6816765233,127179.04360707288,95951.29434322905,101886.13313711947,95065.58511975642,93987.94130966494,124152.15061026106,112126.7011569717,100815.10046978718
2019-12-04,147664.13215244657,109059.32000799222,98297.24129588374,113815.6816765233,130216.56418655868,95951.29434322905,101886.13313711947,95065.58511975642,93987.94130966494,124152.15061026106,112126.7011569717,100815.10046978718
2019-12-05,147664.13215244657,109059.32000799222,98297.24129588374,113815.6816765233,130216.56418655868,95951.29434322905,101886.13313711947,95065.58511975642,93987.94130966494,124152.15061026106,112126.7011569717,100815.10046978718
2019-12-06,148491.93637433616,109059.32000799222,98297.24129588374,113815.6816765233,130216.56418655868,95951.29434322905,101437.23740735087,95065.58511975642,93443.16455520016,124152.15061026106,112126.7011569717,100815.10046978718
2019-12-09,148491.93637433616,109059.32000799222,98297.24129588374,116957.45612018493,130216.56418655868,95951.29434322905,101437.23740735087,95065.58511975642,93331.32578163157,124152.15061026106,112126.7011569717,100815.10046978718
2019-12-10,148491.93637433616,109059.32000799222,98297.24129588374,116957.45612018493,130216.56418655868,95951.29434322905,101437.23740735087,93944.95083781223,93331.32578163157,124152.15061026106,112126.7011569717,100815.10046978718
2019-12-11,148491.93637433616,109059.32000799222,98237.78292746864,116957.45612018493,130216.56418655868,95951.29434322905,100411.64704518323,93280.1547493176,93331.32578163157,122923.67966286112,112126.7011569717,100815.10046978718
2019-12-12,148491.93637433616,109059.32000799222,98237.78292746864,116957.45612018493,130216.56418655868,95951.29434322905,100411.64704518323,93280.1547493176,93331.32578163157,122923.67966286112,111765.03199861488,100815.10046978718
2019-12-13,148491.93637433616,109059.32000799222,98237.78292746864,116578.66867010697,130216.56418655868,95951.29434322905,100411.64704518323,93280.1547493176,93331.32578163157,122923.67966286112,111558.23624095686,100815.10046978718
2019-12-16,149649.51794314125,109059.32000799222,98237.78292746864,116578.66867010697,130216.56418655868,95951.29434322905,100411.64704518323,93280.1547493176,93331.32578163157,122923.67966286112,111558.23624095686,100815.10046978718
2019-12-17,154463.58255947428,109059.32000799222,98237.78292746864,115738.23783079084,130216.56418655868,95951.29434322905,100411.64704518323,95001.71486308693,93331.32578163157,122923.67966286112,110841.69918409926,100753.73671975853
2019-12-18,154463.58255947428,109059.32000799222,98187.38960062174,115738.23783079084,129714.92503110987,95951.29434322905,100411.64704518323,95001.71486308693,93331.32578163157,122923.67966286112,110841.69918409926,100722.78664091261
2019-12-19,153884.88576635337,109059.32000799222,97794.54020828132,115738.23783079084,129714.92503110987,95951.29434322905,100411.64704518323,95001.71486308693,93331.32578163157,122923.67966286112,110841.69918409926,100722.78664091261
2019-12-20,153884.88576635337,109059.32000799222,97794.54020828132,115738.23783079084,129714.92503110987,95741.34438328528,102877.53566476861,95001.71486308693,93331.32578163157,122720.78285893201,110841.69918409926,100339.8093772979
2019-12-23,153884.88576635337,109059.32000799222,97485.99821135214,115738.23783079084,129714.92503110987,95741.34438328528,102877.53566476861,94804.9957399024,93331.32578163157,122720.78285893201,110841.69918409926,100339.8093772979
2019-12-24,153884.88576635337,109059.32000799222,97485.99821135214,115738.23783079084,129714.92503110987,95741.34438328528,102877.53566476861,94804.9957399024,95691.42657520888,125418.17289314134,110841.69918409926,100004.18579722299
2019-12-26,153884.88576635337,109059.32000799222,97485.99821135214,115738.23783079084,129714.92503110987,95741.34438328528,102877.53566476861,94804.9957399024,95416.03116875034,125418.17289314134,110841.69918409926,99830.12952989872
2019-12-27,156830.6522892243,111055.20217660004,101378.56894557683,115738.23783079084,129714.92503110987,95741.34438328528,102877.53566476861,96986.64869387272,95416.03116875034,130627.9871467453,110841.69918409926,99830.12952989872
2019-12-30,155787.21265241835,111055.20217660004,101378.56894557683,115738.23783079084,129714.92503110987,95741.34438328528,102877.53566476861,96308.3509223259,95416.03116875034,130627.9871467453,110459.06052629027,99830.12952989872
2019-12-31,155787.21265241835,111055.20217660004,101085.6897088712,118768.78269359177,129714.92503110987,95741.34438328528,102877.53566476861,96308.3509223259,95416.03116875034,130627.9871467453,110459.06052629027,99830.12952989872
2020-01-02,155361.18464185938,110740.2116942916,99947.27876971544,118768.78269359177,129714.92503110987,95741.34438328528,102877.53566476861,96308.3509223259,95416.03116875034,129719.23453946147,110459.06052629027,99794.96443843261
2020-01-03,155083.7636746412,110740.2116942916,99652.22256860869,118768.78269359177,129271.63360516452,95741.34438328528,102877.53566476861,96308.3509223259,95416.03116875034,129719.23453946147,110459.06052629027,99582.72766790664
2020-01-06,155083.7636746412,110740.2116942916,99247.12296201897,118250.2048275937,128817.10658588138,95741.34438328528,102877.53566476861,95736.17954849599,95416.03116875034,128882.04290250235,110459.06052629027,102244.41574215588
2020-01-07,155083.7636746412,113227.11430992724,99171.87819773966,118250.2048275937,128817.10658588138,95741.34438328528,102877.53566476861,97259.91764877456,95235.44085924854,128489.52220978176,110459.06052629027,101826.00529720748
2020-01-08,156592.64803988082,112097.60669920042,98093.7846403784,118250.2048275937,128817.10658588138,95741.34438328528,102877.53566476861,96404.55837007058,95235.44085924854,128198.19651218517,110459.06052629027,101791.22439005949
2020-01-09,156592.64803988082,111540.2089866731,98093.7846403784,118250.2048275937,128817.10658588138,95741.34438328528,102877.53566476861,96404.55837007058,95235.44085924854,128198.19651218517,110459.06052629027,101745.60471798628
2020-01-10,156592.64803988082,111540.2089866731,98093.7846403784,118250.2048275937,132296.7490243921,95741.34438328528,102877.53566476861,96331.86827305668,95235.44085924854,131363.45407175893,110459.06052629027,101745.60471798628
2020-01-13,156592.64803988082,111540.2089866731,98093.7846403784,118250.2048275937,132296.7490243921,95741.34438328528,102877.53566476861,96331.86827305668,95235.44085924854,131363.45407175893,110459.06052629027,101386.4432271983
2020-01-14,157584.53696055917,111540.2089866731,98093.7846403784,118250.2048275937,132296.7490243921,95184.60703576534,104378.22208505825,96331.86827305668,95235.44085924854,131363.45407175893,110459.06052629027,101386.4432271983
2020-01-15,157584.53696055917,111540.2089866731,98093.7846403784,118250.2048275937,132296.7490243921,95184.60703576534,104378.22208505825,96331.86827305668,95235.44085924854,131903.1902132688,110459.06052629027,101386.4432271983
2020-01-16,157584.53696055917,111540.2089866731,98093.7846403784,118250.2048275937,132296.7490243921,95184.60703576534,104378.22208505825,98112.11115255427,95235.44085924854,134224.73054414653,110459.06052629027,101386.4432271983
2020-01-17,157584.53696055917,111540.2089866731,98093.7846403784,118250.2048275937,132296.7490243921,95184.60703576534,104378.22208505825,98112.11115255427,98926.13541489762,134224.73054414653,114899.27786804657,101386.4432271983
2020-01-21,157123.23540102295,111540.2089866731,102208.17932684453,118250.2048275937,135512.7869062553,95184.60703576534,104378.22208505825,98112.11115255427,98926.13541489762,133154.9769004257,114899.27786804657,101386.4432271983
2020-01-22,157123.23540102295,111540.2089866731,102208.17932684453,118250.2048275937,135512.7869062553,95184.60703576534,104378.22208505825,98112.11115255427,98649.38836741964,133154.9769004257,115057.08209042864,101386.4432271983
2020-01-23,155792.5539965135,111540.2089866731,101991.69090262895,118250.2048275937,135068.05353324173,97295.4165799828,106599.95325859867,101311.68490564876,98418.68444697351,135049.78501818838,115057.08209042864,101386.4432271983
2020-01-24,155792.5539965135,111540.2089866731,101265.31763591868,118250.2048275937,135068.05353324173,96618.49585593225,105877.39504706109,100993.21586377005,97396.2410323516,135049.78501818838,114916.72078919051,101386.4432271983
2020-01-27,153763.22115973683,109504.31445318219,100352.08740765227,118250.2048275937,134234.175032171,97188.87452431649,106487.76622727084,98760.79782580494,97396.2410323516,133102.37296026896,112838.83654868817,100986.38947021728
2020-01-28,157120.9961719999,112721.98445465323,100352.08740765227,121039.14551134885,134234.175032171,97589.52662751397,106763.91085839602,98760.79782580494,99452.51683461851,133102.37296026896,113259.60259254852,100986.38947021728
2020-01-29,156446.9566302059,112721.98445465323,101684.83224910496,120340.13717705593,134234.175032171,100537.40397844523,108925.82438624372,98760.79782580494,97971.90948048787,132840.91516289703,113200.06119367368,100986.38947021728
2020-01-30,156792.5091161644,111570.4481592919,101684.83224910496,119764.16208253856,134234.175032171,99587.46387994436,108072.79556771627,98760.79782580494,96466.85357427048,131433.98692035687,113125.25486297684,100986.38947021728
2020-01-31,155306.37547555595,111570.4481592919,100879.47555549898,118724.61894730692,133204.75249862808,99587.46387994436,108072.79556771627,98057.64361485922,95379.2965385141,131433.98692035687,113125.25486297684,100339.69946282312
2020-02-03,155306.37547555595,111570.4481592919,100555.60816965406,118724.61894730692,132716.73078289637,99587.46387994436,108072.79556771627,97698.39022051787,95379.2965385141,131433.98692035687,117758.11289085766,100339.69946282312
2020-02-04,155306.37547555595,114007.09385525167,100555.60816965406,117469.95641317274,132716.73078289637,99587.46387994436,108072.79556771627,98751.21470830952,94693.93044756216,131433.98692035687,122005.87834647036,100339.69946282312
2020-02-05,153688.62840907325,112305.30294284702,100555.60816965406,116693.14880258511,132716.73078289637,99587.46387994436,108072.79556771627,98751.21470830952,94693.93044756216,131433.98692035687,123445.99694837435,100339.69946282312
2020-02-06,152611.08091059668,111212.25682528807,100235.30662753839,115342.3605168125,132716.73078289637,101073.89551015016,111026.93013133394,98306.885173958,94693.93044756216,129400.33362123702,123445.99694837435,104331.97741979412
2020-02-07,152611.08091059668,111212.25682528807,101923.11921068832,115072.05236465904,132716.73078289637,101073.89551015016,111026.93013133394,102358.60000671468,94693.93044756216,129278.22194014602,128109.21819358417,104298.64718081753
2020-02-10,152611.08091059668,111212.25682528807,101753.16092055745,114969.81919879912,132716.73078289637,101073.89551015016,111026.93013133394,101527.2625505421,94693.93044756216,129278.22194014602,128109.21819358417,104298.64718081753
2020-02-11,152611.08091059668,111212.25682528807,101753.16092055745,114969.81919879912,132716.73078289637,101073.89551015016,111026.93013133394,101527.2625505421,94693.93044756216,129278.22194014602,128109.21819358417,107315.78548733538
2020-02-12,152023.70557151467,110616.4331285683,101753.16092055745,114853.72519308518,137753.02088244678,103231.8174546605,111026.93013133394,99845.16521631464,94693.93044756216,129278.22194014602,128021.83309113128,107088.0576476208
2020-02-13,152023.70557151467,110616.4331285683,102144.61505137125,114643.70532509137,137753.02088244678,103231.8174546605,111026.93013133394,99845.16521631464,94693.93044756216,129278.22194014602,128021.83309113128,107088.0576476208
2020-02-14,152023.70557151467,110616.4331285683,101676.95752254623,114069.87327980921,137753.02088244678,103231.8174546605,114872.82235065928,99042.51846093488,93994.6564244467,129278.22194014602,132272.61847748177,107088.0576476208
2020-02-18,152023.70557151467,110616.4331285683,101676.95752254623,114069.87327980921,142909.59679629307,103231.8174546605,114872.82235065928,97990.22523153362,93935.93764993492,134549.075880812,132223.6455751435,106863.16355410834
2020-02-19,152023.70557151467,110616.4331285683,101676.95752254623,114069.87327980921,142909.59679629307,103231.8174546605,114872.82235065928,100825.27068547174,94979.8673137043,133963.73448722277,139264.6351312434,107507.76687155811
2020-02-20,152023.70557151467,110616.4331285683,101516.30265270881,114069.87327980921,142909.59679629307,103655.6079736982,114872.82235065928,100825.27068547174,95165.95637404794,133566.3758150147,139175.01319906538,107035.49889703882
2020-02-21,151018.11105514324,109475.46059137817,101516.30265270881,114069.87327980921,142909.59679629307,103655.6079736982,114872.82235065928,98208.06270726756,95165.95637404794,132643.47837601256,138381.14474806626,106786.33564470391
2020-02-24,149874.49993121694,108074.40188417472,98429.02584569037,112834.98561532973,138704.35482074434,103519.03856637918,114948.83845017907,97513.64240987539,92645.00193631888,130276.42405371445,135197.50111148463,105009.01948229807
2020-02-25,149874.49993121694,108074.40188417472,96695.4205280709,111258.24791797592,137326.192729047,101399.54212831875,112309.20456861971,96332.50085732887,91554.17966225102,128755.93744907854,133094.2885370584,102941.36503313064
2020-02-26,147636.35327755325,107181.46999309887,96383.49555397248,110176.52159190299,136387.97886832018,100606.37784720302,111472.85412338599,95035.7389141421,90356.77602749442,132254.75561464866,132090.0312550119,102194.32156437778
2020-02-27,142113.18116566795,104948.13737563718,93362.68113235683,109107.14486766819,133915.014156574,97626.85503928817,108204.92687113221,90494.48609543135,88843.02821984704,129918.2448537339,129663.93509229983,100225.79088489969
2020-02-28,140066.0070567857,102742.86848544228,89752.79332269245,108142.34826781733,131354.41291566266,95407.85174573383,105745.69246730654,87945.67097499315,87030.73477787407,127731.33507063144,123039.89902121738,95302.43492438427
2020-03-02,140066.0070567857,106173.33431081937,89752.79332269245,108142.34826781733,131354.41291566266,95407.85174573383,105745.69246730654,87945.67097499315,87030.73477787407,130886.89488550797,121216.01892185259,93891.62283806343
2020-03-03,140066.0070567857,106173.33431081937,88939.92819549916,107234.16921105262,128789.55848571194,95407.85174573383,105745.69246730654,87149.1724329794,87030.73477787407,129623.80451582656,119345.40483897836,92483.22562746528
2020-03-04,138627.6947538471,105079.53818569638,88939.92819549916,107234.16921105262,127610.69800731272,95407.85174573383,105745.69246730654,86359.89041757207,86347.66783516212,129623.80451582656,119345.40483897836,92483.22562746528
2020-03-05,138627.6947538471,105079.53818569638,88939.92819549916,106336.40549998608,127610.69800731272,95407.85174573383,105745.69246730654,85740.50410393311,86347.66783516212,129623.80451582656,119345.40483897836,92483.22562746528
2020-03-06,138627.6947538471,104574.56930825918,87548.01968561373,106336.40549998608,124861.3516534776,95407.85174573383,105745.69246730654,85009.31844416853,86347.66783516212,127460.6213865344,119345.40483897836,92483.22562746528
2020-03-09,133728.1759726966,99281.40768184132,86419.96888275477,105496.77340859156,120733.61436976929,93273.22446518969,103379.45905259375,82902.66300284193,82595.18299459408,120198.96062081217,113562.39456304519,87988.74714278776
2020-03-10,132351.94300921576,98259.67576245563,85868.15710176018,105496.77340859156,120733.61436976929,93273.22446518969,101796.04323630562,82361.96164375449,81143.3106051104,118961.96048543105,112308.93082385951,87017.83797015864
2020-03-11,135723.8259010438,102657.46174481913,83329.80774455094,105496.77340859156,119447.20854327892,93273.22446518969,100649.93965345722,80643.76782263773,79360.930293307,117065.28612060071,111141.66866721468,86113.43412203617
2020-03-12,132253.94861031565,101532.81973702463,76771.54531104043,105496.77340859156,117668.79431393743,92677.5783729753,96257.68588106934,74036.73283386308,73614.18343887653,113087.30286261273,104305.8648938039,80817.00483166419
2020-03-13,132253.94861031565,101532.81973702463,76771.54531104043,105496.77340859156,117668.79431393743,92135.14953742732,95656.4826071279,74036.73283386308,73614.18343887653,113087.30286261273,103221.71877554353,79976.99988882724
2020-03-16,131143.1166596422,100680.02175714597,72687.22451676014,105496.77340859156,116336.60583957218,92135.14953742732,89385.8205954031,69570.87677868696,68174.3970127253,112137.45606744887,102163.007951354,79156.70241196941
2020-03-17,131143.1166596422,100680.02175714597,72687.22451676014,105496.77340859156,116336.60583957218,92135.14953742732,89385.8205954031,69570.87677868696,68174.3970127253,112137.45606744887,102163.007951354,79156.70241196941
2020-03-18,128996.25054136719,99813.64574592197,72687.22451676014,105496.77340859156,119090.23859649598,92135.14953742732,91771.00351687528,71374.30463977314,70488.48740971835,114108.07905254584,102163.007951354,79156.70241196941
2020-03-19,124990.997557085,96920.59271005653,74106.01286097072,105496.77340859156,117894.15238585249,92135.14953742732,90635.76698265313,71098.74113229844,68770.54934765786,115835.92230866222,101119.25874413858,78347.99731366592
2020-03-20,120571.01473605844,93326.79991784686,74106.01286097072,105496.77340859156,117894.15238585249,92135.14953742732,89233.59862230756,69424.01010619932,67547.50120510113,113041.7659068866,101119.25874413858,78347.99731366592
2020-03-23,120571.01473605844,93326.79991784686,73639.98714063028,105496.77340859156,116024.18555555603,92135.14953742732,87235.25743190573,67864.48642436435,66583.59391284983,113041.7659068866,100288.74301173676,77704.50718943727
2020-03-24,120571.01473605844,93326.79991784686,73639.98714063028,105496.77340859156,116024.18555555603,92135.14953742732,87235.25743190573,67864.48642436435,66583.59391284983,113041.7659068866,100288.74301173676,77704.50718943727
2020-03-25,120571.01473605844,93326.79991784686,73639.98714063028,105496.77340859156,114819.64898346164,92135.14953742732,93248.16095226488,70199.9584857129,68880.29503651075,113041.7659068866,100288.74301173676,77704.50718943727
2020-03-26,120571.01473605844,93326.79991784686,73639.98714063028,105496.77340859156,114819.64898346164,93919.86349964155,99161.92034956414,72520.3002130581,71994.52839080995,113041.7659068866,100288.74301173676,77704.50718943727
2020-03-27,120571.01473605844,93326.79991784686,73639.98714063028,105496.77340859156,114819.64898346164,93919.86349964155,99161.92034956414,72520.3002130581,71994.52839080995,113041.7659068866,100288.74301173676,77704.50718943727
2020-03-30,120571.01473605844,93326.79991784686,75092.08817725934,105496.77340859156,114819.64898346164,93919.86349964155,100197.55648987847,73343.16602753355,72801.82423826256,113041.7659068866,100288.74301173676,77704.50718943727
2020-03-31,120571.01473605844,93326.79991784686,75092.08817725934,105496.77340859156,114819.64898346164,93919.86349964155,99365.17396677323,72733.87402751663,72197.02938827807,113041.7659068866,100288.74301173676,77704.50718943727
2020-04-01,120571.01473605844,93326.79991784686,75092.08817725934,105496.77340859156,114819.64898346164,93919.86349964155,98677.00234048234,71730.0417457821,71535.13142551508,113041.7659068866,100288.74301173676,77704.50718943727
2020-04-02,119383.62875111535,93326.79991784686,75092.08817725934,105496.77340859156,114819.64898346164,93919.86349964155,97867.69207448437,71730.0417457821,71535.13142551508,112026.45952167061,100288.74301173676,77704.50718943727
2020-04-03,119383.62875111535,93326.79991784686,75092.08817725934,105496.77340859156,114819.64898346164,93919.86349964155,97306.24483385585,71028.70073712229,70847.02771508505,112026.45952167061,100288.74301173676,77704.50718943727
2020-04-06,119383.62875111535,93326.79991784686,75092.08817725934,105496.77340859156,114819.64898346164,93919.86349964155,97306.24483385585,72464.08327008582,72255.31845328961,112026.45952167061,100288.74301173676,77704.50718943727
2020-04-07,119383.62875111535,93326.79991784686,75092.08817725934,105496.77340859156,113910.17462612697,93919.86349964155,96700.97212689753,71712.84557383365,72255.31845328961,111139.10972414054,100288.74301173676,77704.50718943727
2020-04-08,119383.62875111535,93326.79991784686,75092.08817725934,105496.77340859156,113910.17462612697,95542.34515663132,98381.95409887504,72806.27654876316,73479.21293776584,111139.10972414054,100288.74301173676,77704.50718943727
2020-04-09,119383.62875111535,93326.79991784686,75092.08817725934,105496.77340859156,113910.17462612697,95542.34515663132,98381.95409887504,72806.27654876316,73479.21293776584,111139.10972414054,100288.74301173676,77704.50718943727
2020-04-13,119383.62875111535,93326.79991784686,74311.3559547385,105496.77340859156,113910.17462612697,95542.34515663132,97370.26135416188,72067.79135364702,72742.61659653179,111139.10972414054,99305.49065958922,76942.67553044899
2020-04-14,119383.62875111535,93326.79991784686,74311.3559547385,105496.77340859156,113910.17462612697,95542.34515663132,97370.26135416188,72067.79135364702,72742.61659653179,111139.10972414054,99305.49065958922,76942.67553044899
2020-04-15,119383.62875111535,93326.79991784686,74311.3559547385,104404.37733717638,113910.17462612697,95542.34515663132,97370.26135416188,71559.38073436858,72742.61659653179,111139.10972414054,99305.49065958922,76942.67553044899
2020-04-16,121987.04470501623,93326.79991784686,74311.3559547385,104404.37733717638,113910.17462612697,96621.94696466034,98488.78936240953,71559.38073436858,73721.6838654606,113582.08683104158,99305.49065958922,76942.67553044899
2020-04-17,121987.04470501623,93326.79991784686,74311.3559547385,104404.37733717638,113910.17462612697,96621.94696466034,98488.78936240953,73924.18639528714,73630.14284280583,113582.08683104158,99305.49065958922,76942.67553044899
2020-04-20,121987.04470501623,94891.38669543645,74311.3559547385,104404.37733717638,113910.17462612697,96621.94696466034,98488.78936240953,73924.18639528714,73630.14284280583,113582.08683104158,99305.49065958922,76942.67553044899
2020-04-21,121987.04470501623,94891.38669543645,74311.3559547385,104404.37733717638,113071.01865535985,96621.94696466034,98488.78936240953,73924.18639528714,73630.14284280583,113256.2094149931,99305.49065958922,76942.67553044899
2020-04-22,121987.04470501623,94891.38669543645,74311.3559547385,104404.37733717638,113071.01865535985,96621.94696466034,98488.78936240953,73924.18639528714,73630.14284280583,113256.2094149931,99305.49065958922,76942.67553044899
2020-04-23,121987.04470501623,94891.38669543645,74311.3559547385,103884.19867080059,112403.3675313331,96621.94696466034,98488.78936240953,73924.18639528714,73630.14284280583,113256.2094149931,99305.49065958922,76942.67553044899
2020-04-24,121987.04470501623,94891.38669543645,74311.3559547385,103884.19867080059,112403.3675313331,96621.94696466034,98488.78936240953,73924.18639528714,73376.0178162001,113256.2094149931,99305.49065958922,76942.67553044899
2020-04-27,121987.04470501623,94891.38669543645,74311.3559547385,103884.19867080059,112403.3675313331,96621.94696466034,98488.78936240953,73924.18639528714,73376.0178162001,113256.2094149931,99305.49065958922,76942.67553044899
2020-04-28,121987.04470501623,94891.38669543645,74311.3559547385,103884.19867080059,112403.3675313331,96621.94696466034,98488.78936240953,73924.18639528714,73376.0178162001,113256.2094149931,99305.49065958922,76942.67553044899
2020-04-29,121987.04470501623,94077.1805085868,74311.3559547385,102812.22103594308,112403.3675313331,97951.50727191569,98488.78936240953,73738.1965561475,73376.0178162001,113256.2094149931,99305.49065958922,76942.67553044899
2020-04-30,121987.04470501623,94077.1805085868,74311.3559547385,102812.22103594308,112403.3675313331,97951.50727191569,98488.78936240953,73637.95768095441,73376.0178162001,113256.2094149931,103276.92486133437,80019.77399847713
2020-05-01,121987.04470501623,94077.1805085868,74311.3559547385,101548.40528113702,110863.11806022671,97951.50727191569,98488.78936240953,72814.81626244736,73376.0178162001,112202.82928720083,103178.20295488005,79943.28348858075
2020-05-04,121987.04470501623,94077.1805085868,74311.3559547385,101548.40528113702,110863.11806022671,97951.50727191569,98488.78936240953,72814.81626244736,73376.0178162001,112202.82928720083,102842.50363816961,79683.18101660379
2020-05-05,121987.04470501623,94077.1805085868,74311.3559547385,101548.40528113702,110863.11806022671,97951.50727191569,98488.78936240953,72814.81626244736,73376.0178162001,112202.82928720083,102738.94586086391,79602.94363592158
2020-05-06,121987.04470501623,94077.1805085868,74311.3559547385,101548.40528113702,110863.11806022671,97951.50727191569,98488.78936240953,72814.81626244736,73376.0178162001,112202.82928720083,102738.94586086391,79602.94363592158
2020-05-07,121987.04470501623,94077.1805085868,74311.3559547385,101548.40528113702,110863.11806022671,97951.50727191569,102401.65069329318,74893.17521340793,73376.0178162001,112202.82928720083,102738.94586086391,79602.94363592158
2020-05-08,121987.04470501623,94077.1805085868,74311.3559547385,101548.40528113702,109787.79358031493,97951.50727191569,102401.65069329318,74893.17521340793,73376.0178162001,112202.82928720083,102738.94586086391,79602.94363592158
2020-05-11,121987.04470501623,94077.1805085868,74311.3559547385,101548.40528113702,117551.579846194,97951.50727191569,102401.65069329318,76579.16495712682,73376.0178162001,112202.82928720083,102738.94586086391,79602.94363592158
2020-05-12,121987.04470501623,95731.67003766313,73959.24812366547,101548.40528113702,117551.579846194,97008.90283769884,103229.18196486718,75967.4633526295,73376.0178162001,112202.82928720083,102738.94586086391,79602.94363592158
2020-05-13,121987.04470501623,95731.67003766313,73959.24812366547,101548.40528113702,115768.33852472153,97008.90283769884,102542.85549165016,75967.4633526295,73376.0178162001,112202.82928720083,102738.94586086391,79602.94363592158
2020-05-14,121987.04470501623,95731.67003766313,72484.45954114413,101548.40528113702,113092.81943694953,96195.97951345047,101198.95353266338,75967.4633526295,73376.0178162001,112202.82928720083,101625.01519747045,78739.86139316116
2020-05-15,121987.04470501623,94939.44354969006,72215.18642172116,101548.40528113702,113092.81943694953,96195.97951345047,100847.28784571591,75338.79536147881,73376.0178162001,113523.4737699848,101625.01519747045,78739.86139316116
2020-05-18,121987.04470501623,94939.44354969006,72215.18642172116,101548.40528113702,111927.95238836812,96195.97951345047,100847.28784571591,75338.79536147881,73376.0178162001,112868.24732765624,101625.01519747045,78739.86139316116
2020-05-19,121987.04470501623,94939.44354969006,72215.18642172116,101548.40528113702,111927.95238836812,96195.97951345047,100847.28784571591,75338.79536147881,73376.0178162001,112868.24732765624,101625.01519747045,78739.86139316116
2020-05-20,121987.04470501623,94939.44354969006,71467.58459376008,101548.40528113702,111927.95238836812,96195.97951345047,100847.28784571591,75338.79536147881,73376.0178162001,112868.24732765624,101625.01519747045,78739.86139316116
2020-05-21,121987.04470501623,94939.44354969006,71163.504985221,100460.50052258564,111415.45178861775,96195.97951345047,100847.28784571591,75338.79536147881,73162.87038822756,112868.24732765624,101140.22466332253,78739.86139316116
2020-05-22,121987.04470501623,94939.44354969006,71163.504985221,100460.50052258564,111415.45178861775,96195.97951345047,100847.28784571591,75338.79536147881,73162.87038822756,112868.24732765624,101140.22466332253,78739.86139316116
2020-05-26,121987.04470501623,94939.44354969006,70617.89623378437,100460.50052258564,110588.17856409993,95418.57711461761,100847.28784571591,75338.79536147881,73162.87038822756,112868.24732765624,101140.22466332253,78739.86139316116
2020-05-27,121987.04470501623,94183.5453224738,70150.26089186249,100460.50052258564,110358.61728634367,95418.57711461761,104854.76638389444,74851.59999891992,73162.87038822756,112868.24732765624,100641.87934394002,78739.86139316116
2020-05-28,124067.32655598228,94183.5453224738,70150.26089186249,100460.50052258564,110358.61728634367,95418.57711461761,103995.4459225447,74851.59999891992,73162.87038822756,112868.24732765624,104418.62958101487,81666.11719352698
2020-05-29,124067.32655598228,94183.5453224738,70150.26089186249,107224.05334958626,110358.61728634367,95418.57711461761,107918.17243619748,77722.97922262888,76013.05612315184,117330.89671044052,112375.48218318463,84380.69617458104
2020-06-01,126044.64211430699,94183.5453224738,70150.26089186249,107224.05334958626,110358.61728634367,95418.57711461761,107918.17243619748,77722.97922262888,76013.05612315184,117330.89671044052,112375.48218318463,84380.69617458104
2020-06-02,126044.64211430699,94183.5453224738,70150.26089186249,106550.90303564166,110358.61728634367,95418.57711461761,107918.17243619748,79312.18945809866,76013.05612315184,117330.89671044052,111259.12934462017,84380.69617458104
2020-06-03,126044.64211430699,94183.5453224738,69421.10778853089,106550.90303564166,109227.08470743756,97008.43189303408,107918.17243619748,78870.51496706821,76013.05612315184,117330.89671044052,114217.34040264103,87497.97891857798
2020-06-04,126044.64211430699,94183.5453224738,69421.10778853089,105618.23210868263,108997.23281286919,97008.43189303408,108520.64924047641,78870.51496706821,76013.05612315184,117330.89671044052,113562.73262594639,91020.04003786069
2020-06-05,126044.64211430699,94183.5453224738,68568.4669358188,105618.23210868263,108997.23281286919,96530.03066043076,108520.64924047641,78870.51496706821,76013.05612315184,117054.2561476337,113452.7892980063,91762.98112651437
2020-06-08,126044.64211430699,94183.5453224738,68568.4669358188,105618.23210868263,108997.23281286919,96530.03066043076,108520.64924047641,78870.51496706821,76013.05612315184,116916.61107405323,112517.90261877807,91762.98112651437
2020-06-09,126044.64211430699,94183.5453224738,68568.4669358188,105618.23210868263,108198.59671247429,96530.03066043076,108520.64924047641,78870.51496706821,76013.05612315184,116916.61107405323,110396.39128563186,91664.44100762057
2020-06-10,126044.64211430699,94183.5453224738,68251.48610211446,105618.23210868263,108198.59671247429,96530.03066043076,108520.64924047641,81948.34492760678,76013.05612315184,121307.0074941702,109215.40860177968,91664.44100762057
2020-06-11,124765.5737303494,93414.2446464394,68132.36437292823,104082.85690502796,107214.22991531022,96530.03066043076,107413.24157205466,80617.91333400371,75945.1943228766,119915.29826704059,107073.0076741711,89126.62032971358
2020-06-12,124765.5737303494,92625.643704699,66912.15717509891,104082.85690502796,107214.22991531022,96530.03066043076,107413.24157205466,80617.91333400371,75913.89472459219,119313.80039446705,106042.22093663059,89073.53734956293
2020-06-15,124765.5737303494,92625.643704699,66333.69118192296,103100.50451677603,107214.22991531022,96530.03066043076,106656.07125832124,80449.25361685238,75840.97913197246,119202.7291062198,106042.22093663059,87904.89269131291
2020-06-16,124765.5737303494,92625.643704699,66333.69118192296,103100.50451677603,107214.22991531022,96530.03066043076,106656.07125832124,80449.25361685238,75840.97913197246,119202.7291062198,106042.22093663059,87904.89269131291
2020-06-17,124765.5737303494,92625.643704699,66333.69118192296,103100.50451677603,107214.22991531022,96530.03066043076,106656.07125832124,80449.25361685238,75840.97913197246,119202.7291062198,106042.22093663059,87904.89269131291
2020-06-18,124765.5737303494,92625.643704699,66333.69118192296,102154.55752852284,107214.22991531022,96530.03066043076,106656.07125832124,80449.25361685238,75840.97913197246,119202.7291062198,106042.22093663059,87904.89269131291
2020-06-19,124765.5737303494,94180.31757011858,66333.69118192296,102154.55752852284,107214.22991531022,96530.03066043076,106656.07125832124,80449.25361685238,75840.97913197246,119202.7291062198,111862.6739859651,87904.89269131291
2020-06-22,124765.5737303494,94180.31757011858,66333.69118192296,102154.55752852284,107214.22991531022,96530.03066043076,106656.07125832124,80449.25361685238,75840.97913197246,119202.7291062198,111530.05778895489,87904.89269131291
2020-06-23,124765.5737303494,96839.52164957784,66333.69118192296,103397.4788434207,107214.22991531022,96530.03066043076,106656.07125832124,80449.25361685238,75840.97913197246,121127.5933572685,115501.49199070003,90981.99115934105
2020-06-24,123541.24315531594,96080.22738978328,66333.69118192296,103397.4788434207,107214.22991531022,94862.86275723181,106465.7050246499,80309.90827978717,75549.29153698708,120912.82429525624,113777.38043346464,89551.74253853688
2020-06-25,123541.24315531594,96080.22738978328,66102.79478576596,103397.4788434207,107214.22991531022,94496.1410869494,106225.49872113403,80309.90827978717,75549.29153698708,120684.19878891877,112303.4390305908,89551.74253853688
2020-06-26,123541.24315531594,96080.22738978328,65883.08203009497,102768.4040566853,107214.22991531022,93665.22086971004,105939.88823596363,80086.51772324849,74640.34973588157,120684.19878891877,111137.35496272962,88641.88049863536
2020-06-29,123541.24315531594,96080.22738978328,65206.22781732971,102768.4040566853,107214.22991531022,93665.22086971004,105939.88823596363,80086.51772324849,74640.34973588157,119800.64826503552,110520.43948581997,88435.99068095448
2020-06-30,126749.89741545361,96080.22738978328,65206.22781732971,102768.4040566853,107214.22991531022,93665.22086971004,105939.88823596363,80086.51772324849,74640.34973588157,119800.64826503552,114760.53056674177,88435.99068095448
2020-07-01,126749.89741545361,97768.2023545865,65206.22781732971,102768.4040566853,107214.22991531022,93665.22086971004,105939.88823596363,80086.51772324849,76421.55865163979,122562.27928088696,114760.53056674177,88145.22675763814
2020-07-02,129578.67894449345,99408.86804253819,67855.94922710584,102768.4040566853,106195.99709282254,95388.4375112235,108951.43218359648,81117.5856515068,76421.55865163979,124471.66999978991,114760.53056674177,94789.34316954669
2020-07-06,133180.35002662975,99408.86804253819,67855.94922710584,102768.4040566853,106195.99709282254,95388.4375112235,111152.07844944943,81117.5856515068,76811.63511565447,124471.66999978991,114760.53056674177,94789.34316954669
2020-07-07,132411.3956235434,99408.86804253819,69128.24148244571,106946.07626102837,110016.85545947053,95388.4375112235,110872.58742238244,83762.98569770354,79692.24271726825,124065.58729708682,114760.53056674177,94434.21362367095
2020-07-08,132411.3956235434,99408.86804253819,70065.65720789632,108787.28707561761,110016.85545947053,95388.4375112235,111873.67351093666,83762.98569770354,79692.24271726825,124065.58729708682,114760.53056674177,94434.21362367095
2020-07-09,132411.3956235434,102305.29199555134,69197.84931407931,107678.65901939714,110016.85545947053,95136.93204178395,111432.47348974552,83762.98569770354,79692.24271726825,124065.58729708682,114760.53056674177,94434.21362367095
2020-07-10,132411.3956235434,104354.26725721124,69197.84931407931,106559.65188710733,110016.85545947053,95136.93204178395,111432.47348974552,83762.98569770354,79692.24271726825,124065.58729708682,114760.53056674177,94434.21362367095
2020-07-13,131232.47111481303,104534.52475015857,69197.84931407931,105493.76991541895,114407.03491086687,95136.93204178395,111432.47348974552,86646.45240607209,82138.25466191937,130553.1101366073,117987.06970588662,94434.21362367095
2020-07-14,130249.35550208222,103942.1020761587,69197.84931407931,103658.19396523785,113723.73431788913,95136.93204178395,111432.47348974552,86024.53690838725,82031.62872370976,127742.98750948698,117385.5718683314,93798.57138129437
2020-07-15,130249.35550208222,103942.1020761587,69197.84931407931,103658.19396523785,113723.73431788913,95136.93204178395,111432.47348974552,87717.99067908217,83520.31241253969,127742.98750948698,119691.55950588961,93798.57138129437
2020-07-16,130249.35550208222,103104.62776316557,69197.84931407931,103658.19396523785,113723.73431788913,95136.93204178395,111432.47348974552,87717.99067908217,83520.31241253969,127742.98750948698,119457.20131853968,93798.57138129437
2020-07-17,130249.35550208222,103104.62776316557,69197.84931407931,103104.19277446809,113723.73431788913,95136.93204178395,112973.49999161868,89141.52704137773,83520.31241253969,127742.98750948698,123656.47324487606,93798.57138129437
2020-07-20,130249.35550208222,104759.39185106337,69197.84931407931,103672.41678995371,115905.32768592166,94597.34243962013,115180.18616679919,89141.52704137773,83520.31241253969,127742.98750948698,123656.47324487606,93798.57138129437
2020-07-21,130249.35550208222,104759.39185106337,69197.84931407931,103672.41678995371,115448.69553689704,94597.34243962013,115180.18616679919,89141.52704137773,83520.31241253969,127742.98750948698,123656.47324487606,97327.98552722653
2020-07-22,132638.46355258656,104759.39185106337,69197.84931407931,103672.41678995371,117866.61706697516,94597.34243962013,115180.18616679919,90637.13325141254,83520.31241253969,132716.7653106753,123656.47324487606,97327.98552722653
2020-07-23,132638.46355258656,106087.54886262424,69197.84931407931,103672.41678995371,122620.09633967906,94597.34243962013,115180.18616679919,90637.13325141254,83520.31241253969,132716.7653106753,122715.83434682935,100694.08182961255
2020-07-24,132638.46355258656,105088.97541220117,69197.84931407931,103672.41678995371,120645.26488907846,94597.34243962013,115180.18616679919,89937.98781376942,83520.31241253969,132716.7653106753,120350.50317344743,100664.36306872938
2020-07-27,132638.46355258656,105088.97541220117,69197.84931407931,103672.41678995371,120645.26488907846,94597.34243962013,115180.18616679919,89937.98781376942,83520.31241253969,132716.7653106753,119369.42660163993,100358.48106826775
2020-07-28,132638.46355258656,105088.97541220117,69197.84931407931,103564.62017229451,120252.81192705993,97527.4776543603,115180.18616679919,90930.4701032607,83520.31241253969,132716.7653106753,121929.02296476811,100358.48106826775
2020-07-29,131671.29837324383,105088.97541220117,71824.6634706498,102487.70636962206,122530.53047984967,101330.21357832669,118553.82378593736,90269.56770068228,83520.31241253969,136473.01205846271,121929.02296476811,103472.51319632407
2020-07-30,134556.19707417287,105088.97541220117,71824.6634706498,102487.70636962206,122400.88512494277,101330.21357832669,122868.30047702935,92075.54395676663,86594.15978592541,138563.2125959221,121406.494996931,102899.11607038682
2020-07-31,140654.17028328506,107861.94104301077,74056.35567916164,102144.11201005612,122108.02743391665,101330.21357832669,122081.72608267276,91057.28224736801,86594.15978592541,136120.5193305952,125513.94112503438,102370.28374872901
2020-08-03,142997.09107445268,107861.94104301077,76796.59049715093,102144.11201005612,122108.02743391665,101330.21357832669,124037.12352327595,91414.35294490059,86375.04864679289,136120.5193305952,125513.94112503438,105049.96954814378
2020-08-04,145623.01044967733,109827.45853541665,76675.73431264369,104116.7925956711,126580.43949674949,102286.36520294494,122897.67615963427,97457.38479478845,86375.04864679289,139229.55976360015,124970.07464419633,103808.83200334234
2020-08-05,145623.01044967733,115250.36110844428,76317.83529024404,104116.7925956711,125899.49772036464,102286.36520294494,126836.75393019005,97457.38479478845,86375.04864679289,142384.81169577703,124970.07464419633,103808.83200334234
2020-08-06,145623.01044967733,116464.59365740178,78032.70105473718,104116.7925956711,125899.49772036464,102286.36520294494,126836.75393019005,97457.38479478845,86375.04864679289,141643.17006701828,124970.07464419633,103808.83200334234
2020-08-07,146416.36311887385,117040.24612427448,80381.92300487564,104116.7925956711,125899.49772036464,105796.66718705997,125819.12201077974,99186.75841817475,86375.04864679289,142380.79091274767,123494.13364629488,103808.83200334234
2020-08-10,145280.17442330503,115967.175221922,80033.72884542194,103830.04075218765,125374.99608008363,105796.66718705997,130653.55833745768,98451.20785091954,86145.1592157802,142380.79091274767,123193.18073608029,103808.83200334234
2020-08-11,145280.17442330503,114767.62874125037,79542.31459072218,103735.46835590056,125374.99608008363,109505.8099134021,134670.90032148536,98451.20785091954,85249.14331620336,139693.86962987337,122462.56486901293,111644.1877657354
2020-08-12,145280.17442330503,114767.62874125037,79007.3119416461,103735.46835590056,129687.38026777947,109505.8099134021,134670.90032148536,98451.20785091954,84967.96483627369,139693.86962987337,122462.56486901293,111644.1877657354
2020-08-13,145280.17442330503,112627.99334281884,79007.3119416461,103735.46835590056,128742.5262646542,109505.8099134021,134670.90032148536,98451.20785091954,84967.96483627369,138215.14097605765,121848.35105990822,111644.1877657354
2020-08-14,144141.98345424942,112627.99334281884,79007.3119416461,103735.46835590056,128350.6811433952,109505.8099134021,134670.90032148536,98451.20785091954,84967.96483627369,137033.2839080206,121848.35105990822,111591.76179137192
2020-08-17,143003.17155935836,112627.99334281884,79007.3119416461,103735.46835590056,128350.6811433952,109505.8099134021,132466.38131361076,98451.20785091954,84967.96483627369,136525.0774647632,121848.35105990822,111591.76179137192
2020-08-18,143003.17155935836,112627.99334281884,79007.3119416461,103735.46835590056,128350.6811433952,108952.88085666015,131654.6266797174,98451.20785091954,84967.96483627369,136074.0802769431,121848.35105990822,111591.76179137192
2020-08-19,143003.17155935836,112627.99334281884,79007.3119416461,103735.46835590056,127897.80243798842,107956.42743568945,129111.16360382535,98451.20785091954,84967.96483627369,136074.0802769431,121848.35105990822,110775.87256289236
2020-08-20,143003.17155935836,112627.99334281884,79007.3119416461,103735.46835590056,127660.94113080543,107620.19001419829,128614.93946229565,98451.20785091954,84967.96483627369,134893.8820327131,121848.35105990822,110775.87256289236
2020-08-21,140795.09174613262,112627.99334281884,79007.3119416461,103735.46835590056,127579.11834382788,106665.26710571517,127440.56955512149,98222.25407123439,84096.49719621752,134893.8820327131,121848.35105990822,110475.5824257737
2020-08-24,140795.09174613262,112627.99334281884,79007.3119416461,103735.46835590056,127579.11834382788,107427.23125949355,127440.56955512149,98164.7631944291,85043.77144466492,134893.8820327131,121848.35105990822,110475.5824257737
2020-08-25,140795.09174613262,112627.99334281884,78649.80810785282,103077.57962521345,127579.11834382788,107427.23125949355,127440.56955512149,98164.7631944291,85043.77144466492,134522.11980748153,121848.35105990822,110475.5824257737
2020-08-26,140795.09174613262,112627.99334281884,78649.80810785282,103077.57962521345,127354.5254263472,107140.03041595698,127016.71431795452,98164.7631944291,85043.77144466492,133473.88770101487,121848.35105990822,110888.84579599791
2020-08-27,141516.30346595394,112627.99334281884,78649.80810785282,103077.57962521345,127354.5254263472,107140.03041595698,127016.71431795452,97334.88711937737,85043.77144466492,132045.96158453252,121848.35105990822,110888.84579599791
2020-08-28,145510.2734689691,112627.99334281884,78649.80810785282,103077.57962521345,127283.25015854184,111611.29203488665,127016.71431795452,97334.88711937737,85043.77144466492,131329.44249098958,121848.35105990822,110856.3199186549
2020-08-31,144275.63872771367,111641.06844650245,77915.36930134226,103077.57962521345,127283.25015854184,110754.36678199015,127016.71431795452,96498.50916812225,85043.77144466492,131329.44249098958,121848.35105990822,110827.35105687124
2020-09-01,144275.63872771367,113497.44253945157,77915.36930134226,103077.57962521345,134999.25649148325,110754.36678199015,127016.71431795452,98691.66483917268,85043.77144466492,131329.44249098958,121848.35105990822,110794.73983707007
2020-09-02,144814.76083829615,113497.44253945157,77915.36930134226,103077.57962521345,134010.108181527,110199.20882077717,127016.71431795452,98691.66483917268,88012.99457627782,131329.44249098958,122390.28878154702,110794.73983707007
2020-09-03,141840.96759704195,111393.41258511867,77915.36930134226,103077.57962521345,132736.3651595637,111283.9316803567,125679.14802210427,96528.12796250042,87622.2552938,129999.59360653374,121019.28861552416,110597.41944640856
2020-09-04,138924.9230006804,109232.04211021202,77456.10672801072,102526.6934980953,130901.6057887576,111283.9316803567,125679.14802210427,93765.5652469209,87269.78190696971,128531.21501020118,119264.79220556119,109902.99731445151
2020-09-08,138924.9230006804,109232.04211021202,77456.10672801072,102419.80461391948,129581.19030851951,111283.9316803567,125679.14802210427,92118.99700659147,86947.42602230317,127205.11567359301,118348.86473116324,108662.09753907721
2020-09-09,137564.9321053183,109008.25518754282,77456.10672801072,103785.50271440421,129581.19030851951,112398.99004550352,124511.9855722879,92118.99700659147,86947.42602230317,127205.11567359301,118348.86473116324,108662.09753907721
2020-09-10,137564.9321053183,109008.25518754282,76697.38476030996,102246.15192522353,129581.19030851951,112398.99004550352,124511.9855722879,92118.99700659147,86947.42602230317,127205.11567359301,123035.47974912239,108662.09753907721
2020-09-11,137564.9321053183,109008.25518754282,76697.38476030996,102246.15192522353,129581.19030851951,111478.02735342491,124511.9855722879,92118.99700659147,86947.42602230317,127205.11567359301,122102.46289192805,108232.11121699167
2020-09-14,137564.9321053183,109008.25518754282,76697.38476030996,102246.15192522353,129581.19030851951,111478.02735342491,124511.9855722879,92118.99700659147,86947.42602230317,127205.11567359301,122102.46289192805,108232.11121699167
2020-09-15,137372.23633133483,108132.1151715342,76697.38476030996,102246.15192522353,129581.19030851951,113935.51929913336,127037.72341681202,92118.99700659147,86947.42602230317,127205.11567359301,122102.46289192805,108232.11121699167
2020-09-16,137372.23633133483,108132.1151715342,78027.4113460071,102246.15192522353,129305.75504152603,113935.51929913336,127037.72341681202,92118.99700659147,88730.86907992425,127205.11567359301,121366.85559987724,112252.39402433044
2020-09-17,136264.6859796101,108132.1151715342,77487.35382880337,102246.15192522353,129147.56753853116,113461.58595876364,127037.72341681202,91156.51597884255,88466.91077899856,125885.77359321348,118964.42274008896,111364.46319425266
2020-09-18,136264.6859796101,107099.54218328319,77148.29291254596,101989.84419639182,129147.56753853116,113461.58595876364,126512.50145034769,90178.48136418873,87492.5164182555,124628.93734081282,118283.20197423246,110405.16914202573
2020-09-21,131756.18295269567,104718.5952583659,75644.5150244005,100108.62926958577,125752.36143904588,108154.89480317594,122798.23973876628,87952.44172456584,85671.63785242026,121783.9199497078,117329.09374683166,108022.00478587141
2020-09-22,131756.18295269567,104718.5952583659,75644.5150244005,100108.62926958577,125752.36143904588,108154.89480317594,122798.23973876628,87952.44172456584,86303.62854344395,121783.9199497078,117199.25677499901,107571.00411462806
2020-09-23,130315.80517397082,103586.07416148887,75046.2226503142,99082.04377054368,123828.33816345097,107635.50017081464,122208.52304864513,89525.77108912528,85406.95603611576,120962.11494227404,116125.93523053627,105552.96580104521
2020-09-24,130315.80517397082,103586.07416148887,74802.01112711965,98584.74609931292,122408.9371815728,106215.55027079041,121007.84223227855,89068.79845848092,83903.21968686185,120962.11494227404,115442.8735647164,103769.5629616295
2020-09-25,130315.80517397082,103586.07416148887,74589.20623775353,98584.74609931292,122408.9371815728,105863.64865398496,120612.75693875992,89068.79845848092,83903.21968686185,120962.11494227404,115442.8735647164,103769.5629616295
2020-09-28,130315.80517397082,103586.07416148887,74589.20623775353,97736.29319295568,122408.9371815728,105863.64865398496,120612.75693875992,89068.79845848092,83903.21968686185,120962.11494227404,115442.8735647164,103769.5629616295
2020-09-29,128974.96161286261,103586.07416148887,74589.20623775353,96704.43672715439,121148.06936665442,105863.64865398496,120612.75693875992,88151.34926011751,83903.21968686185,120962.11494227404,115442.8735647164,103769.5629616295
2020-09-30,132122.90414528898,103586.07416148887,74589.20623775353,96704.43672715439,121148.06936665442,105863.64865398496,120612.75693875992,90284.59796932986,83903.21968686185,120962.11494227404,114276.01772384073,103769.5629616295
2020-10-01,132122.90414528898,103586.07416148887,77235.26468241544,96704.43672715439,121148.06936665442,105863.64865398496,120612.75693875992,90284.59796932986,83903.21968686185,120962.11494227404,114276.01772384073,103769.5629616295
2020-10-02,132122.90414528898,103586.07416148887,77235.26468241544,96704.43672715439,121148.06936665442,105621.96156666691,120476.97648396912,90284.59796932986,83903.21968686185,120962.11494227404,118922.24981103918,103769.5629616295
2020-10-05,134960.8760290067,103586.07416148887,77235.26468241544,96704.43672715439,121148.06936665442,105621.96156666691,120476.97648396912,90284.59796932986,83903.21968686185,120962.11494227404,118922.24981103918,103769.5629616295
2020-10-06,134960.8760290067,105852.50823699633,79207.88837106348,98566.77963655353,121148.06936665442,105621.96156666691,120476.97648396912,90356.4654121253,85141.94236241737,120962.11494227404,123812.61747693349,103769.5629616295
2020-10-07,137489.0372903539,108094.20621771958,79207.88837106348,100176.44780620566,121148.06936665442,105446.37761602929,120378.33294890856,90356.4654121253,85141.94236241737,121062.14357599647,123812.61747693349,103769.5629616295
2020-10-08,140718.82778813274,109830.12274079458,79207.88837106348,102208.5131190108,121148.06936665442,105446.37761602929,120378.33294890856,90356.4654121253,87971.04140073241,121062.14357599647,123812.61747693349,103769.5629616295
2020-10-09,143143.24454818637,109830.12274079458,79207.88837106348,102208.5131190108,121148.06936665442,105446.37761602929,120378.33294890856,92824.17512211998,91293.60888232847,121062.14357599647,123812.61747693349,103769.5629616295
2020-10-12,143143.24454818637,109830.12274079458,79207.88837106348,102208.5131190108,121148.06936665442,105446.37761602929,120915.62285870139,92824.17512211998,91293.60888232847,121062.14357599647,123812.61747693349,103769.5629616295
2020-10-13,143143.24454818637,109830.12274079458,78891.62794271567,102208.5131190108,121148.06936665442,105972.15184558702,121644.18926869694,92824.17512211998,91293.60888232847,124092.29831881,123812.61747693349,103769.5629616295
2020-10-14,143143.24454818637,109830.12274079458,78891.62794271567,102208.5131190108,120897.17766866682,105972.15184558702,121644.18926869694,92824.17512211998,91156.04912507319,124092.29831881,123149.34643009532,103769.5629616295
2020-10-15,143143.24454818637,111935.59741111408,78074.79179367868,102208.5131190108,120897.17766866682,105972.15184558702,121644.18926869694,92824.17512211998,91156.04912507319,124092.29831881,121659.61062489323,103769.5629616295
2020-10-16,143143.24454818637,111935.59741111408,78074.79179367868,102208.5131190108,120897.17766866682,105972.15184558702,121644.18926869694,92824.17512211998,91156.04912507319,124092.29831881,126231.14839328465,107053.39216898242
2020-10-19,143143.24454818637,111935.59741111408,78074.79179367868,102208.5131190108,120564.6615623563,105972.15184558702,121644.18926869694,92824.17512211998,91156.04912507319,125883.62878988497,126750.86860681957,107940.36532491441
2020-10-20,143143.24454818637,111935.59741111408,78074.79179367868,102208.5131190108,120564.6615623563,105972.15184558702,121644.18926869694,92824.17512211998,90804.53730185785,125883.62878988497,126750.86860681957,107940.36532491441
2020-10-21,144154.4138390611,112315.55668358898,77733.16288631172,102208.5131190108,120203.46064259367,105972.15184558702,121644.18926869694,91788.09869895474,90804.53730185785,125883.62878988497,125544.17988180858,107940.36532491441
2020-10-22,143074.37892466408,111260.50519191202,77733.16288631172,102208.5131190108,119876.35888590252,105972.15184558702,121644.18926869694,91788.09869895474,90804.53730185785,125883.62878988497,124589.1628141792,111819.71560833
2020-10-23,142783.07604447316,110577.8050450522,77733.16288631172,102208.5131190108,119876.35888590252,105972.15184558702,121644.18926869694,91788.09869895474,93000.48546108414,128348.5704754618,124222.19726311181,111369.70628249548
2020-10-26,142783.07604447316,109719.95082907523,77335.7170346724,101244.95252644489,119876.35888590252,105138.9489863608,120542.37982566397,91310.94654207742,92636.11779867788,128348.5704754618,121265.99460737046,110733.342512054
2020-10-27,142580.12299264496,107499.82682665011,77004.39825383663,100754.74070628433,119876.35888590252,105138.9489863608,121102.0431041178,90921.31759833827,91918.38776686968,127137.82558570693,120519.95447445379,110455.31498593997
2020-10-28,142580.12299264496,107499.82682665011,75533.66557802843,100754.74070628433,119032.54723491981,104692.47609778872,120465.79418159893,88678.24966150509,90433.17075811273,126057.08999463251,119721.596412985,109374.29950271868
2020-10-29,147699.17306756138,109146.86071479204,75533.66557802843,100262.58700480337,119032.54723491981,104479.95481204553,119418.22865515895,89292.10576891655,89550.91397198547,125097.01640574173,118468.79005533061,109041.75709731712
2020-10-30,142281.42923228408,106433.80871411004,74745.26420924437,100262.58700480337,119032.54723491981,104479.95481204553,119418.22865515895,87509.75290289443,87854.08798485437,123337.2484304426,116809.1309677623,108996.7916261515
2020-11-02,142281.42923228408,104194.33597390889,74745.26420924437,100262.58700480337,119032.54723491981,104479.95481204553,119418.22865515895,87509.75290289443,87854.08798485437,123337.2484304426,115915.06875726162,108996.7916261515
2020-11-03,142281.42923228408,104194.33597390889,74745.26420924437,98509.66848895255,119032.54723491981,104479.95481204553,119418.22865515895,86804.47306926532,87854.08798485437,123337.2484304426,115364.91128252911,108996.7916261515
2020-11-04,142281.42923228408,103763.5022477134,74745.26420924437,101744.73312735432,119032.54723491981,104479.95481204553,119418.22865515895,86761.23656675054,87091.426342816,123337.2484304426,113607.80167814632,108996.7916261515
2020-11-05,142281.42923228408,103763.5022477134,74745.26420924437,104880.31081825552,119032.54723491981,104479.95481204553,119418.22865515895,86761.23656675054,86710.21873408121,123337.2484304426,113607.80167814632,108996.7916261515
2020-11-06,145475.5444442752,103763.5022477134,74745.26420924437,104880.31081825552,119032.54723491981,104479.95481204553,119418.22865515895,86761.23656675054,86710.21873408121,128221.40344182283,113363.05636732191,108996.7916261515
2020-11-09,142714.5930114618,104846.43581361647,81601.56569397781,103916.10737341383,127469.09757284711,116784.15794142906,125013.84438262328,90231.99171330081,91980.99720749317,129292.06361907338,112157.16823587427,113106.0662971655
2020-11-10,141255.54120054172,103114.47883368372,81100.75928233616,103916.10737341383,127469.09757284711,115778.63582933,125013.84438262328,88829.15119911345,91980.99720749317,127124.42410246756,111028.69298651087,112681.96336844529
2020-11-11,141255.54120054172,103114.47883368372,80157.2546031768,103916.10737341383,126936.1103571486,113836.08755699398,124087.98141928935,88829.15119911345,91229.35357701809,126583.24861707957,111028.69298651087,112336.26624099283
2020-11-12,139714.13803784127,101526.70113677414,80157.2546031768,103916.10737341383,125906.5237584435,113014.04159284286,123208.00653186248,88377.42127131835,90248.72863147431,124637.73193677264,115425.42920495252,111261.92426175458
2020-11-13,138251.08311135863,100691.3912518681,80157.2546031768,103916.10737341383,125906.5237584435,112263.25296721279,122786.21146547707,88377.42127131835,90248.72863147431,124637.73193677264,114700.44903642205,111261.92426175458
2020-11-16,141687.01237227515,103261.64261696069,80157.2546031768,107745.60304705863,125717.04933108989,112263.25296721279,125355.91938083485,88377.42127131835,93829.88217409072,124637.73193677264,114700.44903642205,111261.92426175458
2020-11-17,141687.01237227515,103261.64261696069,80157.2546031768,107745.60304705863,125577.30362557802,112263.25296721279,125355.91938083485,88377.42127131835,93829.88217409072,124637.73193677264,114700.44903642205,111261.92426175458
2020-11-18,141687.01237227515,105569.59650804827,82343.84891194987,107745.60304705863,125265.32877114434,112013.14979591825,125286.71685055355,91842.80746749541,93829.88217409072,124637.73193677264,119704.94372695347,111261.92426175458
2020-11-19,147919.85990985815,105569.59650804827,81881.43702915205,107745.60304705863,125265.32877114434,112013.14979591825,125428.42504635322,91842.80746749541,93829.88217409072,124637.73193677264,119541.95296725142,110467.1907246112
2020-11-20,146784.53665703774,104797.52002851898,81881.43702915205,107745.60304705863,125265.32877114434,112013.14979591825,125428.42504635322,91842.80746749541,92862.74396060941,129084.37022898032,119541.95296725142,110467.1907246112
2020-11-23,146784.53665703774,104797.52002851898,84495.92057478648,107745.60304705863,125265.32877114434,112013.14979591825,125025.00716526737,95360.44183591964,92862.74396060941,129084.37022898032,119541.95296725142,110467.1907246112
2020-11-24,145512.668294279,104797.52002851898,87527.08284628634,109059.85118182002,124329.85326109314,112013.14979591825,125025.00716526737,95360.44183591964,98654.96081430183,134143.0350286129,119541.95296725142,114960.08239585756
2020-11-25,145512.668294279,104797.52002851898,87527.08284628634,109059.85118182002,123477.79556293742,112013.14979591825,125025.00716526737,95360.44183591964,98654.96081430183,133990.8151791289,119541.95296725142,114960.08239585756
2020-11-27,145512.668294279,104797.52002851898,89198.76031452334,109059.85118182002,123477.79556293742,112013.14979591825,125025.00716526737,97404.15676295037,98654.96081430183,133367.58907973976,119541.95296725142,114162.33251281436
2020-11-30,144316.47159998995,103918.72440375647,88433.28095974353,109059.85118182002,123477.79556293742,112013.14979591825,125025.00716526737,98660.9237309765,98113.94253625898,133367.58907973976,119541.95296725142,113453.99138039624
2020-12-01,144316.47159998995,103918.72440375647,88433.28095974353,109059.85118182002,123477.79556293742,112013.14979591825,125025.00716526737,98907.29430201999,98113.94253625898,131976.03583616784,119541.95296725142,113453.99138039624
2020-12-02,143141.8739542316,103073.4197226778,87920.71697911313,109059.85118182002,128261.07103712068,112013.14979591825,125025.00716526737,98907.29430201999,97489.48707823243,135495.26735025385,119541.95296725142,113453.99138039624
2020-12-03,146850.97567122226,103073.4197226778,87920.71697911313,109059.85118182002,128261.07103712068,114353.70481903755,125025.00716526737,100813.62214650138,97489.48707823243,138142.0022212944,119541.95296725142,113453.99138039624
2020-12-04,146850.97567122226,105064.1853213206,87001.47547783193,109059.85118182002,128261.07103712068,114353.70481903755,125025.00716526737,100813.62214650138,97489.48707823243,139102.97343999514,127533.30654880386,113453.99138039624
2020-12-07,146850.97567122226,105064.1853213206,86460.809147773,114894.04254234428,132222.73169967995,114353.70481903755,125025.00716526737,100813.62214650138,97489.48707823243,140104.14467655562,127533.30654880386,113453.99138039624
2020-12-08,146850.97567122226,105064.1853213206,86460.809147773,114894.04254234428,132222.73169967995,114353.70481903755,125025.00716526737,100813.62214650138,97489.48707823243,140858.9855982552,127533.30654880386,113453.99138039624
2020-12-09,151516.1955862661,108894.53241120631,86460.809147773,117764.21345567127,132222.73169967995,114353.70481903755,125025.00716526737,102137.09826234155,97429.19736318104,145561.25375499186,127533.30654880386,117627.2402735711
2020-12-10,151516.1955862661,108894.53241120631,86460.809147773,117764.21345567127,132222.73169967995,114353.70481903755,125025.00716526737,102137.09826234155,97429.19736318104,146465.55317837815,127533.30654880386,117339.75331892841
2020-12-11,150174.06828682657,107916.3886334474,86460.809147773,116542.61130258182,131094.29334910138,114353.70481903755,125025.00716526737,101764.60732316146,97429.19736318104,146465.55317837815,131888.35977005464,117339.75331892841
2020-12-14,150174.06828682657,107916.3886334474,86460.809147773,115329.02702303356,131094.29334910138,114353.70481903755,125025.00716526737,101764.60732316146,97429.19736318104,146465.55317837815,131159.62760014247,121665.41706980708
2020-12-15,150174.06828682657,107916.3886334474,86460.809147773,115329.02702303356,132756.37363678758,114353.70481903755,125025.00716526737,102857.81947886568,97429.19736318104,148075.18221746126,129861.35647347155,121665.41706980708
2020-12-16,150174.06828682657,107916.3886334474,86460.809147773,115329.02702303356,137814.4414059631,114353.70481903755,125025.00716526737,102857.81947886568,96735.12647573363,148075.18221746126,129861.35647347155,121665.41706980708
2020-12-17,150174.06828682657,107916.3886334474,86460.809147773,115329.02702303356,137814.4414059631,114353.70481903755,125025.00716526737,104433.08139639303,96735.12647573363,147431.2698096672,129861.35647347155,121665.41706980708
2020-12-18,150174.06828682657,107916.3886334474,86460.809147773,115329.02702303356,136454.54367543256,119010.4431672638,132625.8906965193,104433.08139639303,96735.12647573363,147431.2698096672,129861.35647347155,121665.41706980708
2020-12-21,152972.1644005269,109724.56473962433,86460.809147773,115329.02702303356,135409.2180317383,119465.91202615412,133137.2525067799,105686.35260035453,98178.66518270237,144761.752469211,129861.35647347155,121665.41706980708
2020-12-22,152972.1644005269,109724.56473962433,86460.809147773,115329.02702303356,135409.2180317383,119465.91202615412,133137.2525067799,105686.35260035453,98178.66518270237,149250.45919021918,129861.35647347155,121665.41706980708
2020-12-23,152972.1644005269,109724.56473962433,89962.78697199047,115329.02702303356,135409.2180317383,119465.91202615412,133137.2525067799,105686.35260035453,98178.66518270237,149250.45919021918,129861.35647347155,121665.41706980708
2020-12-24,152972.1644005269,109724.56473962433,89962.78697199047,115329.02702303356,135409.2180317383,119465.91202615412,133137.2525067799,105686.35260035453,98178.66518270237,148199.28126536045,129861.35647347155,121665.41706980708
2020-12-28,152972.1644005269,109724.56473962433,89962.78697199047,115329.02702303356,135409.2180317383,119465.91202615412,133137.2525067799,104788.97855992964,98178.66518270237,148199.28126536045,129861.35647347155,121665.41706980708
2020-12-29,152972.1644005269,109724.56473962433,89450.48999572157,115329.02702303356,135409.2180317383,119465.91202615412,133137.2525067799,103084.0013985797,98178.66518270237,148199.28126536045,129861.35647347155,121156.29423689624
2020-12-30,152972.1644005269,109724.56473962433,89450.48999572157,115329.02702303356,135409.2180317383,119465.91202615412,133137.2525067799,103084.0013985797,100842.26579828525,148199.28126536045,129861.35647347155,121156.29423689624
2020-12-31,152972.1644005269,109724.56473962433,89450.48999572157,115329.02702303356,135409.2180317383,119465.91202615412,133137.2525067799,105354.37063519111,100842.26579828525,148199.28126536045,129217.1500952254,121156.29423689624
2021-01-04,150444.3289055247,110516.08772208293,89450.48999572157,114954.08141474403,135409.2180317383,121650.9648091056,132454.6504511773,104324.81009601323,100842.26579828525,147390.64418340183,128582.75369943175,121156.29423689624
2021-01-05,150444.3289055247,110516.08772208293,92684.20020539066,114498.07696523677,135409.2180317383,121650.9648091056,133348.88026988498,103004.09713949292,99816.40194588511,147390.64418340183,127261.5188696842,121156.29423689624
2021-01-06,150435.63945241182,111233.3895669346,92684.20020539066,115151.87468580328,145174.1047626211,121650.9648091056,133348.88026988498,105221.40753398553,103704.27706605327,147390.64418340183,131832.3658414327,121102.20529907456
2021-01-07,152871.02778333257,113953.82023575742,96129.45861564431,115151.87468580328,145174.1047626211,120656.46066441787,132851.9357879791,107740.8233203684,103292.27095024375,151951.80653932708,132703.70817689734,121102.20529907456
2021-01-08,152871.02778333257,113064.61298310343,96129.45861564431,115151.87468580328,145174.1047626211,120656.46066441787,132851.9357879791,107740.8233203684,103292.27095024375,151951.80653932708,137924.2698359299,121538.07342124778
2021-01-11,156539.87770178416,113064.61298310343,95697.67834464133,115151.87468580328,148565.0566405313,120656.46066441787,132851.9357879791,110265.71454341001,104687.0073483942,151951.80653932708,137924.2698359299,121475.63698143642
2021-01-12,159299.71689972206,115138.08246222748,95697.67834464133,115151.87468580328,150831.1218417675,120656.46066441787,132851.9357879791,110798.27035815411,104687.0073483942,151951.80653932708,137924.2698359299,125729.85020019914
2021-01-13,159299.71689972206,115138.08246222748,95697.67834464133,119038.48125188783,161553.83050308417,120656.46066441787,134355.9497296544,110798.27035815411,104687.0073483942,151951.80653932708,137924.2698359299,125682.38664294373
2021-01-14,159299.71689972206,117028.66420304262,97563.30579314075,119038.48125188783,160957.58109355354,120656.46066441787,134355.9497296544,112915.29454652932,105538.86347267828,161153.55808966074,137924.2698359299,124732.79075843628
2021-01-15,158127.46963108212,116181.39149402863,97563.30579314075,119038.48125188783,158109.91321822404,120656.46066441787,134355.9497296544,111864.95113817429,105538.86347267828,158357.3514548105,138225.6508951576,123753.04644148496
2021-01-19,158127.46963108212,116181.39149402863,97563.30579314075,118801.94829067714,157406.4280668122,120656.46066441787,136157.7584301678,110890.3499615654,105234.45526938917,160164.8461671476,138225.6508951576,128216.4278251038
2021-01-20,158127.46963108212,115256.58565865371,97563.30579314075,122119.93698407312,158598.2555923275,120656.46066441787,136157.7584301678,110890.3499615654,105234.45526938917,159024.68872009593,142748.97356531667,127871.17828080537
2021-01-21,158127.46963108212,117449.28836166712,97563.30579314075,122119.93698407312,157815.48460427995,120656.46066441787,136157.7584301678,110890.3499615654,105234.45526938917,159024.68872009593,142034.87470324358,127540.39464496395
2021-01-22,156582.41565585558,116170.29537521886,97563.30579314075,122119.93698407312,156749.61407916533,120656.46066441787,136157.7584301678,110890.3499615654,104212.13600469055,159024.68872009593,140252.49424922146,126643.51360397447
2021-01-25,155205.26276282486,116170.29537521886,96797.25934025219,120793.25154418338,156150.0006707724,120656.46066441787,136157.7584301678,111237.75455831634,104212.13600469055,164312.14917751277,140252.49424922146,123548.05906655054
2021-01-26,154886.90759239165,116170.29537521886,97259.4103970818,123244.2299980077,155485.92644877158,120656.46066441787,136157.7584301678,110723.64694638185,104212.13600469055,169637.79020598155,139268.22692147884,123108.76339862557
2021-01-27,150681.2849869158,112895.6746267623,95893.6267779296,121122.99624929465,150600.58062028515,121026.85389534288,133173.37324532584,108543.90046712534,104685.99565323403,165436.05404101478,135886.71820416165,122516.29806947573
2021-01-28,149088.34246489874,113714.66581818915,95893.6267779296,121489.78117742867,150600.58062028515,119454.76314960494,133034.9803464884,106259.2964620566,103288.7973348631,163721.83260493705,135514.20044130698,120217.44586070832
2021-01-29,149088.34246489874,113714.66581818915,95497.32799818944,121489.78117742867,148837.51946118686,119454.76314960494,133034.9803464884,105402.9076614523,102974.98656226863,161594.00264636823,134116.25880276953,118217.8396180343
2021-02-01,147630.30009675008,112622.24961798992,99167.62230643505,121489.78117742867,148163.1735840295,118283.66694692476,131746.35037151957,106352.86236714564,101880.61358709063,159993.18821190097,134116.25880276953,117568.99792263306
2021-02-02,146465.49971189437,111733.66211520505,99167.62230643505,122970.79029724078,148163.1735840295,117350.41096430038,130706.87406133451,105881.55048094247,105663.70783414863,158730.84486448934,134116.25880276953,116961.64600090012
2021-02-03,146465.49971189437,111733.66211520505,102672.51622969063,122970.79029724078,148026.53877891967,117350.41096430038,130706.87406133451,106392.57358344966,105663.70783414863,162476.4056556093,134116.25880276953,116961.64600090012
2021-02-04,146465.49971189437,111733.66211520505,102123.65823629734,122970.79029724078,148026.53877891967,117350.41096430038,130706.87406133451,106392.57358344966,105663.70783414863,162476.4056556093,134116.25880276953,116961.64600090012
2021-02-05,148889.0019424807,113582.47142456756,103200.78127176825,123754.039965778,148026.53877891967,119225.38130500473,130706.87406133451,106392.57358344966,107412.08019577508,162476.4056556093,134116.25880276953,116961.64600090012
2021-02-08,148889.0019424807,116017.11753595312,103200.78127176825,123754.039965778,147871.78028588224,119225.38130500473,130706.87406133451,106830.42607680758,107412.08019577508,162476.4056556093,134116.25880276953,116961.64600090012
2021-02-09,157740.89521058864,120818.40342635154,103200.78127176825,123754.039965778,151682.5836285158,119225.38130500473,130706.87406133451,108620.69615583988,107412.08019577508,164925.08066440505,139578.059858677,116961.64600090012
2021-02-10,157740.89521058864,121212.02683514517,103200.78127176825,123754.039965778,151031.64027911593,119225.38130500473,131556.93585661566,109693.59899987222,107412.08019577508,164925.08066440505,137940.54793188153,116961.64600090012
2021-02-11,157740.89521058864,121212.02683514517,103060.05246143944,123754.039965778,151031.64027911593,119225.38130500473,131556.93585661566,109035.9924617687,106777.45284207645,172000.163232919,137940.54793188153,116961.64600090012
2021-02-12,157740.89521058864,121212.02683514517,103060.05246143944,123754.039965778,152036.92567263357,124018.04469329077,136830.60140855465,109648.19813802405,107920.98155064031,170356.34605466746,137940.54793188153,121643.07242440748
2021-02-16,157740.89521058864,121212.02683514517,105796.3660901985,126754.09979112982,152036.92567263357,124018.04469329077,136830.60140855465,109648.19813802405,107920.98155064031,177972.66123997452,137940.54793188153,121643.07242440748
2021-02-17,157740.89521058864,120176.59651023253,104972.25637200495,126754.09979112982,150459.91581427885,122101.31961386638,135686.10959211466,107908.79139966896,107920.98155064031,177972.66123997452,142065.1779830812,121229.76396674525
2021-02-18,157740.89521058864,120176.59651023253,104972.25637200495,126099.6955038835,150363.44305482175,122101.31961386638,139733.88290830003,107089.57369139943,107920.98155064031,174176.84205594883,140099.97137855782,120575.1359637579
2021-02-19,157740.89521058864,120176.59651023253,104972.25637200495,126099.6955038835,150363.44305482175,122101.31961386638,139733.88290830003,109456.97747622553,107920.98155064031,178676.93459886155,140099.97137855782,124811.93666680028
2021-02-22,156695.30241933797,119378.94851887958,104104.45577611688,124208.13760602457,149613.41346129152,119732.12512982088,137188.61895813557,107630.24432847042,107920.98155064031,180245.58609740424,139164.084294149,124274.79082182546
2021-02-23,152611.56124625576,118816.70611283378,103869.53021188868,122691.91349031565,146334.20664487878,118682.1565596354,137188.61895813557,103169.50882845334,107763.7776512409,178831.0523833183,134042.16594065577,123419.12259807756
2021-02-24,152611.56124625576,118816.70611283378,103869.53021188868,122691.91349031565,144831.41282150478,120617.40874464308,137188.61895813557,101244.36140109276,107244.83502496262,177330.58077434398,134042.16594065577,123419.12259807756
2021-02-25,152611.56124625576,118816.70611283378,102789.46602852595,122691.91349031565,141518.4703711237,119846.43881895319,137188.61895813557,97862.9173112534,107244.83502496262,177330.58077434398,132082.3555828658,122777.95802279812
2021-02-26,157082.06657795983,122029.653651901,101824.5020757415,124724.718594569,140388.34426650836,119846.43881895319,137188.61895813557,97409.08208884102,108066.8752322369,173036.76460842925,131147.86121296705,122208.55253266936
2021-03-01,157082.06657795983,122029.653651901,103485.85119850386,124724.718594569,140388.34426650836,119846.43881895319,137188.61895813557,97409.08208884102,108066.8752322369,173036.76460842925,131147.86121296705,122208.55253266936
2021-03-02,157082.06657795983,122029.653651901,104634.29507899507,124724.718594569,140388.34426650836,119846.43881895319,137004.1456976753,97409.08208884102,108066.8752322369,173036.76460842925,131147.86121296705,122208.55253266936
2021-03-03,156746.4991635945,122029.653651901,104634.29507899507,124724.718594569,139973.41186409027,120193.32573598291,137004.1456976753,98697.78558713217,107221.19289886348,171232.9060722419,129545.41124988002,122208.55253266936
2021-03-04,158021.77723535526,120191.82553221079,102760.54366528832,122370.8891562571,136862.39067705531,120422.19970395917,135619.75210436436,98042.28407372946,106695.58168521263,169134.96262473916,128137.18702804463,120520.24508362536
2021-03-05,159748.5476461399,121460.62689528153,99628.28625045101,121350.27667886774,134407.57582721082,120222.70118610591,132692.28816491537,100439.24927482303,105118.91873700035,167743.29132887273,124536.21843995606,120134.47576014859
2021-03-08,159748.5476461399,121460.62689528153,98604.63285638354,121237.40610584676,134407.57582721082,121602.83025649468,136484.25680330876,100439.24927482303,108269.9661411802,166021.28671730967,126022.41008551906,120134.47576014859
2021-03-09,159748.5476461399,121460.62689528153,98604.63285638354,121237.40610584676,134407.57582721082,121602.83025649468,136484.25680330876,100439.24927482303,108269.9661411802,166021.28671730967,124715.41224645385,120134.47576014859
2021-03-10,159748.5476461399,121460.62689528153,98604.63285638354,121237.40610584676,134407.57582721082,121602.83025649468,136484.25680330876,104321.72370310512,108269.9661411802,172719.03120095693,124715.41224645385,120134.47576014859
2021-03-11,163250.6200211237,121460.62689528153,100266.10158780181,124443.56533215441,134407.57582721082,121602.83025649468,136484.25680330876,105996.71660278966,108269.9661411802,172719.03120095693,123841.80622693221,120134.47576014859
2021-03-12,166979.1484024575,124295.51585838375,100266.10158780181,124443.56533215441,134407.57582721082,121602.83025649468,136484.25680330876,108340.96697025199,108269.9661411802,172719.03120095693,122757.9192568027,120134.47576014859
2021-03-15,166979.1484024575,124295.51585838375,100266.10158780181,123287.5681583604,134407.57582721082,123800.1551588237,141069.37895226758,108340.96697025199,108269.9661411802,178549.2637695922,122285.11693673646,120134.47576014859
2021-03-16,166979.1484024575,124295.51585838375,100266.10158780181,122019.1590302274,133908.8234701108,123800.1551588237,141069.37895226758,107781.35416248534,108269.9661411802,174498.4524196697,122285.11693673646,120134.47576014859
2021-03-17,166979.1484024575,124295.51585838375,100266.10158780181,122019.1590302274,133482.92034054393,123800.1551588237,141069.37895226758,107372.12136488876,108269.9661411802,173279.8021781734,121687.74821963967,120134.47576014859
2021-03-18,166979.1484024575,124295.51585838375,102413.84485948742,122019.1590302274,132896.6621409578,123800.1551588237,141069.37895226758,108273.34329824532,108269.9661411802,169808.10713409036,120436.92586344015,124815.90218365596
2021-03-19,166979.1484024575,124295.51585838375,102413.84485948742,121630.4972016459,132670.71921531516,123550.19639127294,140832.54626361202,107993.61093642058,108269.9661411802,169808.10713409036,119638.32652632105,124815.90218365596
2021-03-22,166979.1484024575,124295.51585838375,102413.84485948742,121431.68916062954,132670.71921531516,122855.79499777874,139383.55016558236,107993.61093642058,108269.9661411802,169808.10713409036,119638.32652632105,124750.3564042302
2021-03-23,161167.40838933515,121032.75938815328,101722.60425441335,118597.22905775908,131143.80107421658,122041.2003724071,138839.1127394862,104187.13467423692,107206.95371501475,165123.8755964955,117031.4861401312,122730.04393077354
2021-03-24,161167.40838933515,121032.75938815328,100564.4002597479,119979.7251045813,130031.5066559894,120797.51205314024,137466.42815313648,103414.5873447385,107206.95371501475,163445.0860496173,116322.21397628805,122346.43294409206
2021-03-25,161167.40838933515,119658.49779333446,99739.6147695714,119331.68879127144,129012.00148276695,120383.44800826396,137009.4170810229,99236.07636129709,107206.95371501475,161028.44243490713,114342.16876871849,121913.76941174937
2021-03-26,161167.40838933515,119658.49779333446,99739.6147695714,119331.68879127144,129012.00148276695,120383.44800826396,137009.4170810229,99236.07636129709,107206.95371501475,161028.44243490713,118976.61559475545,126773.87912507298
2021-03-29,161167.40838933515,119658.49779333446,99739.6147695714,119331.68879127144,129012.00148276695,120383.44800826396,137009.4170810229,99236.07636129709,107206.95371501475,160584.41958247736,118399.81493615526,126155.54190829191
2021-03-30,161167.40838933515,119658.49779333446,99739.6147695714,119331.68879127144,129012.00148276695,120383.44800826396,137009.4170810229,99236.07636129709,107206.95371501475,160433.32361182786,120925.52785492124,126155.54190829191
2021-03-31,161167.40838933515,119658.49779333446,103826.36568578894,119331.68879127144,129012.00148276695,120383.44800826396,137009.4170810229,99236.07636129709,107206.95371501475,160433.32361182786,120925.52785492124,126155.54190829191
2021-04-01,161167.40838933515,119658.49779333446,103826.36568578894,119331.68879127144,129012.00148276695,119371.20886233734,135579.99424539588,99236.07636129709,107206.95371501475,160433.32361182786,120925.52785492124,126155.54190829191
2021-04-05,161167.40838933515,119658.49779333446,103826.36568578894,119331.68879127144,129012.00148276695,119371.20886233734,135579.99424539588,99236.07636129709,107206.95371501475,160191.00426584942,122074.82889585609,126155.54190829191
2021-04-06,166309.86495745552,123507.60894168986,103826.36568578894,119331.68879127144,129012.00148276695,119371.20886233734,135579.99424539588,99236.07636129709,107206.95371501475,160191.00426584942,122074.82889585609,126155.54190829191
2021-04-07,166309.86495745552,123507.60894168986,103826.36568578894,119331.68879127144,129012.00148276695,119371.20886233734,135579.99424539588,99236.07636129709,107206.95371501475,160191.00426584942,122074.82889585609,126155.54190829191
2021-04-08,166309.86495745552,123507.60894168986,103826.36568578894,119331.68879127144,129012.00148276695,119371.20886233734,135579.99424539588,99236.07636129709,107206.95371501475,160191.00426584942,122074.82889585609,126155.54190829191
2021-04-09,166309.86495745552,123507.60894168986,105816.66193307581,119331.68879127144,129012.00148276695,119371.20886233734,135579.99424539588,99236.07636129709,110732.16057660017,158967.98586502802,122074.82889585609,126155.54190829191
2021-04-12,170193.01822688887,126417.00281943563,105816.66193307581,119331.68879127144,129012.00148276695,119371.20886233734,135579.99424539588,99236.07636129709,110732.16057660017,158967.98586502802,122074.82889585609,126155.54190829191
2021-04-13,169089.39851820542,125582.46176530566,108746.05500172878,119331.68879127144,129012.00148276695,119371.20886233734,135579.99424539588,99236.07636129709,110884.58313826326,158240.46482965196,122074.82889585609,126155.54190829191
2021-04-14,169089.39851820542,125582.46176530566,108746.05500172878,119331.68879127144,129012.00148276695,119371.20886233734,135579.99424539588,99236.07636129709,112979.13322561595,158240.46482965196,122074.82889585609,126155.54190829191
2021-04-15,169089.39851820542,125582.46176530566,108746.05500172878,119331.68879127144,129012.00148276695,119371.20886233734,135579.99424539588,99236.07636129709,112979.13322561595,158240.46482965196,122074.82889585609,126155.54190829191
2021-04-16,169089.39851820542,125582.46176530566,108746.05500172878,119331.68879127144,129012.00148276695,119371.20886233734,135579.99424539588,99236.07636129709,112979.13322561595,158240.46482965196,122074.82889585609,126155.54190829191
2021-04-19,167960.95913866253,125582.46176530566,108746.05500172878,119331.68879127144,129012.00148276695,119371.20886233734,135579.99424539588,99236.07636129709,117252.80407186398,158240.46482965196,122074.82889585609,126155.54190829191
2021-04-20,164767.08533974405,123210.31479841274,107721.30797896159,119331.68879127144,129012.00148276695,119371.20886233734,135579.99424539588,98216.50280431799,117252.80407186398,155842.68717369728,121785.62430378715,126155.54190829191
2021-04-21,164767.08533974405,123210.31479841274,107721.30797896159,119331.68879127144,129012.00148276695,122719.13072065637,139416.0305274258,98216.50280431799,117252.80407186398,155842.68717369728,120750.45951124567,126155.54190829191
2021-04-22,166153.88036801593,123210.31479841274,107721.30797896159,119331.68879127144,129012.00148276695,122719.13072065637,139416.0305274258,98216.50280431799,117144.87685643329,155842.68717369728,120750.45951124567,126155.54190829191
2021-04-23,166153.88036801593,123210.31479841274,109450.30584171799,119331.68879127144,129012.00148276695,122719.13072065637,139416.0305274258,98216.50280431799,117144.87685643329,155842.68717369728,120750.45951124567,130811.2742008006
2021-04-26,166153.88036801593,123210.31479841274,109450.30584171799,119754.75637141231,129012.00148276695,127449.53931574851,140317.25167336935,98216.50280431799,117144.87685643329,155842.68717369728,120750.45951124567,131219.6753527332
2021-04-27,166153.88036801593,123210.31479841274,109450.30584171799,119754.75637141231,129012.00148276695,127449.53931574851,140317.25167336935,97196.45480945864,116403.09584976026,155842.68717369728,120750.45951124567,131219.6753527332
2021-04-28,166153.88036801593,123210.31479841274,110607.48229216495,119754.75637141231,129776.14315435693,127449.53931574851,140317.25167336935,99626.41508665467,116403.09584976026,155842.68717369728,120750.45951124567,131219.6753527332
2021-04-29,166153.88036801593,123210.31479841274,110607.48229216495,119754.75637141231,129776.14315435693,127449.53931574851,140317.25167336935,99626.41508665467,117720.84013623746,155842.68717369728,120750.45951124567,135451.37303822837
2021-04-30,166153.88036801593,122312.53590969276,109791.2851229627,119754.75637141231,129776.14315435693,127449.53931574851,140317.25167336935,98804.63312415492,117720.84013623746,155842.68717369728,120750.45951124567,134745.0009918693
2021-05-03,168471.57696997494,124080.62962130569,109791.2851229627,118609.0682831178,129776.14315435693,127449.53931574851,140317.25167336935,98804.63312415492,117720.84013623746,155842.68717369728,120750.45951124567,134745.0009918693
2021-05-04,168471.57696997494,124080.62962130569,109520.1809630858,117755.4902835077,129569.7311277589,126411.8582649641,140317.25167336935,98804.63312415492,119644.69368345579,155842.68717369728,119513.61621770398,134496.05966990217
2021-05-05,166774.07742417796,122811.26533670632,109869.53849549196,117755.4902835077,129569.7311277589,125796.1432150294,140317.25167336935,101481.705968502,119644.69368345579,155842.68717369728,119513.61621770398,134496.05966990217
2021-05-06,166774.07742417796,122811.26533670632,108920.8203508707,120603.90647346094,133220.08643644766,125796.1432150294,140317.25167336935,101481.705968502,119644.69368345579,155842.68717369728,117790.89036277715,134346.90068951872
2021-05-07,165635.75189454824,122811.26533670632,111266.2171544013,120603.90647346094,134246.257240252,125796.1432150294,140317.25167336935,104117.00398446701,119644.69368345579,155842.68717369728,117790.89036277715,133848.39849195495
2021-05-10,172017.98123218314,122811.26533670632,112540.87452753354,120603.90647346094,131664.7923510298,128379.4303208197,142043.8014675104,106589.88024716527,119644.69368345579,155842.68717369728,117431.06647041865,133848.39849195495
2021-05-11,169304.8206589009,122811.26533670632,110116.86929930416,119156.30524931407,128814.21778603508,128379.4303208197,142351.906127357,104478.35458395268,119644.69368345579,155842.68717369728,118403.9612287185,131956.6350938616
2021-05-12,168253.20002176633,122009.0189020572,108753.88114752369,119156.30524931407,128118.80135480483,127181.32091813628,140971.91562274093,103313.28540298768,118406.37011438562,154186.87976963873,119461.83046226273,131027.74805625077
2021-05-13,168253.20002176633,121266.23660034263,108088.5626697155,117931.52118778268,127654.76533516055,127181.32091813628,140971.91562274093,102239.37308922711,118406.37011438562,154186.87976963873,117345.02334015528,131027.74805625077
2021-05-14,168253.20002176633,121266.23660034263,108088.5626697155,117931.52118778268,127654.76533516055,127181.32091813628,140971.91562274093,102239.37308922711,118406.37011438562,154186.87976963873,117345.02334015528,131027.74805625077
2021-05-17,168253.20002176633,121266.23660034263,108088.5626697155,117486.63457753957,127654.76533516055,127181.32091813628,140971.91562274093,102239.37308922711,118406.37011438562,154186.87976963873,117345.02334015528,131027.74805625077
2021-05-18,168253.20002176633,121266.23660034263,108088.5626697155,117486.63457753957,127654.76533516055,127181.32091813628,140971.91562274093,102239.37308922711,118406.37011438562,154186.87976963873,117345.02334015528,130836.66951347447
2021-05-19,168192.35117888788,121700.73712418156,107609.63631397061,117486.63457753957,125012.7222355806,127181.32091813628,140971.91562274093,101236.21161302271,118566.08285273847,155816.97714960217,116788.24412855694,128947.60012441721
2021-05-20,168192.35117888788,121700.73712418156,107211.28589522731,117486.63457753957,125012.7222355806,127181.32091813628,140971.91562274093,100664.09147340694,118566.08285273847,155269.24147064274,116230.72828427303,128947.60012441721
2021-05-21,168192.35117888788,121700.73712418156,110824.94805829838,117486.63457753957,125012.7222355806,127181.32091813628,140971.91562274093,100664.09147340694,118566.08285273847,155269.24147064274,116230.72828427303,128947.60012441721
2021-05-24,168192.35117888788,121700.73712418156,110824.94805829838,116661.44924108629,125012.7222355806,130652.25768275066,144922.21801657387,100664.09147340694,119232.32859298392,159912.0686220759,116230.72828427303,128947.60012441721
2021-05-25,168192.35117888788,121700.73712418156,110824.94805829838,116661.44924108629,125012.7222355806,130652.25768275066,144922.21801657387,100664.09147340694,118563.68136078476,159912.0686220759,116230.72828427303,128947.60012441721
2021-05-26,171319.96848070336,121700.73712418156,110824.94805829838,116661.44924108629,129009.24926976716,133813.66715914672,147388.2150122638,102594.15057148969,118563.68136078476,159912.0686220759,116230.72828427303,128947.60012441721
2021-05-27,171319.96848070336,121700.73712418156,110824.94805829838,116661.44924108629,129009.24926976716,133813.66715914672,147388.2150122638,102594.15057148969,118563.68136078476,159912.0686220759,116230.72828427303,128947.60012441721
2021-05-28,171319.96848070336,121700.73712418156,110824.94805829838,116661.44924108629,129009.24926976716,134926.4510570954,147880.1277103645,102594.15057148969,118563.68136078476,165652.2141090213,116230.72828427303,128947.60012441721
2021-06-01,169779.8302818761,122734.21715740305,110824.94805829838,116661.44924108629,129009.24926976716,143791.98151555873,157045.2640663442,105246.30317025086,118563.68136078476,165652.2141090213,116230.72828427303,128947.60012441721
2021-06-02,169779.8302818761,122734.21715740305,110487.50842164573,116689.63462085066,129009.24926976716,146236.67183146477,159936.46394624058,105246.30317025086,118563.68136078476,165652.2141090213,121324.74856998646,128947.60012441721
2021-06-03,169779.8302818761,122734.21715740305,109788.52690680807,116689.63462085066,129009.24926976716,145706.36196575078,159486.35385898213,105246.30317025086,118563.68136078476,165652.2141090213,121324.74856998646,128417.64024678592
2021-06-04,169779.8302818761,122734.21715740305,109788.52690680807,116689.63462085066,129009.24926976716,148306.3393785981,159486.35385898213,105246.30317025086,118563.68136078476,165652.2141090213,120068.12749640798,128417.64024678592
2021-06-07,169779.8302818761,122734.21715740305,109422.34402913672,116689.63462085066,129009.24926976716,148306.3393785981,159486.35385898213,105246.30317025086,118485.97890144418,165652.2141090213,124575.25841296368,128417.64024678592
2021-06-08,169779.8302818761,122734.21715740305,109422.34402913672,116689.63462085066,129009.24926976716,148306.3393785981,159486.35385898213,105246.30317025086,118485.97890144418,171876.45178140758,124575.25841296368,131592.47503582566
2021-06-09,169779.8302818761,122734.21715740305,109080.2838498074,116689.63462085066,129009.24926976716,151661.13092696315,163150.35597542505,105246.30317025086,118485.97890144418,169748.42988552572,124575.25841296368,131592.47503582566
2021-06-10,169779.8302818761,122213.60881298722,109080.2838498074,116689.63462085066,129009.24926976716,151661.13092696315,163150.35597542505,105246.30317025086,118165.43745982579,169748.42988552572,122872.45717047932,130289.56096775699
2021-06-11,169779.8302818761,122213.60881298722,109015.81785952834,116689.63462085066,129009.24926976716,151661.13092696315,163150.35597542505,105246.30317025086,117834.78364893491,169748.42988552572,122700.16829809523,130289.56096775699
2021-06-14,168855.26261456564,124055.58458451113,109015.81785952834,115262.19403817583,129009.24926976716,151661.13092696315,163150.35597542505,107232.807853869,117834.78364893491,169748.42988552572,120818.75621762019,130289.56096775699
2021-06-15,167135.77683833707,124055.58458451113,109015.81785952834,115262.19403817583,129009.24926976716,152556.63374028786,163998.83327052626,106731.63815492977,117581.67574808115,169748.42988552572,120607.09475291095,129851.84562655234
2021-06-16,167135.77683833707,124055.58458451113,109015.81785952834,115262.19403817583,127874.15237870297,150155.81043678414,162110.6543836069,105762.23750310198,117528.97927293369,169748.42988552572,119913.07310355341,129189.0242014054
2021-06-17,166695.60868077766,125355.46484237183,108623.03776043933,116066.49557027644,126847.01530771749,148997.96668443937,161521.19722089625,104751.33623610256,118276.56458807582,168545.18987728393,117328.20576891667,127537.56392580835
2021-06-18,166695.60868077766,124432.67606510429,107684.46493831485,116967.82350417999,125234.03749365758,148997.96668443937,161521.19722089625,104894.08994929341,116519.29474723311,167835.23952258573,113996.12300447347,126715.50492065621
2021-06-21,166695.60868077766,124432.67606510429,107684.46493831485,117125.95005115209,124890.33963485995,147538.14714250198,159945.15230770205,104495.44543025293,116519.29474723311,167835.23952258573,112461.62933497402,126379.79415998815
2021-06-22,166695.60868077766,124432.67606510429,107684.46493831485,117125.95005115209,124890.33963485995,147538.14714250198,159945.15230770205,104495.44543025293,116519.29474723311,171064.1949074246,112461.62933497402,126379.79415998815
2021-06-23,166695.60868077766,124432.67606510429,107684.46493831485,117125.95005115209,124890.33963485995,150477.00563842035,159945.15230770205,104495.44543025293,116519.29474723311,171064.1949074246,111925.03704063002,125769.5543212064
2021-06-24,166695.60868077766,124432.67606510429,107684.46493831485,117125.95005115209,124890.33963485995,150477.00563842035,159945.15230770205,104495.44543025293,116519.29474723311,174636.2576876047,111622.47846281115,125769.5543212064
2021-06-25,166695.60868077766,124432.67606510429,107684.46493831485,117807.34558641851,124890.33963485995,150477.00563842035,159945.15230770205,104495.44543025293,116519.29474723311,174636.2576876047,111622.47846281115,125769.5543212064
2021-06-28,166695.60868077766,124432.67606510429,107295.53799380476,117807.34558641851,124201.22789412356,150477.00563842035,162638.68153820408,104495.44543025293,116080.89033784701,174636.2576876047,110382.06423065223,125769.5543212064
2021-06-29,166695.60868077766,124432.67606510429,107295.53799380476,117807.34558641851,124201.22789412356,150477.00563842035,162638.68153820408,104495.44543025293,116080.89033784701,174636.2576876047,110382.06423065223,125769.5543212064
2021-06-30,166695.60868077766,124432.67606510429,107295.53799380476,117807.34558641851,124201.22789412356,150477.00563842035,162638.68153820408,104495.44543025293,116080.89033784701,174636.2576876047,110382.06423065223,125454.31888863082
2021-07-01,166695.60868077766,124432.67606510429,107295.53799380476,117807.34558641851,123823.75400486897,150477.00563842035,162638.68153820408,104495.44543025293,116080.89033784701,174636.2576876047,110382.06423065223,125454.31888863082
2021-07-02,166695.60868077766,124432.67606510429,107295.53799380476,117807.34558641851,123612.05598036124,150477.00563842035,162638.68153820408,104495.44543025293,116080.89033784701,174636.2576876047,110382.06423065223,125454.31888863082
2021-07-06,166695.60868077766,124432.67606510429,106294.4165714354,117807.34558641851,123612.05598036124,149039.28836050892,162638.68153820408,104136.45603764226,116080.89033784701,174204.85208316558,108561.19073590831,125404.61885022602
2021-07-07,166695.60868077766,124432.67606510429,104740.25144587643,117690.53426310433,123612.05598036124,148467.9806245384,162638.68153820408,104052.85815990917,116080.89033784701,174204.85208316558,108561.19073590831,125404.61885022602
2021-07-08,165093.50320766738,123227.88922100187,102548.50279360655,116620.48627531673,123612.05598036124,146584.87765276563,161349.91682372254,102825.59236161789,116080.89033784701,172945.81405551857,108269.85840748761,125342.37238415197
2021-07-09,165093.50320766738,123227.88922100187,102548.50279360655,116620.48627531673,123612.05598036124,152389.63877636145,167313.73383496687,102825.59236161789,116080.89033784701,172945.81405551857,108269.85840748761,125342.37238415197
2021-07-12,165093.50320766738,123227.88922100187,106812.80758205723,116620.48627531673,123612.05598036124,152389.63877636145,165695.19349198355,106979.39830110208,116080.89033784701,172945.81405551857,108269.85840748761,125342.37238415197
2021-07-13,165093.50320766738,123227.88922100187,106812.80758205723,116620.48627531673,123612.05598036124,152389.63877636145,165695.19349198355,106979.39830110208,116080.89033784701,172945.81405551857,108269.85840748761,130334.29848541904
2021-07-14,165093.50320766738,122528.05774392557,104722.31528976977,114241.64984304958,123612.05598036124,151256.61292414763,164848.80072911544,106979.39830110208,118110.04779577091,172093.47639530266,107440.19452270959,130113.45628605547
2021-07-15,165978.668884894,122528.05774392557,103138.37736330598,113133.13129621536,122339.06396814092,147244.22942917136,161163.44231179566,105913.15991011086,118110.04779577091,170328.0998112676,107165.19676930382,130113.45628605547
2021-07-16,164748.91743205415,122528.05774392557,101807.51146203253,113133.13129621536,121049.35947782669,145828.25769755893,159634.73620756523,104925.28148253256,118110.04779577091,170328.0998112676,106511.14760588064,130929.1503246695
2021-07-19,161278.9572412605,119418.46770674364,96622.68100282733,111899.97936185794,120651.36447012772,142586.78053329993,155203.7546588877,99248.1635084192,117806.26064866093,169455.12406463805,103317.00967926778,130884.9999802121
2021-07-20,161278.9572412605,119418.46770674364,96026.5563744685,111899.97936185794,120651.36447012772,142586.78053329993,155203.7546588877,99248.1635084192,117806.26064866093,169455.12406463805,103317.00967926778,130884.9999802121
2021-07-21,161278.9572412605,119418.46770674364,96026.5563744685,111899.97936185794,120651.36447012772,142586.78053329993,155203.7546588877,99248.1635084192,117806.26064866093,169455.12406463805,103317.00967926778,130884.9999802121
2021-07-22,163639.3436051784,118462.92175305796,96026.5563744685,111899.97936185794,120651.36447012772,146513.96856415563,160829.11924549873,101194.16472093143,117806.26064866093,169455.12406463805,103317.00967926778,130884.9999802121
2021-07-23,163639.3436051784,118462.92175305796,96026.5563744685,111899.97936185794,120651.36447012772,146513.96856415563,160829.11924549873,105179.86129662578,116922.35714972513,169455.12406463805,103317.00967926778,130884.9999802121
2021-07-26,163639.3436051784,118462.92175305796,96026.5563744685,111899.97936185794,120651.36447012772,146513.96856415563,160829.11924549873,105179.86129662578,116922.35714972513,173614.2773215332,103317.00967926778,130884.9999802121
2021-07-27,163639.3436051784,118762.054494299,95820.02103751161,111899.97936185794,120651.36447012772,146513.96856415563,160829.11924549873,103516.24804469642,116366.07276736239,173614.2773215332,103317.00967926778,130884.9999802121
2021-07-28,163639.3436051784,118762.054494299,95820.02103751161,111899.97936185794,120651.36447012772,146513.96856415563,160829.11924549873,103516.24804469642,118742.95161850566,171832.27362711736,103317.00967926778,130884.9999802121
2021-07-29,163639.3436051784,118762.054494299,95820.02103751161,111522.30677405595,120651.36447012772,146513.96856415563,160829.11924549873,103516.24804469642,118742.95161850566,171832.27362711736,103317.00967926778,130884.9999802121
2021-07-30,163639.3436051784,123581.40365830244,93529.61405189846,111522.30677405595,120651.36447012772,146513.96856415563,160829.11924549873,102489.97466082497,123357.11566549377,167815.3989567257,103317.00967926778,130884.9999802121
2021-08-02,163639.3436051784,123581.40365830244,93529.61405189846,111522.30677405595,120651.36447012772,146513.96856415563,160829.11924549873,102489.97466082497,123357.11566549377,167815.3989567257,103317.00967926778,132656.37925086787
2021-08-03,166207.7232468143,123581.40365830244,97355.87219887745,111522.30677405595,127855.86262306831,146513.96856415563,160829.11924549873,104460.78107210665,123357.11566549377,167815.3989567257,103317.00967926778,132656.37925086787
2021-08-04,166207.7232468143,123581.40365830244,96347.06086595962,111522.30677405595,127855.86262306831,145679.34950304983,159879.23225572778,104460.78107210665,123179.56097050261,167815.3989567257,103317.00967926778,132656.37925086787
2021-08-05,166207.7232468143,126021.49713150594,96347.06086595962,113961.31125364806,127855.86262306831,151449.9280488182,166160.42784417933,104089.01970908158,122195.69461346453,170230.13832498167,103317.00967926778,132656.37925086787
2021-08-06,168889.63984532058,126749.91848238226,96347.06086595962,113961.31125364806,127855.86262306831,157096.36452734107,172306.49649536816,104089.01970908158,122195.69461346453,170230.13832498167,103317.00967926778,135986.35852468165
2021-08-09,168889.63984532058,126749.91848238226,96347.06086595962,113961.31125364806,127855.86262306831,155892.0202914178,170995.5843153051,103888.52809798579,122195.69461346453,170230.13832498167,103317.00967926778,135986.35852468165
2021-08-10,168889.63984532058,125481.82193360967,96347.06086595962,113961.31125364806,127855.86262306831,155892.0202914178,170995.5843153051,103888.52809798579,122195.69461346453,169576.88919187733,107408.36324039736,135986.35852468165
2021-08-11,171791.23760105073,125481.82193360967,96130.76107414319,113961.31125364806,127855.86262306831,158591.00442782414,173955.8851602035,103888.52809798579,122195.69461346453,169576.88919187733,106747.92492283198,135719.1039018867
2021-08-12,171791.23760105073,124228.2788703139,96130.76107414319,113961.31125364806,132633.6566301964,158591.00442782414,173955.8851602035,106983.23274588562,122195.69461346453,169576.88919187733,106747.92492283198,135719.1039018867
2021-08-13,171776.15417187224,124228.2788703139,99916.08189942822,113961.31125364806,132633.6566301964,159790.13197818634,174860.89178799794,110871.41030730848,122193.22590168208,169576.88919187733,105643.86246684713,135719.1039018867
2021-08-16,171776.15417187224,124228.2788703139,97449.62336310933,113961.31125364806,132633.6566301964,159790.13197818634,174860.89178799794,109486.0951058535,122193.22590168208,169576.88919187733,105417.8393317871,135273.20176430803
2021-08-17,170011.05056421272,123272.5371088261,96940.35771065546,113146.67735034418,132633.6566301964,157442.46003644724,172285.91732300233,107998.39873392752,122193.22590168208,169391.94211927464,105134.13464960596,134820.67566399687
2021-08-18,170011.05056421272,123272.5371088261,96265.66853945705,113146.67735034418,132633.6566301964,157442.46003644724,172285.91732300233,107998.39873392752,122193.22590168208,169391.94211927464,105134.13464960596,134820.67566399687
2021-08-19,168393.64965403586,123272.5371088261,94579.5582886336,113146.67735034418,132633.6566301964,155108.260973959,170024.4294712001,103776.37265744692,121970.31389303213,168554.7919831406,105134.13464960596,134263.46851126448
2021-08-20,168393.64965403586,123272.5371088261,94579.5582886336,113146.67735034418,132633.6566301964,155108.260973959,170024.4294712001,103776.37265744692,121970.31389303213,168342.34348344777,105134.13464960596,134263.46851126448
2021-08-23,168393.64965403586,123272.5371088261,93946.21476688268,113146.67735034418,135977.28568476916,155108.260973959,170024.4294712001,103776.37265744692,121970.31389303213,168342.34348344777,109225.48821073554,134263.46851126448
2021-08-24,168393.64965403586,123272.5371088261,93605.28752850856,113146.67735034418,135416.1342995913,155108.260973959,170024.4294712001,103776.37265744692,121970.31389303213,168342.34348344777,109225.48821073554,134263.46851126448
2021-08-25,169780.41398910122,127727.85926840227,93605.28752850856,118542.90820137238,135416.1342995913,155108.260973959,170024.4294712001,103450.23086537165,121970.31389303213,170802.6009695099,109177.50945037209,134263.46851126448
2021-08-26,168693.43225786564,126838.58679795779,93029.94808571241,120768.0176419815,135416.1342995913,155108.260973959,170024.4294712001,103450.23086537165,121970.31389303213,170802.6009695099,113201.46464413806,134263.46851126448
2021-08-27,168693.43225786564,126838.58679795779,93029.94808571241,120768.0176419815,135416.1342995913,155108.260973959,170024.4294712001,103450.23086537165,121970.31389303213,170802.6009695099,113201.46464413806,134263.46851126448
2021-08-30,168693.43225786564,126838.58679795779,93029.94808571241,120768.0176419815,135416.1342995913,155108.260973959,170024.4294712001,103450.23086537165,121970.31389303213,170802.6009695099,113201.46464413806,134263.46851126448
2021-08-31,168693.43225786564,126838.58679795779,93029.94808571241,120768.0176419815,135416.1342995913,155108.260973959,169801.718914097,103450.23086537165,126568.80915722779,170802.6009695099,113201.46464413806,134263.46851126448
2021-09-01,168693.43225786564,126838.58679795779,93029.94808571241,120768.0176419815,135416.1342995913,155108.260973959,169801.718914097,103450.23086537165,126568.80915722779,170802.6009695099,113201.46464413806,134263.46851126448
2021-09-02,168693.43225786564,126838.58679795779,93029.94808571241,120768.0176419815,135416.1342995913,155108.260973959,169801.718914097,103450.23086537165,126568.80915722779,170802.6009695099,113201.46464413806,134263.46851126448
2021-09-03,168693.43225786564,126838.58679795779,93029.94808571241,120768.0176419815,135416.1342995913,155108.260973959,169801.718914097,103450.23086537165,126568.80915722779,170802.6009695099,112557.57339785185,139094.1042612561
2021-09-07,168693.43225786564,126838.58679795779,92785.76926118339,120768.0176419815,135416.1342995913,155108.260973959,169801.718914097,103450.23086537165,126403.09484056826,170802.6009695099,110953.81798943141,138648.4302222409
2021-09-08,168693.43225786564,126838.58679795779,92589.55599768189,120768.0176419815,135416.1342995913,155108.260973959,169801.718914097,103450.23086537165,126280.69555326241,169696.4369225059,110422.18824755085,138648.4302222409
2021-09-09,168693.43225786564,126838.58679795779,92589.55599768189,120588.49709149858,135416.1342995913,154398.191110699,168840.49971918797,103450.23086537165,126055.31147225875,169696.4369225059,110389.03990400374,138648.4302222409
2021-09-10,167089.51590041965,125527.10267068507,91529.54818854929,120588.49709149858,135416.1342995913,154398.191110699,168840.49971918797,103450.23086537165,126055.31147225875,169696.4369225059,110389.03990400374,138011.60168617105
2021-09-13,167089.51590041965,124857.99419066122,91080.42202201566,123411.84902194963,135416.1342995913,153719.8513097538,167582.68555808035,103450.23086537165,125645.38043904258,169286.20287045045,109868.1101521126,138011.60168617105
2021-09-14,167089.51590041965,124857.99419066122,90585.89290057389,123411.84902194963,137133.05688979613,153719.8513097538,167582.68555808035,103450.23086537165,125645.38043904258,169286.20287045045,109868.1101521126,138851.04097139023
2021-09-15,167089.51590041965,124857.99419066122,94278.90923642831,123411.84902194963,137133.05688979613,159862.13841103995,174315.65292865658,107559.77520033855,125645.38043904258,167767.901246886,109588.30104491462,138851.04097139023
2021-09-16,171773.5055476571,127083.63242151422,94278.90923642831,122822.00950866897,136441.59554700073,159862.13841103995,174315.65292865658,107559.77520033855,125645.38043904258,167767.901246886,108970.16855521052,138546.92694150796
2021-09-17,171773.5055476571,127083.63242151422,93330.87871835224,121982.60145278531,136441.59554700073,159418.19889990627,173965.2857466256,107559.77520033855,125645.38043904258,167113.03477402555,108295.48881966899,137744.13702616614
2021-09-20,165347.50375854445,123472.35977077269,92990.26019425175,120370.78746694047,134984.65409493848,156304.94601170966,170451.65338686729,106276.49190865198,124572.85828808912,167113.03477402555,107583.77152906866,137158.8552362424
2021-09-21,165347.50375854445,123472.35977077269,92990.26019425175,120370.78746694047,134984.65409493848,156304.94601170966,170451.65338686729,106276.49190865198,124224.3136803491,167113.03477402555,106586.12163924813,137158.8552362424
2021-09-22,165347.50375854445,123472.35977077269,92990.26019425175,120370.78746694047,134984.65409493848,156304.94601170966,170451.65338686729,106276.49190865198,124156.00001629262,167113.03477402555,106586.12163924813,137158.8552362424
2021-09-23,165347.50375854445,123472.35977077269,92990.26019425175,120370.78746694047,134984.65409493848,156304.94601170966,170451.65338686729,106276.49190865198,124156.00001629262,167113.03477402555,106586.12163924813,137158.8552362424
2021-09-24,165347.50375854445,123472.35977077269,92736.26800623814,120370.78746694047,134984.65409493848,156304.94601170966,170451.65338686729,106276.49190865198,123594.83189661526,167113.03477402555,106586.12163924813,138870.76492403253
2021-09-27,167603.45939036965,125089.152243621,92158.54122772833,120370.78746694047,134669.41728379283,155386.57981981648,169444.37061809664,106276.49190865198,123594.83189661526,167113.03477402555,106586.12163924813,138014.44648472604
2021-09-28,166430.9121837344,123661.83410285207,91528.97555087511,120370.78746694047,133902.13067727772,154196.17150184064,168146.22189547552,106276.49190865198,123594.83189661526,168908.52370762872,106586.12163924813,137283.21162606232
2021-09-29,165025.63293251224,122990.82596621125,90580.03079231518,119159.3289706329,133902.13067727772,151943.008972965,165689.19227138298,105366.42287104733,123594.83189661526,168908.52370762872,106586.12163924813,137283.21162606232
2021-09-30,165025.63293251224,122990.82596621125,90580.03079231518,119240.98567247177,133723.35590082596,151943.008972965,165689.19227138298,105366.42287104733,123594.83189661526,168908.52370762872,106586.12163924813,137113.988909836
2021-10-01,165025.63293251224,122990.82596621125,89278.19258226496,119240.98567247177,133539.90939304605,150052.72631367762,163478.85808835362,105366.42287104733,123243.09921462195,172161.29051378582,106586.12163924813,136192.2024417029
2021-10-04,164629.043476386,122990.82596621125,88318.07704626185,119240.98567247177,133539.90939304605,149414.2943020183,162689.85173251375,105366.42287104733,122129.48953615029,170406.32956666898,105669.77080624015,136192.2024417029
2021-10-05,164629.043476386,122990.82596621125,88318.07704626185,119240.98567247177,133256.3945186875,149414.2943020183,162689.85173251375,107641.295416443,122129.48953615029,170406.32956666898,105216.2482260182,136192.2024417029
2021-10-06,164074.5256606944,122990.82596621125,86183.6422921881,119240.98567247177,133049.0292540903,148472.7137162927,161664.02219422994,107641.295416443,120876.20950821282,168293.0471211611,104513.93630777812,136510.19798091493
2021-10-07,164074.5256606944,122990.82596621125,86183.6422921881,120059.05242300121,133049.0292540903,148472.7137162927,161664.02219422994,107641.295416443,120836.58110905846,169439.39063275396,104513.93630777812,136510.19798091493
2021-10-08,164074.5256606944,122990.82596621125,86183.6422921881,121791.76823847895,133049.0292540903,149500.63301026906,162827.21727838586,107641.295416443,120836.58110905846,169439.39063275396,104289.84509907983,136510.19798091493
2021-10-11,164074.5256606944,122990.82596621125,85802.82673940658,121791.76823847895,133049.0292540903,149500.63301026906,162827.21727838586,107641.295416443,120836.58110905846,169439.39063275396,108493.62740661654,136510.19798091493
2021-10-12,164074.5256606944,122990.82596621125,85802.82673940658,121791.76823847895,133824.9363985739,149334.09481242934,162581.9930435537,107369.84443315728,120868.53596881087,169439.39063275396,110610.41679091085,136915.8574079203
2021-10-13,164074.5256606944,122990.82596621125,85802.82673940658,121791.76823847895,133824.9363985739,149334.09481242934,162581.9930435537,107369.84443315728,120868.53596881087,169439.39063275396,110152.01594041912,136842.4502913101
2021-10-14,164074.5256606944,122990.82596621125,85802.82673940658,121791.76823847895,133824.9363985739,149334.09481242934,162581.9930435537,107369.84443315728,120868.53596881087,169439.39063275396,110152.01594041912,136842.4502913101
2021-10-15,166133.81061061748,122990.82596621125,85802.82673940658,121791.76823847895,133824.9363985739,149334.09481242934,162581.9930435537,107369.84443315728,120868.53596881087,169439.39063275396,110152.01594041912,136782.89701461955
2021-10-18,166133.81061061748,125824.53007094427,85802.82673940658,121791.76823847895,133824.9363985739,149334.09481242934,162581.9930435537,111796.67515721163,120868.53596881087,167698.60802745118,110152.01594041912,136782.89701461955
2021-10-19,166133.81061061748,125824.53007094427,85802.82673940658,121791.76823847895,133824.9363985739,149334.09481242934,162581.9930435537,111796.67515721163,120868.53596881087,166944.63151648827,110152.01594041912,136782.89701461955
2021-10-20,166133.81061061748,128364.76713238921,85802.82673940658,121791.76823847895,133824.9363985739,149334.09481242934,162581.9930435537,113971.51407181445,120868.53596881087,166525.6057464522,110152.01594041912,136782.89701461955
2021-10-21,164705.15778243646,127198.41056264805,85802.82673940658,121791.76823847895,133824.9363985739,149334.09481242934,162581.9930435537,113608.6454688386,120868.53596881087,166336.75772588892,110152.01594041912,136782.89701461955
2021-10-22,164705.15778243646,127198.41056264805,85802.82673940658,121791.76823847895,133824.9363985739,147868.861747106,160974.89553499813,113608.6454688386,120868.53596881087,166244.4342092086,110152.01594041912,136782.89701461955
2021-10-25,164705.15778243646,127198.41056264805,85802.82673940658,126369.27915482,133824.9363985739,147868.861747106,160974.89553499813,117283.51852152725,121797.38040787536,166244.4342092086,110152.01594041912,136782.89701461955
2021-10-26,167407.79262694268,127198.41056264805,85802.82673940658,126369.27915482,133824.9363985739,147868.861747106,160974.89553499813,119271.36356891834,121411.45417474328,166868.6459454794,110152.01594041912,138454.1198226212
2021-10-27,167407.79262694268,128963.44530848121,85802.82673940658,125427.7005058795,135268.28345028535,147333.68749578105,160186.86193078355,118654.41393820268,120736.54431917518,162442.34627490924,110152.01594041912,138295.08034871746
2021-10-28,167407.79262694268,128963.44530848121,85802.82673940658,130135.19851469276,135990.48352571233,153192.3037437475,165345.18202327058,117728.96425383563,125523.24218976319,164340.19127625518,114514.03574802366,138295.08034871746
2021-10-29,171605.97930951178,128963.44530848121,85802.82673940658,130135.19851469276,135990.48352571233,153192.3037437475,165345.18202327058,122156.11256607225,125165.49656217302,164340.19127625518,113866.47274187433,138295.08034871746
2021-11-01,171605.97930951178,128963.44530848121,85802.82673940658,130135.19851469276,135990.48352571233,153192.3037437475,165345.18202327058,122156.11256607225,124596.41523838764,164340.19127625518,113866.47274187433,138295.08034871746
2021-11-02,175164.44282208642,134327.47727532638,89215.69895568422,130135.19851469276,135990.48352571233,158947.95871860784,171615.83052101103,125284.38359751855,124596.41523838764,165213.3461092612,113065.70399530302,138295.08034871746
2021-11-03,180902.13939394846,139137.62922866756,89169.3403487755,130135.19851469276,135990.48352571233,158947.95871860784,171615.83052101103,127989.83354941009,124596.41523838764,165213.3461092612,113065.70399530302,138295.08034871746
2021-11-04,179613.87386938918,138553.33339233274,89169.3403487755,130135.19851469276,135990.48352571233,158947.95871860784,171615.83052101103,127989.83354941009,124596.41523838764,165213.3461092612,112660.70871066475,138295.08034871746
2021-11-05,186161.6349827478,142678.92257956162,89169.3403487755,130135.19851469276,135990.48352571233,158947.95871860784,171615.83052101103,127989.83354941009,124596.41523838764,165213.3461092612,112660.70871066475,143269.74612964498
2021-11-08,186161.6349827478,142678.92257956162,92702.28200827698,130135.19851469276,135990.48352571233,158947.95871860784,171615.83052101103,131046.70473492624,124596.41523838764,170446.9616759026,112660.70871066475,143269.74612964498
2021-11-09,186161.6349827478,142678.92257956162,95140.81279706267,128948.15034431986,135990.48352571233,158947.95871860784,171615.83052101103,129894.9550402702,124596.41523838764,170446.9616759026,111699.9733558017,143269.74612964498
2021-11-10,183214.98420522,140817.55440483993,94503.00285608554,128553.33968417095,134588.30740608377,158947.95871860784,171615.83052101103,128294.50164143213,124596.41523838764,170446.9616759026,110774.96390521256,142847.98032246513
2021-11-11,185844.70012607286,140152.25918316428,94503.00285608554,128553.33968417095,134588.30740608377,158947.95871860784,171615.83052101103,128294.50164143213,124596.41523838764,170446.9616759026,110774.96390521256,142847.98032246513
2021-11-12,184469.30760511648,140152.25918316428,94503.00285608554,127990.74122240872,134588.30740608377,158947.95871860784,171615.83052101103,126986.59423349473,124043.570698288,170446.9616759026,110774.96390521256,142847.98032246513
2021-11-15,182707.07440506693,142891.29236976948,94503.00285608554,127990.74122240872,133841.66337654248,158947.95871860784,171615.83052101103,129392.01692501697,124043.570698288,172883.07951462464,110774.96390521256,142362.31318069497
2021-11-16,182707.07440506693,142891.29236976948,94503.00285608554,127990.74122240872,133841.66337654248,158947.95871860784,171615.83052101103,128234.22959763726,123722.19209391958,172883.07951462464,110774.96390521256,141984.51290296938
2021-11-17,182707.07440506693,145573.40353926772,94312.51233069978,126984.2743656015,133543.01770999018,159156.40482747077,172970.52988441917,127964.50253317568,123722.19209391958,175871.18307241416,110774.96390521256,141615.27331928888
2021-11-18,182707.07440506693,145573.40353926772,93457.30631805763,126083.18797951231,133543.01770999018,159156.40482747077,172970.52988441917,127964.50253317568,123722.19209391958,175871.18307241416,115161.65245208924,140299.02299110292
2021-11-19,182707.07440506693,145573.40353926772,91878.5688256689,126083.18797951231,132639.4961802448,159156.40482747077,172970.52988441917,126751.78104791329,123722.19209391958,175024.88879658218,113986.81056834623,139694.45736364776
2021-11-22,180387.96779735744,144692.23765310025,91878.5688256689,125502.45773281758,131040.82548257564,163177.00084694874,177311.5603112,126751.78104791329,122953.18195668969,175024.88879658218,113685.5639209373,139694.45736364776
2021-11-23,180387.96779735744,143310.5629486286,91878.5688256689,124876.90862030795,131040.82548257564,163177.00084694874,177311.5603112,126751.78104791329,122953.18195668969,174328.10823608036,112901.66056752854,139217.23468138074
2021-11-24,178880.970292315,143310.5629486286,91878.5688256689,124876.90862030795,130560.33486406846,160851.53410683078,176293.53111639645,125594.57130837515,122953.18195668969,174328.10823608036,112322.85555340296,138917.05622367482
2021-11-26,173273.1230161392,139954.18386433992,90851.95490715992,122972.9367831332,129343.53439632092,157505.154962202,175446.38281722958,120834.65727858791,119728.32835297757,170879.37459807738,110404.72914241647,137262.84257595934
2021-11-29,172944.30481403886,139954.18386433992,90851.95490715992,122469.8241079843,128988.76164821163,157505.154962202,175446.38281722958,120834.65727858791,119055.51868925226,170879.37459807738,110404.72914241647,137001.33837253717
2021-11-30,172299.87934432653,138848.04316028123,88549.80163472626,122469.8241079843,126763.25042955944,155341.11288172143,174647.03283033107,118569.13344286007,116942.8141964032,170479.3138650337,109355.24512351297,135787.86052048692
2021-12-01,170785.99034649684,137622.9371969465,88490.27542538148,121231.5552836607,126763.25042955944,154289.72399926366,173500.44153188946,117951.70542495161,116942.8141964032,175415.31654801258,108627.80593952711,134652.66710921386
2021-12-02,169253.86755533193,137622.9371969465,88490.27542538148,121231.5552836607,125809.99136675638,154289.72399926366,172279.9509165282,116700.81047469386,116942.8141964032,175415.31654801258,107684.00427104313,133894.67667682827
2021-12-03,168775.7334050205,136196.977186835,87926.46482397066,121231.5552836607,125809.99136675638,154289.72399926366,172279.9509165282,116410.55673112712,116595.98113583754,174831.62210658754,106985.60015292479,133894.67667682827
2021-12-06,165767.90914336793,134414.74537326113,87285.05990019701,121231.5552836607,125809.99136675638,154289.72399926366,172279.9509165282,114764.63520308088,116595.98113583754,174831.62210658754,106355.83211055462,133034.03752162145
2021-12-07,165767.90914336793,136783.66260898847,87285.05990019701,121231.5552836607,129704.497942825,154289.72399926366,172279.9509165282,114120.53010172873,116595.98113583754,174831.62210658754,106355.83211055462,133034.03752162145
2021-12-08,165767.90914336793,135357.25570593367,87285.05990019701,121231.5552836607,129704.497942825,154289.72399926366,172279.9509165282,114120.53010172873,116595.98113583754,174831.62210658754,106355.83211055462,133034.03752162145
2021-12-09,163884.0395615132,133948.17117133344,87285.05990019701,121231.5552836607,129704.497942825,158423.37633620453,176741.52947739177,114120.53010172873,116595.98113583754,179266.08257960674,105338.03401087361,133034.03752162145
2021-12-10,163884.0395615132,133948.17117133344,87285.05990019701,121153.34291137251,129704.497942825,158423.37633620453,176741.52947739177,114120.53010172873,116595.98113583754,179266.08257960674,104965.0405640732,133034.03752162145
2021-12-13,162401.0646459057,132736.08378094403,87238.35261372398,121153.34291137251,129704.497942825,158423.37633620453,176741.52947739177,114120.53010172873,116595.98113583754,179266.08257960674,102790.26571585811,132082.95968883467
2021-12-14,160563.0699654443,130159.41739557034,88333.51752513983,120069.18143409748,127467.89050751844,156828.48182658246,175205.13967107213,114244.52716751547,116595.98113583754,179266.08257960674,102790.26571585811,132082.95968883467
2021-12-15,160563.0699654443,130159.41739557034,88333.51752513983,122209.9780123269,126999.53120902409,156166.54282702305,174567.48224282663,113182.92973478028,119166.25043176583,179266.08257960674,102790.26571585811,131291.9096039264
2021-12-16,160563.0699654443,130159.41739557034,90939.07640076886,122209.9780123269,126050.70539646484,156166.54282702305,174567.48224282663,111381.35688963914,119166.25043176583,179266.08257960674,102411.30671682689,130697.2408972713
2021-12-17,160563.0699654443,130159.41739557034,89052.21908533928,120154.96799819655,125703.50891475762,156166.54282702305,174567.48224282663,109033.18599602138,118835.99294004725,179266.08257960674,102411.30671682689,130697.2408972713
2021-12-20,159441.43592307303,130159.41739557034,87231.80963746755,120154.96799819655,123237.6953096707,153312.3633153638,171635.28201883854,107198.10232350763,117788.90822744087,178764.6304896644,102411.30671682689,129403.61099953197
2021-12-21,159441.43592307303,130159.41739557034,86735.43059598394,120154.96799819655,123237.6953096707,153312.3633153638,171635.28201883854,106588.10819978891,117788.90822744087,178764.6304896644,101351.34968429599,129403.61099953197
2021-12-22,159441.43592307303,130159.41739557034,86735.43059598394,120154.96799819655,125803.6040543714,153312.3633153638,171635.28201883854,106588.10819978891,117788.90822744087,178764.6304896644,101351.34968429599,129403.61099953197
2021-12-23,159441.43592307303,130159.41739557034,86735.43059598394,121427.06681624736,125803.6040543714,153312.3633153638,171635.28201883854,106588.10819978891,117788.90822744087,178764.6304896644,101351.34968429599,129403.61099953197
2021-12-27,159441.43592307303,130159.41739557034,89423.07162689832,121427.06681624736,125803.6040543714,153312.3633153638,171635.28201883854,110316.64699348992,117788.90822744087,178764.6304896644,101351.34968429599,129403.61099953197
2021-12-28,159441.43592307303,130159.41739557034,89423.07162689832,121427.06681624736,125803.6040543714,153312.3633153638,171635.28201883854,110316.64699348992,117788.90822744087,184448.96359939472,101351.34968429599,129403.61099953197
2021-12-29,159441.43592307303,130159.41739557034,91457.750811444,121427.06681624736,125803.6040543714,156466.04553215526,175532.76094831838,110316.64699348992,117788.90822744087,184448.96359939472,101351.34968429599,129403.61099953197
2021-12-30,159441.43592307303,130159.41739557034,91457.750811444,121427.06681624736,125803.6040543714,156466.04553215526,175532.76094831838,110316.64699348992,117788.90822744087,184448.96359939472,101351.34968429599,129403.61099953197
2021-12-31,159441.43592307303,130159.41739557034,91457.750811444,121427.06681624736,125803.6040543714,156466.04553215526,175532.76094831838,110316.64699348992,119069.94777029629,184448.96359939472,101351.34968429599,129403.61099953197
2022-01-03,159441.43592307303,130159.41739557034,91457.750811444,121427.06681624736,125803.6040543714,156466.04553215526,175532.76094831838,109485.51192794647,119322.75328834266,184448.96359939472,101351.34968429599,129403.61099953197
2022-01-04,159441.43592307303,130159.41739557034,91457.750811444,120854.8013242694,125803.6040543714,156856.38503169946,176713.5561316796,109630.71328956088,119322.75328834266,191215.78679681185,101351.34968429599,129403.61099953197
2022-01-05,159441.43592307303,130159.41739557034,90324.39512907134,117979.24150658598,125803.6040543714,156856.38503169946,176713.5561316796,109630.71328956088,119322.75328834266,189820.88013392096,101351.34968429599,129403.61099953197
2022-01-06,158469.23780691344,128579.64756460443,90324.39512907134,115473.33658468956,125803.6040543714,156856.38503169946,176713.5561316796,109001.73808214656,118315.90671848702,189820.88013392096,101043.03238846512,129403.61099953197
2022-01-07,158469.23780691344,128579.64756460443,90054.45209596561,114507.19279806655,125277.1232277571,156856.38503169946,176713.5561316796,109001.73808214656,122980.34745901893,189820.88013392096,100575.48491792248,129403.61099953197
2022-01-10,158469.23780691344,128579.64756460443,88915.90930150251,114507.19279806655,124469.53596079798,156856.38503169946,176713.5561316796,107003.1811942763,122980.34745901893,187039.8472369274,98597.89612218394,128901.93297508603
2022-01-11,157708.32839805924,127957.72962789879,88294.63824913229,114507.19279806655,123619.86734940048,160596.4046167797,180089.59863106688,106138.13352574085,122609.95333993682,187039.8472369274,97664.42200240666,127847.82197392224
2022-01-12,157708.32839805924,127957.72962789879,88784.0291607573,114507.19279806655,123619.86734940048,160596.4046167797,180089.59863106688,108300.48898503157,122609.95333993682,187039.8472369274,97664.42200240666,127847.82197392224
2022-01-13,157708.32839805924,127957.72962789879,87861.05465714064,114409.14218109075,123619.86734940048,160596.4046167797,180089.59863106688,108079.38720503544,122609.95333993682,187039.8472369274,97664.42200240666,127847.82197392224
2022-01-14,157058.54011497385,126616.38077906534,86792.44047106466,114409.14218109075,123021.89263275512,160596.4046167797,180089.59863106688,108079.38720503544,122609.95333993682,186254.55478844955,96785.81934706414,127277.90724894496
2022-01-18,158560.0979269767,125429.02607751856,85546.61937571554,114409.14218109075,122358.5582278186,159491.80743483244,184692.41044912627,111933.87374869437,124824.61803089148,186254.55478844955,96106.1324091018,127277.90724894496
2022-01-19,158560.0979269767,125429.02607751856,85546.61937571554,113182.42632162597,121158.23665089926,159491.80743483244,184692.41044912627,110940.00787246543,124696.54700224013,183252.02733701494,93832.07421021588,125543.19166546785
2022-01-20,157823.79113081316,124165.73255293135,84685.73743052405,112681.14693565987,120016.52340649243,159047.66583901766,183079.5922516525,110578.61137632733,124278.47482967618,180344.23333911478,92645.30811761282,124816.04122082195
2022-01-21,154391.39645844954,122495.66278401876,83844.4960162445,111481.30056574017,117438.84255452229,158575.57069871714,181631.1472719937,107961.50818275705,123652.14540560503,178597.74104405046,91245.70386874404,124085.88905176464
2022-01-24,152003.2268324796,120571.46704704725,82505.67249102461,110030.66134753883,116649.7665119569,156565.16287492702,179396.10437051475,105793.82725311407,122131.51146802347,172691.20315616913,88695.16372474912,124360.64569952733
2022-01-25,152003.2268324796,120571.46704704725,81923.89395125337,110030.66134753883,116649.7665119569,155667.77069213314,178367.85096643926,105793.82725311407,120868.99355863489,170270.00205874152,87629.14717484184,124101.00053229145
2022-01-26,152003.2268324796,120571.46704704725,81923.89395125337,110030.66134753883,116064.17780352083,154751.89194356583,177342.6143252614,107500.84438871157,118672.15716517608,170270.00205874152,86866.43489003408,122932.69125335215
2022-01-27,152003.2268324796,120571.46704704725,80704.44918831052,108892.51372732232,116064.17780352083,154751.89194356583,177342.6143252614,106594.92271594041,118091.93196142302,170270.00205874152,86866.43489003408,122700.72448209317
2022-01-28,150773.59172843397,119732.21791449057,80449.73380071495,108892.51372732232,116064.17780352083,153998.57443411477,176519.31210312629,106594.92271594041,118091.93196142302,168922.53721520223,86866.43489003408,122700.72448209317
2022-01-31,149832.20559443548,118498.82375077707,80449.73380071495,108892.51372732232,116064.17780352083,153296.81912599146,175762.59075876,106594.92271594041,118091.93196142302,168922.53721520223,86125.07436799441,122700.72448209317
2022-02-01,149832.20559443548,118498.82375077707,80091.64067903705,108892.51372732232,116064.17780352083,153296.81912599146,175762.59075876,106369.91989088584,118091.93196142302,168922.53721520223,86125.07436799441,122700.72448209317
2022-02-02,152590.7352874973,118498.82375077707,81856.54218344955,108892.51372732232,120382.46689107986,153296.81912599146,175022.22069665973,108632.98471102762,118091.93196142302,168922.53721520223,86125.07436799441,122700.72448209317
2022-02-03,152590.7352874973,118498.82375077707,81856.54218344955,108892.51372732232,120382.46689107986,153296.81912599146,175022.22069665973,108632.98471102762,118091.93196142302,168922.53721520223,86125.07436799441,122700.72448209317
2022-02-04,152590.7352874973,119641.19235654655,81180.49341786493,109051.83668226573,119949.59611562714,153296.81912599146,175022.22069665973,107940.66017845114,118091.93196142302,168922.53721520223,86125.07436799441,122616.45220044213
2022-02-07,152590.7352874973,119641.19235654655,81180.49341786493,109051.83668226573,119106.92119288833,153296.81912599146,175022.22069665973,107641.48633119033,122724.49922116859,168922.53721520223,88613.49573604253,122415.47020131478
2022-02-08,151551.30887142548,118974.54867461718,81180.49341786493,109051.83668226573,119106.92119288833,153296.81912599146,175022.22069665973,106851.33502158667,121897.97449924728,168922.53721520223,87579.72602118341,127378.35636288041
2022-02-09,151551.30887142548,118974.54867461718,81180.49341786493,109051.83668226573,119106.92119288833,159367.9886803826,181818.9778277768,106851.33502158667,121897.97449924728,168922.53721520223,87579.72602118341,127378.35636288041
2022-02-10,150394.40654032704,117739.85690116388,81180.49341786493,109051.83668226573,119106.92119288833,158616.81581054823,180958.2660060495,106027.70865259657,121897.97449924728,168922.53721520223,87579.72602118341,126632.26468038197
2022-02-11,150394.40654032704,117739.85690116388,81180.49341786493,109051.83668226573,119106.92119288833,157353.90974762422,179596.44093300524,106027.70865259657,121130.06286981802,168922.53721520223,87197.91674740681,126413.31015479499
2022-02-14,150394.40654032704,117739.85690116388,81136.43058108701,109051.83668226573,119106.92119288833,157353.90974762422,179294.03230146298,106027.70865259657,120924.34544469186,168922.53721520223,86208.68408641196,126413.31015479499
2022-02-15,148670.7293491482,117739.85690116388,81136.43058108701,109051.83668226573,119106.92119288833,157353.90974762422,179294.03230146298,106027.70865259657,120924.34544469186,168922.53721520223,85256.08397405338,126413.31015479499
2022-02-16,148670.7293491482,117739.85690116388,81136.43058108701,109051.83668226573,121940.96923792179,157353.90974762422,179294.03230146298,106027.70865259657,120924.34544469186,173118.13212579343,85256.08397405338,126413.31015479499
2022-02-17,148670.7293491482,117739.85690116388,81136.43058108701,109135.24446045989,121940.96923792179,157353.90974762422,179294.03230146298,106027.70865259657,120924.34544469186,171475.8606953896,84054.95360164043,125708.24225729804
2022-02-18,148670.7293491482,117739.85690116388,81136.43058108701,109135.24446045989,121940.96923792179,155708.64637260858,177416.99220338685,105753.06706148876,120924.34544469186,171475.8606953896,83839.44281641603,125478.44026566499
2022-02-22,148670.7293491482,117739.85690116388,81136.43058108701,108715.20389014271,121303.73302282514,154930.1368954727,176538.94751624655,104996.97805662136,120483.43439943582,171475.8606953896,83596.97725950142,125478.44026566499
2022-02-23,147509.6725814777,117739.85690116388,81136.43058108701,108715.20389014271,120635.77370681883,154930.1368954727,176538.94751624655,104751.67513852229,120683.00679026847,171171.655740685,83325.94842686126,125478.44026566499
2022-02-24,144748.66594923325,116506.58709422154,80850.54435651161,107697.055568646,120016.8149111115,152753.29540182342,172960.79372478282,103938.48927713436,118541.15554624087,169717.70474143623,82434.36411211362,122846.30743628484
2022-02-25,144748.66594923325,116506.58709422154,80850.54435651161,107697.055568646,121703.47658111926,154820.20280587065,173849.05371674782,105516.1232676357,117294.3501497041,170207.9237979619,82434.36411211362,122846.30743628484
2022-02-28,144748.66594923325,116506.58709422154,82367.17003921657,107697.055568646,121703.47658111926,159772.31830109085,179194.02482787563,105516.1232676357,117294.3501497041,170207.9237979619,82434.36411211362,122846.30743628484
2022-03-01,151071.42664998476,120005.77494718322,81527.73902559905,107697.055568646,126310.95552464643,158868.0845173566,178170.1713487344,107267.59957908894,121287.42814465554,170207.9237979619,82434.36411211362,123074.29934759602
2022-03-02,151071.42664998476,120005.77494718322,81527.73902559905,107697.055568646,128891.67444034637,158868.0845173566,178170.1713487344,107267.59957908894,121287.42814465554,170207.9237979619,82434.36411211362,123074.29934759602
2022-03-03,151071.42664998476,120005.77494718322,81527.73902559905,107697.055568646,128891.67444034637,158868.0845173566,178170.1713487344,109224.00786391746,121287.42814465554,171763.97196118868,82434.36411211362,122136.74359346743
2022-03-04,151071.42664998476,124713.4089994157,81033.90804970717,110867.86313046823,132232.5535032063,158868.0845173566,176655.86955896695,109224.00786391746,124063.50838625825,171763.97196118868,81923.3961676445,121243.15026629914
2022-03-07,159830.4206075883,124713.4089994157,80491.83110571397,110864.11579895426,141085.36479260898,158868.0845173566,176655.86955896695,115792.80291169205,124063.50838625825,175789.8044768715,81923.3961676445,120153.82344969189
2022-03-08,167357.86829404504,128628.4790598007,80327.37222683935,110864.11579895426,141002.33763543807,157589.15489698885,175488.19552299904,115792.80291169205,124063.50838625825,182587.58719594465,81034.00927372319,119849.36708729411
2022-03-09,165984.7304849408,128628.4790598007,80327.37222683935,109915.01840335573,139337.06732192717,157340.91499483612,175488.19552299904,114165.84242299192,124063.50838625825,182587.58719594465,81034.00927372319,119849.36708729411
2022-03-10,165984.7304849408,128628.4790598007,80327.37222683935,109083.51932977884,138388.0599180023,157340.91499483612,175488.19552299904,113345.38401127527,124063.50838625825,182587.58719594465,81034.00927372319,119849.36708729411
2022-03-11,165984.7304849408,128628.4790598007,80327.37222683935,109083.51932977884,138388.0599180023,157340.91499483612,175488.19552299904,113363.29647337871,124063.50838625825,182587.58719594465,81034.00927372319,119849.36708729411
2022-03-14,163156.21994069437,127760.71729566148,79461.77095944421,106519.40588377615,138388.0599180023,157340.91499483612,175488.19552299904,111495.53303005469,124063.50838625825,182587.58719594465,80863.34803772323,119849.36708729411
2022-03-15,163156.21994069437,127760.71729566148,79461.77095944421,105688.40653906243,138388.0599180023,157340.91499483612,175488.19552299904,110151.93979157512,124063.50838625825,182587.58719594465,80287.40752463763,119849.36708729411
2022-03-16,161589.51530236006,127760.71729566148,79461.77095944421,104537.15742855004,136516.6341689126,160175.83396144974,178076.50157101746,109016.90479186826,124063.50838625825,180864.44399830533,80287.40752463763,119849.36708729411
2022-03-17,161589.51530236006,127760.71729566148,81642.88616107225,104537.15742855004,136516.6341689126,165503.01390924843,184051.2462951283,109016.90479186826,124063.50838625825,180864.44399830533,80287.40752463763,119849.36708729411
2022-03-18,161589.51530236006,127760.71729566148,81642.88616107225,104537.15742855004,134848.40683549133,165503.01390924843,184051.2462951283,108240.51872267398,124063.50838625825,180864.44399830533,80287.40752463763,119849.36708729411
2022-03-21,161589.51530236006,127760.71729566148,81642.88616107225,104537.15742855004,138552.2003762849,165503.01390924843,184051.2462951283,113014.07437902185,124063.50838625825,186347.63167992086,80287.40752463763,119849.36708729411
2022-03-22,161589.51530236006,127760.71729566148,83407.67723311514,104537.15742855004,138552.2003762849,165503.01390924843,184051.2462951283,113014.07437902185,124063.50838625825,186347.63167992086,80287.40752463763,119849.36708729411
2022-03-23,164733.205738548,129332.06101412453,83407.67723311514,104537.15742855004,137407.6506672155,165503.01390924843,184051.2462951283,113014.07437902185,124063.50838625825,186347.63167992086,80287.40752463763,119849.36708729411
2022-03-24,164733.205738548,129332.06101412453,84527.21848489183,106832.39189656179,137407.6506672155,165503.01390924843,184051.2462951283,110705.76920002136,123568.62662229974,184472.1091135859,80287.40752463763,119849.36708729411
2022-03-25,164733.205738548,130824.85020427294,84527.21848489183,108853.55356105701,137407.6506672155,171552.04437438335,190900.49368951636,110705.76920002136,123568.62662229974,184472.1091135859,80287.40752463763,119849.36708729411
2022-03-28,164733.205738548,130824.85020427294,84527.21848489183,108157.13667970954,137407.6506672155,171552.04437438335,190900.49368951636,110705.76920002136,123568.62662229974,184472.1091135859,80287.40752463763,119849.36708729411
2022-03-29,164733.205738548,130084.2156406502,84527.21848489183,108157.13667970954,136406.59656671618,171552.04437438335,190900.49368951636,109334.51535901387,123568.62662229974,183257.8608400927,80287.40752463763,119849.36708729411
2022-03-30,164733.205738548,129404.31311292206,84527.21848489183,108157.13667970954,135355.99361556568,171552.04437438335,190900.49368951636,108574.69195415778,123568.62662229974,180289.61730982744,83757.52173395819,119849.36708729411
2022-03-31,164733.205738548,129404.31311292206,84527.21848489183,108157.13667970954,135355.99361556568,171552.04437438335,190900.49368951636,107447.0161870129,123568.62662229974,180289.61730982744,83757.52173395819,119849.36708729411
2022-04-01,164733.205738548,129404.31311292206,84367.47354111854,107044.13262310793,135355.99361556568,171552.04437438335,190900.49368951636,107447.0161870129,123568.62662229974,180289.61730982744,83757.52173395819,119849.36708729411
2022-04-04,163200.69246947826,128607.70781540772,84249.62298169213,107044.13262310793,135355.99361556568,171552.04437438335,190900.49368951636,107228.16128106909,123568.62662229974,180289.61730982744,83757.52173395819,119849.36708729411
2022-04-05,161474.69808142446,127281.13718407629,87327.40356440029,106157.78797250899,135355.99361556568,171552.04437438335,190900.49368951636,107228.16128106909,123568.62662229974,180289.61730982744,83337.89749691775,124714.08083541103
2022-04-06,160206.6525126066,127281.13718407629,87223.51506933705,105053.97944963441,135002.27773090737,171552.04437438335,190900.49368951636,107167.44400438509,123568.62662229974,178870.31509619302,83337.89749691775,124306.26079794503
2022-04-07,160206.6525126066,126867.74450814989,87098.93269209468,104111.75846433965,134122.6707049657,171175.63882393157,190458.4027485058,107090.87767656369,123568.62662229974,178349.62395133596,82896.1797079374,123925.67041399263
2022-04-08,160206.6525126066,126867.74450814989,87098.93269209468,104111.75846433965,134122.6707049657,171175.63882393157,190458.4027485058,109140.78636284023,123568.62662229974,176500.19071038617,86257.4911408319,128793.80496124687
2022-04-11,160206.6525126066,126867.74450814989,87098.93269209468,103858.18903252798,133553.36018971077,171175.63882393157,190458.4027485058,109037.60763389543,123568.62662229974,176500.19071038617,85601.59367682965,128221.74475692539
2022-04-12,160206.6525126066,126660.16618956946,87098.93269209468,103858.18903252798,133553.36018971077,171175.63882393157,190458.4027485058,111399.8404413353,123568.62662229974,176500.19071038617,85601.59367682965,128221.74475692539
2022-04-13,164063.6138332044,128542.63596260232,87098.93269209468,103328.65503437803,133553.36018971077,171175.63882393157,190458.4027485058,111399.8404413353,123568.62662229974,176500.19071038617,85146.32703160055,128221.74475692539
2022-04-14,164063.6138332044,128542.63596260232,87098.93269209468,103328.65503437803,133553.36018971077,171175.63882393157,190458.4027485058,111399.8404413353,124815.44089498451,180296.56834018716,85986.72600795122,128221.74475692539
2022-04-18,167362.7081390836,131163.31928823312,87098.93269209468,103328.65503437803,133553.36018971077,171175.63882393157,190458.4027485058,117333.96719760609,124815.44089498451,183291.7364182389,85986.72600795122,128221.74475692539
2022-04-19,172210.12484520543,131163.31928823312,87098.93269209468,103328.65503437803,133553.36018971077,171175.63882393157,190458.4027485058,117327.80022846036,124815.44089498451,183278.41213730778,85986.72600795122,128221.74475692539
2022-04-20,172210.12484520543,131163.31928823312,87098.93269209468,107609.29843391351,133553.36018971077,177310.8722117479,197218.21465619365,117327.80022846036,124815.44089498451,183278.41213730778,85986.72600795122,128221.74475692539
2022-04-21,173167.91807663155,132019.28686500256,86532.8676218788,107609.29843391351,139137.0527298183,177310.8722117479,197218.21465619365,116354.77429636988,124815.44089498451,183324.03759341632,86067.5251672543,128221.74475692539
2022-04-22,173167.91807663155,132019.28686500256,86087.34234191904,106813.50351292579,138609.71277076873,176687.38601538315,196622.6898475525,113580.50545996861,125136.11287797206,182907.80249657057,84961.74676248955,127653.11234189365
2022-04-25,170775.8504047403,130029.62738146444,85422.73272972646,103852.73796136561,137063.1297437754,171101.46572963515,190383.37498981177,112879.08738078355,127583.83287626387,180472.56026282502,83406.74466934985,126286.01510690262
2022-04-26,170775.8504047403,130029.62738146444,85422.73272972646,103852.73796136561,136638.07953118187,168141.28468377824,187115.44501152757,112778.99121960886,127583.83287626387,180328.927149447,83406.74466934985,125862.64866790563
2022-04-27,169376.64666266233,128682.49714893592,85422.73272972646,102455.93548878816,136638.07953118187,167575.49077003053,186485.80321858646,111885.064542467,126263.39018526919,178315.8283439992,81937.9842987381,125142.8824475291
2022-04-28,169376.64666266233,128682.49714893592,86267.46289489398,102455.93548878816,136638.07953118187,166089.78881516273,184859.35272873746,111885.064542467,125634.38118444056,178315.8283439992,80642.4951343542,125142.8824475291
2022-04-29,166656.8086080478,126792.3205681577,86226.10562539326,101582.36339584344,136638.07953118187,165034.01548868365,183703.56031802195,110767.15074866705,125634.38118444056,177826.2323968364,79843.28816966574,125099.94780831413
2022-05-02,163703.9265275341,124801.36142937462,85796.33664808686,99673.40239355798,135870.08655861006,165034.01548868365,183703.56031802195,110731.84751694839,124876.46117298093,175312.38809847433,78346.49760391947,123558.83168349443
2022-05-03,163703.9265275341,124801.36142937462,85796.33664808686,99673.40239355798,135870.08655861006,165034.01548868365,183703.56031802195,110731.84751694839,124584.4522177651,175312.38809847433,78346.49760391947,123558.83168349443
2022-05-04,168634.9532170748,123579.6822593557,85796.33664808686,99673.40239355798,138199.97914986376,165034.01548868365,183703.56031802195,111796.12418428776,124584.4522177651,178892.7357243802,78346.49760391947,123070.34367924629
2022-05-05,168634.9532170748,123220.7056061979,85198.895830878,99673.40239355798,137743.622451548,165034.01548868365,183703.56031802195,111442.82156716824,124584.4522177651,180286.0612553472,78173.93909032909,122232.32711085322
2022-05-06,168634.9532170748,123220.7056061979,85198.895830878,99673.40239355798,137743.622451548,163531.09395171545,182058.25894246844,110297.6807820246,124584.4522177651,178772.19880069175,78173.93909032909,121460.55093716567
2022-05-09,163539.8596146275,120910.67112455193,83681.2671306901,99673.40239355798,136336.69674362865,163011.2880688783,181489.20905329188,105116.59000268682,123614.85230914071,175090.20916751862,76423.42167264686,120685.8800161996
2022-05-10,163539.8596146275,119755.4569747343,83206.46830100623,98643.20890136284,135492.1995522039,160555.82743655425,178743.13228239157,104875.7704777751,123274.74229013699,174905.38051421093,75545.11582733529,120134.48613854725
2022-05-11,163539.8596146275,119755.4569747343,83206.46830100623,98643.20890136284,135234.3731247385,159904.32211557459,178016.3749125996,103995.08162079075,122684.4141419432,172683.90963787594,75185.40511958727,120134.48613854725
2022-05-12,163539.8596146275,119755.4569747343,83206.46830100623,98147.73676999641,134956.5113117379,158049.48430424804,176216.37407701963,103995.08162079075,122605.06915535066,172683.90963787594,74903.1841659035,119840.85704795571
2022-05-13,163539.8596146275,119755.4569747343,83206.46830100623,98147.73676999641,134956.5113117379,158049.48430424804,176216.37407701963,103995.08162079075,122605.06915535066,172683.90963787594,74903.1841659035,119840.85704795571
2022-05-16,167783.30962441114,119755.4569747343,89260.36737024246,98147.73676999641,134956.5113117379,158049.48430424804,176216.37407701963,109557.45629505355,126070.47600385596,174730.23666178004,74903.1841659035,119840.85704795571
2022-05-17,167783.30962441114,119755.4569747343,89260.36737024246,98147.73676999641,134956.5113117379,158049.48430424804,176216.37407701963,109557.45629505355,126070.47600385596,174730.23666178004,74903.1841659035,119840.85704795571
2022-05-18,166093.00911859891,119451.61532597544,89009.42502669053,96557.38787191961,134956.5113117379,157484.85810952733,174228.39720394302,108428.08254595211,124149.28397977432,174159.21518065434,74903.1841659035,119840.85704795571
2022-05-19,164398.37111627896,118166.8471077736,88166.499535281,96557.38787191961,134956.5113117379,156234.89380173874,172498.7909829534,108428.08254595211,123822.32563359037,173345.70305172066,74903.1841659035,118575.81314535145
2022-05-20,164398.37111627896,118166.8471077736,87937.71413203308,95547.44488733362,134956.5113117379,156234.89380173874,172498.7909829534,108428.08254595211,121785.069664058,173345.70305172066,74319.70727818784,118271.33551257152
2022-05-23,164398.37111627896,118166.8471077736,89888.03515658021,95547.44488733362,134956.5113117379,157119.49700078688,172498.7909829534,108428.08254595211,123536.35217574115,173345.70305172066,77346.07476002596,118271.33551257152
2022-05-24,162705.91624664684,118166.8471077736,89888.03515658021,95547.44488733362,134956.5113117379,157119.49700078688,172498.7909829534,110872.28472499801,122068.04964379576,173345.70305172066,76948.68307106225,118271.33551257152
2022-05-25,162705.91624664684,118166.8471077736,89888.03515658021,95547.44488733362,134956.5113117379,157119.49700078688,172498.7909829534,110872.28472499801,122732.92462250826,173345.70305172066,76948.68307106225,118271.33551257152
2022-05-26,162705.91624664684,118166.8471077736,89888.03515658021,95547.44488733362,134956.5113117379,157119.49700078688,172498.7909829534,110872.28472499801,122732.92462250826,173345.70305172066,76948.68307106225,118271.33551257152
2022-05-27,162705.91624664684,118166.8471077736,92634.95161048141,95547.44488733362,138562.0349818498,157119.49700078688,172498.7909829534,114503.42801630513,122732.92462250826,174962.9508222599,76948.68307106225,120367.67685387915
2022-05-31,165779.26276991479,120509.84423914395,92634.95161048141,95547.44488733362,139805.9749617538,163455.33419314213,179552.33368815586,114972.64667507738,122732.92462250826,181024.63083020132,76646.71250880456,119810.09862597204
2022-06-01,165779.26276991479,120509.84423914395,92634.95161048141,95547.44488733362,139220.9798096937,163455.33419314213,179552.33368815586,114972.64667507738,122732.92462250826,181024.63083020132,76646.71250880456,119810.09862597204
2022-06-02,165779.26276991479,120509.84423914395,92634.95161048141,95547.44488733362,143078.81948563358,163455.33419314213,179552.33368815586,114972.64667507738,122732.92462250826,186020.247569832,79638.29907935682,119810.09862597204
2022-06-03,165779.26276991479,122960.322021656,92634.95161048141,95547.44488733362,142584.7767592699,163777.76227100042,179552.33368815586,114972.64667507738,122732.92462250826,186020.247569832,79638.29907935682,119810.09862597204
2022-06-06,165779.26276991479,126551.83627082444,92634.95161048141,95547.44488733362,142584.7767592699,163777.76227100042,179552.33368815586,116938.01915388039,122732.92462250826,184102.6193545108,78816.49682472134,119810.09862597204
2022-06-07,165779.26276991479,125450.60664940672,92634.95161048141,95547.44488733362,144534.23767312433,163777.76227100042,179552.33368815586,119866.17336175503,127566.81936220962,184102.6193545108,78816.49682472134,119810.09862597204
2022-06-08,167147.86947078982,125450.60664940672,93554.17281815759,95547.44488733362,144534.23767312433,163777.76227100042,179552.33368815586,119866.17336175503,127566.81936220962,184102.6193545108,78816.49682472134,119810.09862597204
2022-06-09,167147.86947078982,125450.60664940672,93025.59805908363,95547.44488733362,142936.49182344024,162100.22798761918,177709.5966682243,118306.20901497564,127566.81936220962,183086.8246835866,78816.49682472134,118203.43492105842
2022-06-10,165872.13102447576,124791.77131508406,92713.82665898411,94561.49251567986,140651.68733229005,161200.8594450232,176706.85082420675,116354.90544304666,126170.05521479844,180309.96309812233,78779.1686301985,116471.88895853315
2022-06-13,160979.234545973,120212.6541393962,90970.98611623698,92217.62521410309,136357.50808086476,158220.57746565389,173747.9199865377,115017.95471669098,123453.94147636917,178476.65093459995,77716.37305407006,114898.1016812265
2022-06-14,158246.52044311678,117073.73483574743,89763.58563625792,92217.62521410309,136357.50808086476,155818.04440305894,171973.5669903078,114398.88828941876,122940.26971140846,178476.65093459995,77467.59571456563,113738.29217862134
2022-06-15,158246.52044311678,117073.73483574743,89763.58563625792,92217.62521410309,134977.03043785252,155818.04440305894,171973.5669903078,114398.88828941876,121687.5845300529,176629.27387737556,76579.68189340939,112503.7497127035
2022-06-16,156190.8813120358,115824.44568263968,87443.32881149252,90466.82128623282,133688.5707907106,152223.03983823935,168484.31767109875,111738.67828804952,121096.99590573202,174076.58005688302,75060.37004373148,110259.79729395927
2022-06-17,156190.8813120358,115824.44568263968,86450.08718920883,90466.82128623282,133479.31920103476,151168.49319306752,167317.1187230753,109839.90234020045,119826.16350808395,172870.6399199823,73662.301526304,109005.18057449178
2022-06-21,156190.8813120358,115824.44568263968,86450.08718920883,90466.82128623282,133479.31920103476,151168.49319306752,167317.1187230753,109839.90234020045,119826.16350808395,172870.6399199823,73662.301526304,109005.18057449178
2022-06-22,156190.8813120358,115824.44568263968,85909.33157179403,90466.82128623282,133479.31920103476,150621.3720181787,166711.55114321018,109148.90259455917,119826.16350808395,171794.13826107307,73662.301526304,109005.18057449178
2022-06-23,156190.8813120358,115824.44568263968,84621.5278589729,90466.82128623282,133479.31920103476,149057.02892976816,164980.096574083,107706.34022157524,119183.73070359221,173785.82414571272,72738.77618037304,107638.551443818
2022-06-24,156190.8813120358,115824.44568263968,84621.5278589729,90466.82128623282,133479.31920103476,149057.02892976816,164980.096574083,111694.58077038804,119183.73070359221,180624.10693031867,72738.77618037304,107638.551443818
2022-06-27,156190.8813120358,115824.44568263968,84621.5278589729,90466.82128623282,138765.1002127542,149057.02892976816,164980.096574083,111694.58077038804,119183.73070359221,180624.10693031867,72738.77618037304,107638.551443818
2022-06-28,155691.33960004098,114630.79521629514,84621.5278589729,89586.2288171267,137986.83664187652,149057.02892976816,164980.096574083,111694.58077038804,119183.73070359221,180306.43867469483,72673.27334739098,107638.551443818
2022-06-29,155691.33960004098,114630.79521629514,84621.5278589729,89586.2288171267,137986.83664187652,149057.02892976816,164980.096574083,111694.58077038804,119183.73070359221,180306.43867469483,72628.68412081005,107638.551443818
2022-06-30,155691.33960004098,113166.70532079875,84621.5278589729,87489.79667550806,137294.85939775055,149057.02892976816,164980.096574083,110333.10855724763,119183.73070359221,178109.68247514943,72524.18701044747,112142.58778968581
2022-07-01,155691.33960004098,113166.70532079875,84621.5278589729,86899.5539656996,137294.85939775055,149057.02892976816,164980.096574083,109180.38416108987,118025.71524914805,178109.68247514943,72524.18701044747,111690.13517054192
2022-07-05,155691.33960004098,113166.70532079875,84621.5278589729,86899.5539656996,136779.51419895576,149057.02892976816,164980.096574083,109180.38416108987,117928.23790360706,177386.3265301995,72365.18541499125,110913.5948616647
2022-07-06,159984.38830687324,112455.4268368871,84621.5278589729,86899.5539656996,136779.51419895576,149057.02892976816,164980.096574083,109180.38416108987,117721.6968613469,177386.3265301995,73468.53117945838,111643.55244967682
2022-07-07,159984.38830687324,114646.11356155496,84621.5278589729,86899.5539656996,136779.51419895576,149057.02892976816,164980.096574083,109180.38416108987,117721.6968613469,177386.3265301995,73468.53117945838,111643.55244967682
2022-07-08,159984.38830687324,114646.11356155496,84621.5278589729,86899.5539656996,139131.3731758172,149057.02892976816,164980.096574083,109180.38416108987,117721.6968613469,175810.2132986889,73209.80949158152,111260.69712583814
2022-07-11,159984.38830687324,114646.11356155496,84621.5278589729,86899.5539656996,138472.6168225334,149057.02892976816,164980.096574083,109180.38416108987,117721.6968613469,175810.2132986889,73209.80949158152,111260.69712583814
2022-07-12,159984.38830687324,114646.11356155496,84621.5278589729,86899.5539656996,138472.6168225334,149057.02892976816,164980.096574083,109180.38416108987,117721.6968613469,175810.2132986889,73209.80949158152,111260.69712583814
2022-07-13,159984.38830687324,114247.2743265414,84621.5278589729,86899.5539656996,137165.91732138547,149057.02892976816,164980.096574083,109180.38416108987,117721.6968613469,175570.4084595399,73209.80949158152,111260.69712583814
2022-07-14,158414.9138629427,113744.99093125481,84554.62492347977,86899.5539656996,136031.82468025602,149057.02892976816,164980.096574083,109180.38416108987,117601.21698806675,175178.272752378,73209.80949158152,111097.87790826318
2022-07-15,158414.9138629427,113744.99093125481,84554.62492347977,86899.5539656996,136031.82468025602,149057.02892976816,164980.096574083,109180.38416108987,117601.21698806675,175178.272752378,76182.20012920708,115464.16585744478
2022-07-18,158414.9138629427,115903.76951671495,84554.62492347977,86899.5539656996,141431.5819709991,149057.02892976816,164980.096574083,108982.70382939524,118883.92161245002,175178.272752378,76182.20012920708,115464.16585744478
2022-07-19,156997.3993353144,113714.55280723676,84554.62492347977,86899.5539656996,141431.5819709991,149057.02892976816,164980.096574083,108804.92448676974,118883.92161245002,173388.52979959044,76182.20012920708,115464.16585744478
2022-07-20,156997.3993353144,113714.55280723676,87978.04835762226,86899.5539656996,141431.5819709991,149057.02892976816,164980.096574083,113154.5845958726,118883.92161245002,173388.52979959044,78553.38396995304,119466.64842795164
2022-07-21,156201.5339707408,113714.55280723676,87559.76176594732,86899.5539656996,140825.28913986767,149057.02892976816,164980.096574083,113154.5845958726,118883.92161245002,173388.52979959044,78553.38396995304,118583.41638292078
2022-07-22,156201.5339707408,112652.0193565313,87559.76176594732,86899.5539656996,140346.18102971817,149057.02892976816,164980.096574083,112352.85741419073,121804.34731649734,173388.52979959044,78553.38396995304,118583.41638292078
2022-07-25,156201.5339707408,112652.0193565313,87559.76176594732,86126.10662665739,139376.76790865223,149057.02892976816,164980.096574083,112352.85741419073,121804.34731649734,173388.52979959044,78553.38396995304,118448.41727068409
2022-07-26,155051.8608492373,112164.01038677312,86895.34421554154,86126.10662665739,139376.76790865223,149057.02892976816,164980.096574083,112352.85741419073,121804.34731649734,173137.73062694137,77986.77388846166,116690.30972637693
2022-07-27,155051.8608492373,112164.01038677312,86895.34421554154,86126.10662665739,139043.81986202233,149057.02892976816,164980.096574083,112352.85741419073,125596.78427709694,171300.58339841472,77986.77388846166,116380.35540778966
2022-07-28,155051.8608492373,111101.12853204903,89913.69795639136,85538.11379330733,139043.81986202233,149057.02892976816,164980.096574083,112352.85741419073,125596.78427709694,171300.58339841472,77621.76656018374,116380.35540778966
2022-07-29,154870.00237903485,110033.41396351196,89913.69795639136,84808.32569315506,144443.5771527654,152989.16554437394,167852.86192909954,112352.85741419073,125596.78427709694,170956.39140198042,77621.76656018374,116380.35540778966
2022-08-01,154870.00237903485,110033.41396351196,89913.69795639136,84808.32569315506,143759.32024557248,152989.16554437394,167852.86192909954,112352.85741419073,125596.78427709694,170956.39140198042,77621.76656018374,116380.35540778966
2022-08-02,159543.35133453354,110033.41396351196,89913.69795639136,84808.32569315506,143702.78949766883,152989.16554437394,173762.80931149062,115475.35404279744,129808.01360398528,172362.91307693298,77419.53468674501,115956.98831272821
2022-08-03,159280.89045849306,110033.41396351196,89339.8842377981,84808.32569315506,142701.2442651896,152989.16554437394,172158.9919756916,115475.35404279744,129808.01360398528,171931.28745871127,77419.53468674501,115908.07850470483
2022-08-04,158051.7617999461,108004.91841572284,89129.92254274653,84808.32569315506,141583.80806538495,151781.13293020302,171228.43215880208,114585.72708045384,129808.01360398528,170003.466894413,77419.53468674501,115908.07850470483
2022-08-05,160686.15651183194,109385.02461534132,89129.92254274653,84808.32569315506,140036.30372129093,150498.5695270599,172989.0224155216,113686.48388710608,129808.01360398528,172842.22003859372,77216.69801710849,115908.07850470483
2022-08-08,160686.15651183194,109385.02461534132,88745.47903902721,84808.32569315506,140036.30372129093,156317.80163737806,179429.89596868795,113686.48388710608,129808.01360398528,172842.22003859372,80045.92664432117,120094.75976507399
2022-08-09,159379.1241520561,109385.02461534132,87924.40269173188,83934.18706420957,140036.30372129093,154799.08358351863,177686.63052127644,112638.73206542678,132940.59867408374,169852.63479802044,80045.92664432117,119327.3235171
2022-08-10,162521.23514536332,112919.85655019514,87574.3355493958,83934.18706420957,140036.30372129093,154799.08358351863,177686.63052127644,116202.2960718318,132940.59867408374,170011.3474391551,79561.82502358669,119327.3235171
2022-08-11,162521.23514536332,112919.85655019514,87574.3355493958,83934.18706420957,140036.30372129093,154799.08358351863,177686.63052127644,116202.2960718318,132940.59867408374,170011.3474391551,79561.82502358669,119327.3235171
2022-08-12,162521.23514536332,115275.10439502979,87371.6550670514,83432.18832377171,140036.30372129093,154799.08358351863,177686.63052127644,115927.87406215118,132940.59867408374,169651.51308099602,79561.82502358669,119327.3235171
2022-08-15,162521.23514536332,115275.10439502979,87371.6550670514,82813.60500703788,140036.30372129093,154799.08358351863,177686.63052127644,115927.87406215118,132940.59867408374,169651.51308099602,79561.82502358669,119327.3235171
2022-08-16,162521.23514536332,114402.97461627406,87371.6550670514,82813.60500703788,140036.30372129093,154169.12124435068,176991.08972864685,115927.87406215118,132940.59867408374,169651.51308099602,80105.9338955034,119327.3235171
2022-08-17,166914.92462531332,114402.97461627406,87371.6550670514,82813.60500703788,140036.30372129093,154169.12124435068,176991.08972864685,115927.87406215118,132940.59867408374,169651.51308099602,80105.9338955034,119327.3235171
2022-08-18,166914.92462531332,114402.97461627406,87371.6550670514,82813.60500703788,140036.30372129093,154169.12124435068,176991.08972864685,115927.87406215118,132940.59867408374,171251.06417413533,80105.9338955034,118572.0500053599
2022-08-19,166914.92462531332,114402.97461627406,90722.66755210892,82813.60500703788,139939.3263252455,153369.55457358298,176991.08972864685,120193.0451118143,132768.95614511665,171251.06417413533,79978.12587776122,118086.20772632021
2022-08-22,166914.92462531332,114106.56836107775,90430.45876356216,82813.60500703788,139872.8642966887,153369.55457358298,176991.08972864685,120983.03967741295,132768.95614511665,170470.82197673994,79929.02148834948,117829.73194412433
2022-08-23,166914.92462531332,114106.56836107775,90430.45876356216,82813.60500703788,139872.8642966887,153369.55457358298,176991.08972864685,120983.03967741295,132768.95614511665,170470.82197673994,78914.54040357884,117288.07059764012
2022-08-24,166914.92462531332,114106.56836107775,90392.51466861962,82813.60500703788,139872.8642966887,153369.55457358298,176991.08972864685,120983.03967741295,132768.95614511665,170470.82197673994,78578.91874732038,117288.07059764012
2022-08-25,166914.92462531332,114106.56836107775,90392.51466861962,82813.60500703788,139872.8642966887,153075.4657142483,176991.08972864685,120983.03967741295,132519.61112195646,170470.82197673994,78578.91874732038,117288.07059764012
2022-08-26,166914.92462531332,114106.56836107775,90036.635908721,82373.12687861212,139872.8642966887,151067.04889612197,174769.39574740993,120983.03967741295,132519.61112195646,169518.88160544066,78578.91874732038,116818.63241829969
2022-08-29,165183.32274726586,113815.37030818494,89434.78252477298,82373.12687861212,139543.61673147188,149528.81299386188,173466.53830759856,119967.02217303579,132519.61112195646,168346.70362430942,77922.838482264,116400.15135335347
2022-08-30,162813.32668218034,113815.37030818494,89343.38414669193,81612.9942144742,138579.44982154013,149528.81299386188,173466.53830759856,118889.54548272425,132015.42687641756,167765.5134075047,77386.40200971432,116085.74721761805
2022-08-31,162813.32668218034,113815.37030818494,87698.83318102841,81612.9942144742,138579.44982154013,148521.27582060813,172753.13382674343,118889.54548272425,130878.3845871435,166324.8147143807,77098.18622960885,115662.97753062948
2022-09-01,160394.76048551608,113194.76932013521,86683.71799958046,80844.29218907094,137765.1951920229,147915.8103131388,172275.042518386,118889.54548272425,130420.13468866218,165954.52552221366,76890.69221422734,115662.97753062948
2022-09-02,160394.76048551608,113194.76932013521,86109.7307741301,80844.29218907094,137765.1951920229,146678.45617496883,170981.40417505335,118889.54548272425,130420.13468866218,165954.52552221366,76636.33403029655,115599.13524400217
2022-09-06,160394.76048551608,113194.76932013521,85682.85227610436,80070.24806838285,137061.11020641724,145700.4069498076,169256.52571713825,118889.54548272425,130420.13468866218,165954.52552221366,76636.33403029655,114345.41240467168
2022-09-07,160394.76048551608,113194.76932013521,85682.85227610436,79180.85828672568,137061.11020641724,144457.55625012633,167807.74882547287,117698.95448258956,130420.13468866218,165954.52552221366,76636.33403029655,114345.41240467168
2022-09-08,158783.8813190583,112000.2105536478,85682.85227610436,79180.85828672568,137061.11020641724,144457.55625012633,167807.74882547287,117698.95448258956,130420.13468866218,165954.52552221366,76110.34954025378,114345.41240467168
2022-09-09,161681.0937752378,112000.2105536478,85682.85227610436,79180.85828672568,137061.11020641724,144457.55625012633,167807.74882547287,120399.58524146101,130420.13468866218,165954.52552221366,75574.19254959474,114345.41240467168
2022-09-12,161681.0937752378,112000.2105536478,85682.85227610436,79180.85828672568,138822.11404720167,144457.55625012633,167807.74882547287,120399.58524146101,130420.13468866218,165954.52552221366,75744.0586923424,114941.04310352243
2022-09-13,161681.0937752378,112000.2105536478,86826.28078137027,79180.85828672568,138549.49882653845,149185.72196400235,170666.7290850745,120647.94413687129,133285.48038510888,167784.6923785864,74754.49534889172,114840.22909768327
2022-09-14,161681.0937752378,112000.2105536478,86826.28078137027,79180.85828672568,138549.49882653845,148881.85222512155,170579.2259230063,120394.44840682924,132934.42107290705,167274.84857796232,74690.32281008466,114840.22909768327
2022-09-15,162423.52045720248,110883.80424879461,86826.28078137027,79180.85828672568,143778.92464689034,154651.58830907,177281.78430508648,119534.06331274219,132877.3779083427,166079.43808988217,74690.32281008466,114759.90851149555
2022-09-16,162423.52045720248,110784.68232366865,86095.48931524286,78875.40199818883,139695.60348172294,153067.04980773525,176324.59508677252,118476.01423044488,132640.07412981684,164179.0854844549,74690.32281008466,114670.39780113279
2022-09-19,159598.56045427814,108874.9669800793,84621.05235916753,77361.9732318869,139695.60348172294,152953.92008555253,176324.59508677252,115994.49831513739,131137.01145433306,162801.1584071951,77491.14569765946,113675.57765052494
2022-09-20,158463.65542846834,108874.9669800793,84115.87037366505,76698.7365173798,139695.60348172294,152905.82864078536,176324.59508677252,115302.01896948367,129946.81115505268,162801.1584071951,77411.36000844408,113675.57765052494
2022-09-21,156829.52394374178,108874.9669800793,83856.72829465308,75901.65172228108,139695.60348172294,151756.71681171042,175022.1175587428,114949.71720139403,129946.81115505268,161764.56531324994,77411.36000844408,113441.12228100262
2022-09-22,156829.52394374178,108874.9669800793,83122.51052177345,75901.65172228108,138627.09547329452,150377.05498846917,173574.05105264636,112355.25913392295,128318.13821404506,159034.09619202564,75596.31317471193,111323.3574265278
2022-09-23,151834.46004050548,106447.31180035145,80650.18792821356,75901.65172228108,136846.0464099046,145789.48638457418,168794.33758648543,110266.3820422972,125032.45389270778,155940.9881732698,74429.45089591638,109605.0325364015
2022-09-26,151576.1919071168,105381.66795325297,79694.02381759771,76370.7931872826,136846.0464099046,144845.00608622565,168004.13796854758,109142.6539170282,125032.45389270778,154396.66713080666,74429.45089591638,109605.0325364015
2022-09-27,151576.1919071168,104392.61817845503,79694.02381759771,76370.7931872826,136846.0464099046,144845.00608622565,168004.13796854758,109142.6539170282,123354.51664459449,154396.66713080666,74429.45089591638,109493.15617779594
2022-09-28,151576.1919071168,104392.61817845503,79694.02381759771,76370.7931872826,136352.20510159893,144498.6534044414,167607.9145328744,108715.0314344898,123354.51664459449,154396.66713080666,74429.45089591638,109493.15617779594
2022-09-29,151576.1919071168,103707.89031490061,79694.02381759771,76370.7931872826,136352.20510159893,144498.6534044414,167607.9145328744,107961.36937968084,122927.83687348588,154163.27298385822,74004.85118983604,108662.58784749788
2022-09-30,150815.81715380048,103707.89031490061,79694.02381759771,76148.7287996017,135178.6388312116,144498.6534044414,167607.9145328744,107961.36937968084,122555.17780899389,152839.19585076964,73300.78455953821,107644.31129448014
2022-10-03,149602.60562584837,103707.89031490061,79694.02381759771,76148.7287996017,135178.6388312116,144498.6534044414,167607.9145328744,107961.36937968084,122555.17780899389,152839.19585076964,73300.78455953821,107644.31129448014
2022-10-04,149602.60562584837,103707.89031490061,79694.02381759771,76148.7287996017,138520.61897680222,144498.6534044414,167607.9145328744,107961.36937968084,122555.17780899389,152839.19585076964,73300.78455953821,107644.31129448014
2022-10-05,149602.60562584837,103707.89031490061,79146.9701371725,76148.7287996017,137862.19911175332,143016.99073284506,165889.29373900173,106502.65963888462,127506.46295631607,151781.4414462137,73300.78455953821,107644.31129448014
2022-10-06,149602.60562584837,103707.89031490061,79146.9701371725,76148.7287996017,137862.19911175332,143016.99073284506,165889.29373900173,107094.82087235396,127506.46295631607,151781.4414462137,73250.79378316565,107369.52240325701
2022-10-07,149602.60562584837,102596.6436502402,78239.4915347252,74606.803930847,136919.4874265173,142288.3840074551,165044.1907691116,106670.87156719777,127506.46295631607,152278.38314572457,73184.96360519627,106692.73695979439
2022-10-10,148045.34975268473,101524.14000881778,78239.4915347252,73771.85292898362,136919.4874265173,140906.1561142924,163440.90707667652,106670.87156719777,126441.25266712368,152278.38314572457,73079.8046546798,106123.41346471764
2022-10-11,148045.34975268473,101170.66450282779,78239.4915347252,73227.78329183975,139974.76331396025,140906.1561142924,163440.90707667652,106670.87156719777,126441.25266712368,152278.38314572457,72648.8961765199,103790.50390600368
2022-10-12,148045.34975268473,101170.66450282779,78239.4915347252,73227.78329183975,139478.554765782,140906.1561142924,163440.90707667652,105941.85590143772,126441.25266712368,151239.4321095616,72648.8961765199,103790.50390600368
2022-10-13,148045.34975268473,100107.59998315836,77032.15588324306,72374.89246720256,138638.78729628972,140906.1561142924,163440.90707667652,105941.85590143772,126145.42625569743,151239.4321095616,72561.88783714866,103031.86049153985
2022-10-14,148045.34975268473,100107.59998315836,77977.89570862615,72374.89246720256,137643.1733810947,140196.81091136657,162619.6307513579,107541.3608971522,126145.42625569743,152761.1284311678,72369.48671513796,103031.86049153985
2022-10-17,148045.34975268473,100107.59998315836,77977.89570862615,72374.89246720256,137252.430059451,140196.81091136657,162619.6307513579,107541.3608971522,126145.42625569743,152761.1284311678,72324.31027913325,103031.86049153985
2022-10-18,148045.34975268473,100107.59998315836,77742.56625486053,72374.89246720256,137252.430059451,140196.81091136657,162619.6307513579,107541.3608971522,126145.42625569743,151772.4961384352,72324.31027913325,103031.86049153985
2022-10-19,150519.6637445867,100107.59998315836,76942.72302354187,71638.59882163427,136315.88598032776,138899.40582744573,161114.78478800884,107541.3608971522,126145.42625569743,150991.96177640284,72324.31027913325,103031.86049153985
2022-10-20,150519.6637445867,100107.59998315836,76942.72302354187,71638.59882163427,136315.88598032776,138899.40582744573,161114.78478800884,107541.3608971522,126145.42625569743,150991.96177640284,75227.02133196231,107021.90435568892
2022-10-21,148867.47995128646,99273.89856774549,76942.72302354187,71638.59882163427,136315.88598032776,138899.40582744573,161114.78478800884,107541.3608971522,128884.63972616344,150991.96177640284,76456.54238007107,107021.90435568892
2022-10-24,148867.47995128646,99273.89856774549,76942.72302354187,71638.59882163427,136315.88598032776,138899.40582744573,161114.78478800884,108725.95165664781,128204.85183535209,150991.96177640284,76456.54238007107,107021.90435568892
2022-10-25,148867.47995128646,99273.89856774549,76942.72302354187,71638.59882163427,136315.88598032776,138899.40582744573,161114.78478800884,108725.95165664781,128204.85183535209,150991.96177640284,78883.5195342945,111267.57540596144
2022-10-26,152672.01334358662,96707.57091957526,76645.33749643064,72106.47514728206,136576.21586436377,138899.40582744573,161114.78478800884,108725.95165664781,128204.85183535209,149292.0169444588,81525.90660887158,115998.33633253316
2022-10-27,152672.01334358662,98486.80067192092,80186.07140134767,71690.99164051695,138656.33877134736,138433.6382491002,162122.63938030123,112898.77564229906,128204.85183535209,149292.0169444588,81525.90660887158,115998.33633253316
2022-10-28,152672.01334358662,98486.80067192092,80186.07140134767,71576.02530877848,142994.44661553876,138433.6382491002,162122.63938030123,112898.77564229906,128204.85183535209,149065.91288545617,80789.81488722016,114950.9954484954
2022-10-31,152672.01334358662,98486.80067192092,80186.07140134767,71576.02530877848,145050.94533006812,138433.6382491002,162122.63938030123,111480.4279175095,128204.85183535209,155506.8188473185,82049.59411025194,114950.9954484954
2022-11-01,152672.01334358662,98486.80067192092,80186.07140134767,71576.02530877848,145050.94533006812,138433.6382491002,162122.63938030123,110896.32586010688,128204.85183535209,155506.8188473185,82049.59411025194,114950.9954484954
2022-11-02,151747.63171601066,97557.21563677433,79365.0194459327,71576.02530877848,142981.39980083102,136941.3648039623,161114.88235415568,110105.16896122262,131859.78881954023,154403.2144312533,81788.52439329759,114950.9954484954
2022-11-03,150174.65370317068,96560.83863616904,78597.15790300074,74011.86283139944,147900.7801464754,135710.67254364895,158060.98778210563,114558.87666803048,130637.55531569789,156700.80870305598,79798.29162069934,113820.52900246908
2022-11-04,153019.2601171997,98749.99586907818,78597.15790300074,74011.86283139944,147900.7801464754,134679.89355749742,156579.086529746,114558.87666803048,135092.71061381508,156700.80870305598,83097.83972877655,113820.52900246908
2022-11-07,153019.2601171997,97143.4144007561,79828.5194895729,73248.92129015276,147900.7801464754,134679.89355749742,156579.086529746,114558.87666803048,135092.71061381508,156700.80870305598,83679.98920613449,113820.52900246908
2022-11-08,153019.2601171997,97143.4144007561,79228.0495809287,72767.65208928476,147900.7801464754,134679.89355749742,156579.086529746,114558.87666803048,135092.71061381508,161242.83562777663,83679.98920613449,113820.52900246908
2022-11-09,153019.2601171997,96773.05830796204,79136.85974475941,72767.65208928476,146948.1431619668,134679.89355749742,156579.086529746,114558.87666803048,135092.71061381508,161242.83562777663,83077.34956490688,113820.52900246908
2022-11-10,151982.98202160443,96773.05830796204,79136.85974475941,72767.65208928476,146172.72274064735,134679.89355749742,156579.086529746,114558.87666803048,135092.71061381508,161242.83562777663,86101.3262915733,113382.07394012745
2022-11-11,151982.98202160443,96773.05830796204,79136.85974475941,72767.65208928476,150964.6092466375,134679.89355749742,156579.086529746,117179.84447708807,135092.71061381508,160065.1110701186,85309.64750021463,113124.465572253
2022-11-14,151982.98202160443,96773.05830796204,79136.85974475941,72767.65208928476,154815.52125647585,134679.89355749742,156579.086529746,119165.664601843,134657.8432749291,163251.84401714487,85309.64750021463,113124.465572253
2022-11-15,151982.98202160443,96136.7715843764,79136.85974475941,72767.65208928476,154815.52125647585,140054.96433467953,165829.16653484537,119165.664601843,134466.65109841715,163251.84401714487,85309.64750021463,113124.465572253
2022-11-16,151982.98202160443,96136.7715843764,79136.85974475941,72767.65208928476,154486.0827511835,140054.96433467953,165829.16653484537,118891.65831267397,134466.65109841715,163251.84401714487,85309.64750021463,116913.53151776678
2022-11-17,151982.98202160443,96136.7715843764,79136.85974475941,73091.11385324365,152829.02704108963,139146.20979741518,164753.1746325577,118891.65831267397,134466.65109841715,163251.84401714487,85309.64750021463,115816.4593263804
2022-11-18,151982.98202160443,95320.03243574967,79136.85974475941,73091.11385324365,151731.2929902342,139146.20979741518,164753.1746325577,117070.917805203,134466.65109841715,161974.73100675154,85309.64750021463,115816.4593263804
2022-11-21,151551.24639540043,94321.6595624913,79136.85974475941,72252.95974511461,151731.2929902342,139146.20979741518,164753.1746325577,117070.917805203,134466.65109841715,160360.97887521092,84583.26238310506,115816.4593263804
2022-11-22,152871.12478825604,94321.6595624913,79136.85974475941,74580.34903948712,151049.04531104447,139146.20979741518,164753.1746325577,117070.917805203,134466.65109841715,161090.31321206433,84583.26238310506,115816.4593263804
2022-11-23,152871.12478825604,98428.49199670806,79136.85974475941,74580.34903948712,150573.20512752575,139146.20979741518,164753.1746325577,117070.917805203,134466.65109841715,161090.31321206433,84583.26238310506,115816.4593263804
2022-11-25,152871.12478825604,98428.49199670806,79136.85974475941,74580.34903948712,150095.4832157716,139146.20979741518,164753.1746325577,117070.917805203,134466.65109841715,161090.31321206433,84583.26238310506,115816.4593263804
2022-11-28,156670.68123505136,98428.49199670806,79136.85974475941,74580.34903948712,151000.27696571228,139146.20979741518,164753.1746325577,117070.917805203,134466.65109841715,159623.0306910223,84205.0032870713,115816.4593263804
2022-11-29,156670.68123505136,98428.49199670806,79136.85974475941,74086.74895761965,150420.34570268833,139146.20979741518,164753.1746325577,117070.917805203,134466.65109841715,159623.0306910223,83937.80490997226,115816.4593263804
2022-11-30,155628.35237248772,98428.49199670806,79136.85974475941,74086.74895761965,150420.34570268833,144919.47342696128,171437.4303647632,117070.917805203,139417.9362457393,159623.0306910223,83622.01361357633,115816.4593263804
2022-12-01,155628.35237248772,97458.8051154823,79136.85974475941,74086.74895761965,150420.34570268833,144919.47342696128,171437.4303647632,117070.917805203,139417.9362457393,159623.0306910223,83622.01361357633,115816.4593263804
2022-12-02,155628.35237248772,96583.01968257505,79136.85974475941,74086.74895761965,152482.07559265924,146070.13422229805,171437.4303647632,117070.917805203,142341.163795543,159623.0306910223,83622.01361357633,115816.4593263804
2022-12-05,155628.35237248772,96159.67727885749,79136.85974475941,74086.74895761965,152073.21375674373,146070.13422229805,171437.4303647632,117070.917805203,142341.163795543,159623.0306910223,83622.01361357633,115816.4593263804
2022-12-06,154206.69192458285,95932.19685353634,79136.85974475941,73741.13600221877,151483.8285658877,145499.24372975147,171437.4303647632,116482.07365245839,142341.163795543,158789.05172737988,83360.70074108972,115767.4193399438
2022-12-07,154206.69192458285,94984.61892003423,79136.85974475941,73358.47036029989,150687.33390221794,145499.24372975147,171437.4303647632,116284.59899768219,142341.163795543,158542.6804925663,82937.33551776143,115767.4193399438
2022-12-08,153294.85510928236,94818.80553025383,79136.85974475941,72616.07858615617,150687.33390221794,145499.24372975147,171437.4303647632,118690.37697192715,142341.163795543,160365.67268421792,82937.33551776143,115767.4193399438
2022-12-09,153294.85510928236,93094.00211934431,79136.85974475941,71898.77485720091,148788.01361896118,145499.24372975147,171437.4303647632,118690.37697192715,140950.6044303893,160148.02251645632,82023.6315741506,115767.4193399438
2022-12-12,153294.85510928236,93094.00211934431,79136.85974475941,71898.77485720091,148401.28578765158,145499.24372975147,171437.4303647632,118690.37697192715,140697.26605864248,160148.02251645632,81528.56549790736,115767.4193399438
2022-12-13,153294.85510928236,93094.00211934431,79136.85974475941,71898.77485720091,148401.28578765158,145499.24372975147,171437.4303647632,118690.37697192715,140697.26605864248,160148.02251645632,81528.56549790736,119861.36609021973
2022-12-14,153294.85510928236,93094.00211934431,78444.74879859739,71898.77485720091,148401.28578765158,145499.24372975147,171437.4303647632,118690.37697192715,140697.26605864248,160148.02251645632,81528.56549790736,119591.17949035019
2022-12-15,153294.85510928236,93094.00211934431,78349.57296115467,71898.77485720091,147977.32782947892,145233.8232069695,171162.71045535876,116747.2345638637,139640.67467800825,159929.7218218398,80116.6538121532,118419.19750249828
2022-12-16,153294.85510928236,93094.00211934431,78142.74417950612,71379.33529871066,147977.32782947892,145233.8232069695,171162.71045535876,116292.01169326744,139640.67467800825,158554.48160848647,79173.60503100569,117800.12653321275
2022-12-19,153294.85510928236,92959.21943947408,78948.31287165279,71379.33529871066,147349.31694970088,144651.54003552668,170473.87873180772,116782.69997790213,137330.9764935293,158392.54002862,78367.40517995362,117396.0362744148
2022-12-20,152403.504396525,92797.13135453885,81774.16167204545,71379.33529871066,147349.31694970088,143817.21016461428,169486.87977463947,115917.94353534847,137194.1629775708,157737.26582653966,77578.92012532998,115663.67587858532
2022-12-21,152403.504396525,92797.13135453885,81774.16167204545,71379.33529871066,147349.31694970088,143817.21016461428,169486.87977463947,115917.94353534847,137194.1629775708,157737.26582653966,76860.95499120824,115663.67587858532
2022-12-22,156443.18206941517,93716.81315600216,81684.78789336431,71379.33529871066,147349.31694970088,145434.16014136653,171294.27501189266,115917.94353534847,136220.3906065963,157548.72291946033,76607.38183212368,115106.44229633224
2022-12-23,156443.18206941517,93716.81315600216,81684.78789336431,71379.33529871066,147349.31694970088,145434.16014136653,171294.27501189266,115917.94353534847,136220.3906065963,157548.72291946033,76607.38183212368,115106.44229633224
2022-12-27,156443.18206941517,93716.81315600216,80906.97126531406,71379.33529871066,147349.31694970088,145434.16014136653,171294.27501189266,115917.94353534847,139611.25155936816,161637.40225170107,76607.38183212368,114456.83003004476
2022-12-28,156443.18206941517,93716.81315600216,80906.97126531406,70769.50182733874,147349.31694970088,144454.80468933593,170135.7131006498,115917.94353534847,138786.33212724005,161637.40225170107,76360.02345543858,114227.02709264614
2022-12-29,156443.18206941517,93580.12179752301,80906.97126531406,70040.6166533306,146111.88313381144,144454.80468933593,170135.7131006498,115180.6308494967,138786.33212724005,161637.40225170107,76360.02345543858,114227.02709264614
2022-12-30,156443.18206941517,93580.12179752301,80809.8092165606,70040.6166533306,145800.74600446134,144454.80468933593,170135.7131006498,115180.6308494967,137699.75885775185,161432.42921150863,76360.02345543858,114227.02709264614
2023-01-03,154736.83588884334,93580.12179752301,80713.45009119944,69532.9281935149,145800.74600446134,144454.80468933593,170135.7131006498,114886.83512827952,136692.85789200015,161096.60493404276,75993.06131053908,113962.04795822954
2023-01-04,154342.9015368234,92071.78287698259,79453.22326178799,69532.9281935149,145800.74600446134,144454.80468933593,170135.7131006498,114514.76715886146,136692.85789200015,159450.5208678863,75993.06131053908,113962.04795822954
2023-01-05,152780.09974276647,92071.78287698259,78872.35870073899,70332.771759141,144461.92975025086,144454.80468933593,170135.7131006498,113727.2017146496,136692.85789200015,157979.56610691609,74816.17665540932,121726.88801967543
2023-01-06,155934.6828478834,92071.78287698259,81064.70821761369,70332.771759141,144461.92975025086,144454.80468933593,170135.7131006498,113727.2017146496,139402.10231522098,157979.56610691609,74639.22206414989,121182.55320089935
2023-01-09,155755.02072721467,92071.78287698259,80803.0560426388,70332.771759141,144461.92975025086,144454.80468933593,170135.7131006498,113727.2017146496,139402.10231522098,157979.56610691609,74443.87001192996,121182.55320089935
2023-01-10,154651.4700822675,92071.78287698259,80803.0560426388,70332.771759141,144461.92975025086,144454.80468933593,170135.7131006498,113727.2017146496,139990.16596988754,157979.56610691609,74443.87001192996,121182.55320089935
2023-01-11,151979.6622110744,90505.0719096509,79471.08448506113,69806.94406186759,144461.92975025086,145652.10331929193,171524.50546929822,112037.38284504878,138870.40828676132,156494.62717700243,74276.55108764526,121182.55320089935
2023-01-12,155161.87082372594,92411.36431581635,80004.60669617148,69806.94406186759,144461.92975025086,150939.94341078677,177779.93613039938,114230.4564934248,144390.80822996696,159887.20753856652,74276.55108764526,121182.55320089935
2023-01-13,155161.87082372594,92411.36431581635,80004.60669617148,69806.94406186759,144461.92975025086,150939.94341078677,177779.93613039938,114230.4564934248,144390.80822996696,159887.20753856652,74276.55108764526,121182.55320089935
2023-01-17,157956.1406765391,92411.36431581635,80004.60669617148,69806.94406186759,144461.92975025086,150939.94341078677,177779.93613039938,116562.85092286156,144390.80822996696,159887.20753856652,77138.55877662484,121182.55320089935
2023-01-18,156864.23021042082,91761.04387723807,79748.01366475514,69806.94406186759,144461.92975025086,149724.87575343545,176348.80633376137,115354.8403442322,144274.40654570234,162524.94210646217,77138.55877662484,121182.55320089935
2023-01-19,156864.23021042082,91761.04387723807,80104.60838929159,69806.94406186759,144461.92975025086,146893.35895494118,173074.10091470132,114217.36808517305,144166.02065617748,162524.94210646217,76702.34775672486,121182.55320089935
2023-01-20,156864.23021042082,91761.04387723807,79959.54552340493,69055.43632707704,144461.92975025086,146893.35895494118,173074.10091470132,112964.66700615246,144166.02065617748,162524.94210646217,76702.34775672486,121182.55320089935
2023-01-23,156864.23021042082,91761.04387723807,79779.39547047613,69055.43632707704,144461.92975025086,146893.35895494118,173074.10091470132,112964.66700615246,145766.08486803249,162524.94210646217,76801.41424555509,125356.79215400737
2023-01-24,156864.23021042082,92371.23824900611,79454.64254497162,69055.43632707704,144461.92975025086,146893.35895494118,173074.10091470132,112964.66700615246,145766.08486803249,162524.94210646217,76801.41424555509,125356.79215400737
2023-01-25,154448.6898070645,91493.84250147597,79454.64254497162,69055.43632707704,144461.92975025086,146893.35895494118,173074.10091470132,111861.67338164167,145766.08486803249,161880.62033380728,76673.35350646243,124362.85109089573
2023-01-26,154448.6898070645,91493.84250147597,79454.64254497162,69055.43632707704,144461.92975025086,146893.35895494118,173074.10091470132,114694.81061800616,148166.1824315215,161880.62033380728,79465.10771289602,124089.81710570642
2023-01-27,154448.6898070645,91493.84250147597,79454.64254497162,69055.43632707704,144461.92975025086,146893.35895494118,173074.10091470132,114694.81061800616,148166.1824315215,161880.62033380728,78977.57442301999,124089.81710570642
2023-01-30,154448.6898070645,91493.84250147597,79454.64254497162,69055.43632707704,144461.92975025086,146893.35895494118,173074.10091470132,114694.81061800616,148166.1824315215,161880.62033380728,78977.57442301999,123923.7587673003
2023-01-31,154816.39614190406,91493.84250147597,82580.99571774859,69055.43632707704,144461.92975025086,149232.40820761217,174692.35379729632,114694.81061800616,148166.1824315215,161880.62033380728,78977.57442301999,123162.99385893732
2023-02-01,154816.39614190406,91493.84250147597,82298.62702814004,69055.43632707704,144461.92975025086,148464.10629559588,174160.81014450497,114694.81061800616,148166.1824315215,161219.5446955703,78977.57442301999,123162.99385893732
2023-02-02,158762.9143670338,90378.32107678498,81464.14901497572,70046.3084228477,149456.41157547344,149125.34780445963,175027.951460984,116475.89088554998,148166.1824315215,163482.9658216676,82049.69964333643,123162.99385893732
2023-02-03,158762.9143670338,90378.32107678498,83822.90799724136,74745.60272991286,148872.90507964848,149125.34780445963,175027.951460984,118920.8241300239,148166.1824315215,167611.07028614945,81607.2173242405,123162.99385893732
2023-02-06,158762.9143670338,90378.32107678498,83822.90799724136,73970.94534999848,147682.3216657058,149125.34780445963,175027.951460984,118920.8241300239,148166.1824315215,166974.1842614619,81549.76891255206,123162.99385893732
2023-02-07,158762.9143670338,89932.42629173245,83822.90799724136,73970.94534999848,149146.44350189116,147961.21278474104,173656.33314335186,118661.78190994002,150083.05935560714,164157.628918005,84218.46867398836,123162.99385893732
2023-02-08,162477.36014216338,92144.40766536986,83822.90799724136,73970.94534999848,146909.81268661015,147961.21278474104,173656.33314335186,118661.78190994002,150083.05935560714,164157.628918005,83542.91794520372,123162.99385893732
2023-02-09,162477.36014216338,92144.40766536986,83822.90799724136,76055.89961289511,145285.9552778037,147961.21278474104,173656.33314335186,122259.844586775,149945.63552020703,164157.628918005,84338.13505430988,123162.99385893732
2023-02-10,162063.6434088556,92144.40766536986,83822.90799724136,78809.40355443815,145285.9552778037,147961.21278474104,173656.33314335186,122259.844586775,149945.63552020703,162675.79846595365,83622.97054900517,122332.21013342282
2023-02-13,161801.94165413524,91189.47400557608,83822.90799724136,78566.63741840284,147887.97172288861,148553.09854541882,176648.2136333809,122259.844586775,150644.08017066494,162675.79846595365,82775.23668279388,122332.21013342282
2023-02-14,162449.13509749455,91189.47400557608,83822.90799724136,78566.63741840284,150298.75055905592,148553.09854541882,176648.2136333809,122259.844586775,149492.27897523323,162313.1524069348,82451.26232933105,121576.65819024951
2023-02-15,162449.13509749455,91189.47400557608,83822.90799724136,78566.63741840284,150298.75055905592,151698.6320794347,180372.61716831577,122259.844586775,149287.28468326965,162313.1524069348,81991.96107313318,121121.89922576398
2023-02-16,162449.13509749455,91189.47400557608,83822.90799724136,78504.91413824356,148857.46329200096,150310.9937956091,177748.4811096827,122259.844586775,148499.09950194837,162313.1524069348,81803.21117241093,120590.73254057928
2023-02-17,162449.13509749455,91189.47400557608,83822.90799724136,78504.91413824356,147841.6023747686,149056.28104481022,176264.73544310348,122259.844586775,147154.93109934893,162313.1524069348,80780.9266748581,120590.73254057928
2023-02-21,161081.8745158311,90321.60954272335,83822.90799724136,77443.53734337533,147117.65520740242,147189.15502853802,174553.9634254806,122259.844586775,145665.47316351102,161321.13018411418,80004.01931756512,119372.20142493256
2023-02-22,160210.11173431703,90321.60954272335,83822.90799724136,77443.53734337533,146540.57281921996,147189.15502853802,174553.9634254806,121275.13342087991,145665.47316351102,160688.3333730197,79848.25487041492,118956.48423072592
2023-02-23,163208.3954297124,90063.95177502515,83822.90799724136,77443.53734337533,146540.57281921996,145254.23218417855,172557.46008972463,123487.70011131644,144934.2578934324,160688.3333730197,82870.86214959976,123669.09067665166
2023-02-24,162423.36888860725,90063.95177502515,82991.82202146492,77443.53734337533,146540.57281921996,145254.23218417855,172557.46008972463,123487.70011131644,143257.33187042587,159765.28151152135,82225.1043294042,123089.96243259948
2023-02-27,162423.36888860725,90063.95177502515,82991.82202146492,77443.53734337533,146540.57281921996,143008.2494768648,168775.51966538557,127821.62289747593,143257.33187042587,159765.28151152135,82225.1043294042,123089.96243259948
2023-02-28,162423.36888860725,90063.95177502515,82991.82202146492,77443.53734337533,144354.86994133008,141743.84085510173,167280.3082617142,127821.62289747593,145471.8280620705,159765.28151152135,82225.1043294042,123089.96243259948
2023-03-01,166464.87774388696,92008.81707979784,82489.95641396231,77443.53734337533,144354.86994133008,146031.12135709755,169443.20448904764,127821.62289747593,145471.8280620705,159765.28151152135,82225.1043294042,122569.89472673621
2023-03-02,164829.68233755013,91105.00843817646,82426.846940953,77146.66102243683,144354.86994133008,146031.12135709755,169443.20448904764,126632.40805464186,145471.8280620705,159765.28151152135,85193.42145893422,122184.7876269305
2023-03-03,164829.68233755013,91105.00843817646,82426.846940953,79931.83876900704,150071.32276003156,146031.12135709755,169443.20448904764,126632.40805464186,145471.8280620705,159765.28151152135,85193.42145893422,122184.7876269305
2023-03-06,164829.68233755013,91105.00843817646,82426.846940953,79931.83876900704,149541.45416905626,146001.18288562138,169443.20448904764,126632.40805464186,143969.61987930827,158919.69406379413,85193.42145893422,121582.4101140704
2023-03-07,164829.68233755013,91105.00843817646,82426.846940953,79931.83876900704,149495.15763005585,146001.18288562138,169443.20448904764,126632.40805464186,143969.61987930827,158919.69406379413,85193.42145893422,121582.4101140704
2023-03-08,164829.68233755013,91105.00843817646,82426.846940953,78573.33336282008,149062.9179648592,145781.5874385356,169443.20448904764,126632.40805464186,143322.12818638163,158919.69406379413,85193.42145893422,120444.45938737264
2023-03-09,164829.68233755013,91105.00843817646,82220.47219756778,78259.12578068693,148388.9021777461,144128.02928710435,167138.56227005133,126632.40805464186,141997.1707478876,158556.25069262955,84828.79315543633,119712.62872703264
2023-03-10,162671.1541464764,88906.00050870952,80377.97182655653,75612.1542333512,146059.9945773117,141925.6516472535,163496.4901131096,125675.98916410145,140445.72093920584,157385.21717296712,84306.27298948348,117960.80648433545
2023-03-13,157516.6217989602,86628.44039109723,79553.0241017218,75300.99584767148,144789.4969994303,141061.44965977644,161806.18847230176,121670.68946880847,138663.95086914283,156163.59134165783,83635.15995500542,116708.35540411777
2023-03-14,157516.6217989602,86628.44039109723,78831.74084025118,75300.99584767148,144789.4969994303,141061.44965977644,161806.18847230176,121103.74422500734,138663.95086914283,156163.59134165783,83635.15995500542,116708.35540411777
2023-03-15,155129.69549296502,85716.2311256739,77551.60247846908,75300.99584767148,143769.67399655763,140295.12248837095,161104.03103660356,118793.0370090131,137152.33108046523,153727.97474114632,83157.31236114485,115489.70035801381
2023-03-16,155129.69549296502,85716.2311256739,77551.60247846908,74677.57439799125,143769.67399655763,140295.12248837095,161104.03103660356,118793.0370090131,137074.2469404312,153727.97474114632,82159.39486709016,115489.70035801381
2023-03-17,155129.69549296502,85716.2311256739,77551.60247846908,72036.78364898192,143769.67399655763,140295.12248837095,161104.03103660356,118793.0370090131,136964.9986051447,153888.9641967666,82159.39486709016,114935.53103098721
2023-03-20,155129.69549296502,85850.0509481709,77551.60247846908,72036.78364898192,143769.67399655763,140295.12248837095,161104.03103660356,118793.0370090131,136964.9986051447,153888.9641967666,82159.39486709016,114935.53103098721
2023-03-21,155129.69549296502,85850.0509481709,77551.60247846908,72036.78364898192,143769.67399655763,142354.65426142342,161104.03103660356,117733.85411582807,136964.9986051447,153888.9641967666,85327.55401489873,119508.92314038317
2023-03-22,155129.69549296502,85850.0509481709,77551.60247846908,72036.78364898192,149481.27079896175,142354.65426142342,161104.03103660356,121355.55884395141,136684.238031367,160151.98714952398,84290.23800083222,119063.53170159919
2023-03-23,158358.4768037762,87784.24258774404,77551.60247846908,72036.78364898192,149481.27079896175,141693.534654137,161104.03103660356,121355.55884395141,136684.238031367,160151.98714952398,83607.53093399359,118978.59441225968
2023-03-24,158358.4768037762,87784.24258774404,77551.60247846908,72036.78364898192,149481.27079896175,141693.534654137,161104.03103660356,121355.55884395141,136684.238031367,160151.98714952398,82944.39713242056,118928.81212609749
2023-03-27,158358.4768037762,87784.24258774404,77551.60247846908,72036.78364898192,149481.27079896175,141693.534654137,161104.03103660356,121355.55884395141,136684.238031367,160151.98714952398,82944.39713242056,118928.81212609749
2023-03-28,157040.1153552583,87058.3042973733,77551.60247846908,72036.78364898192,149481.27079896175,141693.534654137,161104.03103660356,121355.55884395141,135829.35694571107,159074.95084513034,82698.10059579331,118861.79211082503
2023-03-29,161108.71422787727,89374.419094763,77551.60247846908,72036.78364898192,149481.27079896175,141693.534654137,161104.03103660356,124340.47304909553,135829.35694571107,159074.95084513034,82698.10059579331,118861.79211082503
2023-03-30,161108.71422787727,89374.419094763,77551.60247846908,72036.78364898192,149481.27079896175,141693.534654137,161104.03103660356,124340.47304909553,138646.9382892679,159074.95084513034,82471.33209874226,118861.79211082503
2023-03-31,161108.71422787727,89374.419094763,79257.20833510662,72036.78364898192,149481.27079896175,141693.534654137,161104.03103660356,124340.47304909553,134750.51496186102,159074.95084513034,84021.93379136271,118861.79211082503
2023-04-03,161108.71422787727,89374.419094763,79257.20833510662,71311.25825691313,149481.27079896175,141693.534654137,161104.03103660356,124340.47304909553,134750.51496186102,159074.95084513034,83325.41473388804,118861.79211082503
2023-04-04,161108.71422787727,89374.419094763,78989.74507262817,71311.25825691313,149481.27079896175,141693.534654137,161104.03103660356,124340.47304909553,134750.51496186102,159074.95084513034,83210.69059970057,118861.79211082503
2023-04-05,159500.1795232962,89374.419094763,78439.21682800027,71311.25825691313,148037.1777622755,141693.534654137,161104.03103660356,122844.37346138708,131051.64300704678,159074.95084513034,82328.75985611805,118861.79211082503
2023-04-06,159500.1795232962,88472.92741198903,78117.6652453572,71311.25825691313,148037.1777622755,141693.534654137,161104.03103660356,121006.4897795172,131051.64300704678,159074.95084513034,81988.74055462655,118861.79211082503
2023-04-10,159500.1795232962,88472.92741198903,78117.6652453572,71311.25825691313,148037.1777622755,141693.534654137,161104.03103660356,121006.4897795172,130584.20555461681,159074.95084513034,81988.74055462655,118861.79211082503
2023-04-11,159500.1795232962,88472.92741198903,78117.6652453572,71311.25825691313,148037.1777622755,141693.534654137,161104.03103660356,121006.4897795172,130584.20555461681,159074.95084513034,81988.74055462655,118861.79211082503
2023-04-12,159500.1795232962,88472.92741198903,78117.6652453572,73290.85930781267,148037.1777622755,141693.534654137,161104.03103660356,121006.4897795172,130584.20555461681,159074.95084513034,80826.20613407828,116084.28396731295
2023-04-13,159500.1795232962,88472.92741198903,78117.6652453572,73290.85930781267,148037.1777622755,141693.534654137,161104.03103660356,121006.4897795172,130584.20555461681,159074.95084513034,80826.20613407828,116084.28396731295
2023-04-14,159500.1795232962,88472.92741198903,78117.6652453572,73290.85930781267,148037.1777622755,141693.534654137,161104.03103660356,121006.4897795172,130584.20555461681,158903.1502800383,80826.20613407828,116084.28396731295
2023-04-17,159500.1795232962,88472.92741198903,77501.23489888916,72635.59574119936,148037.1777622755,143365.2796894193,162918.42527414675,120062.24581006747,130584.20555461681,158903.1502800383,80644.59234027503,115868.32994197337
2023-04-18,159500.1795232962,88472.92741198903,77501.23489888916,72407.49082541958,148037.1777622755,143365.2796894193,162918.42527414675,120062.24581006747,130584.20555461681,158903.1502800383,80644.59234027503,115641.47667895496
2023-04-19,159500.1795232962,88472.92741198903,77262.1588089355,72407.49082541958,148037.1777622755,143365.2796894193,162918.42527414675,120062.24581006747,130584.20555461681,158740.97729535506,80644.59234027503,115641.47667895496
2023-04-20,159500.1795232962,88472.92741198903,78548.045420058,72407.49082541958,148037.1777622755,143365.2796894193,162918.42527414675,120062.24581006747,130584.20555461681,158740.97729535506,86534.3147334103,119807.73680183786
2023-04-21,159500.1795232962,88472.92741198903,78238.4789880072,72407.49082541958,148037.1777622755,143365.2796894193,162918.42527414675,120062.24581006747,130584.20555461681,158740.97729535506,86237.95531646324,119807.73680183786
2023-04-24,159500.1795232962,88472.92741198903,78238.4789880072,72407.49082541958,148037.1777622755,143365.2796894193,162918.42527414675,121091.56389030746,130584.20555461681,158740.97729535506,87510.84160784305,119807.73680183786
2023-04-25,159500.1795232962,88314.95619697268,77708.5817865328,72407.49082541958,145454.98965402014,142267.47439325158,161620.22865512024,119490.60595686689,130521.1453022053,155405.67819288146,87349.68504621854,119146.78948027424
2023-04-26,158080.5558681781,87534.21457249734,77461.76905279614,72407.49082541958,145136.5029996662,141065.1213742327,160571.59681405153,119269.57749302303,130521.1453022053,155161.94396934274,86942.94705830813,118502.17352093157
2023-04-27,157449.66373546302,87005.3760673997,77168.2172469825,71024.15857927589,141356.2673840607,141065.1213742327,160571.59681405153,118221.97519047892,130521.1453022053,156596.88535804188,86295.69056321483,118270.70042580465
2023-04-28,157449.66373546302,87005.3760673997,76031.75469683335,72476.63812431044,141356.2673840607,139790.96132391907,159498.49438668662,121786.15516879469,130521.1453022053,156596.88535804188,86295.69056321483,118208.53600828347
2023-05-01,157449.66373546302,87005.3760673997,75662.37727551596,72476.63812431044,141356.2673840607,139096.67977937858,158698.69114910977,124794.90991246964,130521.1453022053,155826.97766060694,86295.69056321483,122852.90183459743
2023-05-02,157449.66373546302,87005.3760673997,74535.20921215274,72300.64497523173,141356.2673840607,138013.85607248842,157713.58312321934,123909.07892044882,130521.1453022053,155620.85616770588,85722.78881324925,122740.26132284754
2023-05-03,154046.30418883284,86866.26635872325,74211.86440946245,72153.67641147772,141356.2673840607,137617.82093619264,157374.12993997405,123909.07892044882,130521.1453022053,155620.85616770588,85149.24799630759,122740.26132284754
2023-05-04,157193.09034598692,86866.26635872325,73528.81467530852,71600.99399047351,141356.2673840607,135536.58186692782,155179.7432705453,123909.07892044882,130521.1453022053,155620.85616770588,84886.16294021862,121752.08943328024
2023-05-05,157193.09034598692,86866.26635872325,73528.81467530852,71600.99399047351,141356.2673840607,135536.58186692782,155179.7432705453,123909.07892044882,130521.1453022053,155620.85616770588,84624.86853034316,121358.85895061128
2023-05-08,157193.09034598692,86866.26635872325,73528.81467530852,71600.99399047351,145560.41566621355,135536.58186692782,155179.7432705453,126711.9404580694,130521.1453022053,161708.48393446882,84167.47115691508,121358.85895061128
2023-05-09,157193.09034598692,86866.26635872325,73528.81467530852,71600.99399047351,145328.4845370314,135536.58186692782,155179.7432705453,126711.9404580694,130521.1453022053,161127.04811717942,83865.04844791793,121358.85895061128
2023-05-10,157193.09034598692,86866.26635872325,72841.0955660103,73714.68001926824,145328.4845370314,135536.58186692782,155179.7432705453,128421.95961712667,130521.1453022053,165129.67563416806,83615.49119676622,120891.45986902689
2023-05-11,157193.09034598692,86866.26635872325,72432.18078284433,73403.49941739834,145328.4845370314,135536.58186692782,155179.7432705453,128421.95961712667,130521.1453022053,165129.67563416806,83615.49119676622,120891.45986902689
2023-05-12,157193.09034598692,86866.26635872325,72087.0824089665,73403.49941739834,144038.171701788,135536.58186692782,155179.7432705453,128421.95961712667,130521.1453022053,165129.67563416806,83615.49119676622,120891.45986902689
2023-05-15,157193.09034598692,86866.26635872325,72087.0824089665,73403.49941739834,144598.69680735277,135536.58186692782,155179.7432705453,128421.95961712667,130521.1453022053,165129.67563416806,83615.49119676622,120891.45986902689
2023-05-16,160953.42487421978,86866.26635872325,72087.0824089665,73403.49941739834,149614.77139331895,134573.21524248368,154080.61550819673,129564.62661152417,130521.1453022053,165129.67563416806,83615.49119676622,120891.45986902689
2023-05-17,161092.95622665,86866.26635872325,72087.0824089665,73087.71216515994,149614.77139331895,138483.1572877571,163151.8755591381,129564.62661152417,130521.1453022053,165129.67563416806,83615.49119676622,120891.45986902689
2023-05-18,163927.05100661895,86866.26635872325,71362.6722229931,72922.78749378998,149374.03623519067,138085.4740421181,162698.1493402597,129564.62661152417,130521.1453022053,165129.67563416806,84031.97473176115,120891.45986902689
2023-05-19,163927.05100661895,86866.26635872325,71004.51034682196,72922.78749378998,149374.03623519067,137185.37105566927,161671.20055848145,129564.62661152417,130521.1453022053,171533.33156327414,84031.97473176115,125209.01191062984
2023-05-22,163927.05100661895,86866.26635872325,70854.39285834871,72922.78749378998,149374.03623519067,136511.08462974548,160741.15433538498,129564.62661152417,130521.1453022053,176528.98054679803,84031.97473176115,125209.01191062984
2023-05-23,163927.05100661895,86866.26635872325,70673.82803203491,72922.78749378998,149079.35468868082,136511.08462974548,160741.15433538498,129564.62661152417,129471.0307558647,177918.48429750671,83771.77761496948,125131.5696290538
2023-05-24,163033.07890158237,86374.01244588397,70163.28952600108,72922.78749378998,148287.6894360723,136511.08462974548,160741.15433538498,129564.62661152417,128319.30120667219,174393.58608025813,83297.09299473291,124684.66388893384
2023-05-25,167229.32134530286,86374.01244588397,72653.36934157777,72922.78749378998,157764.09588513695,136511.08462974548,160741.15433538498,143708.2412564743,128319.30120667219,173758.815164671,83297.09299473291,124071.89401110301
2023-05-26,167229.32134530286,85997.41275627054,72139.96294027066,72466.9432160853,157036.6002632221,135784.56046314913,159739.0563675881,143708.2412564743,128319.30120667219,173758.815164671,82973.771487452,128764.58005710409
2023-05-30,167229.32134530286,85997.41275627054,72139.96294027066,72466.9432160853,157036.6002632221,135784.56046314913,159739.0563675881,143708.2412564743,128319.30120667219,174563.75279147696,82973.771487452,128764.58005710409
2023-05-31,167229.32134530286,85997.41275627054,71412.19998182575,72274.18320605402,157036.6002632221,135346.26704494926,159220.75768963955,143708.2412564743,127171.0593547299,173259.75691258485,82573.35493260583,128688.6856524678
2023-06-01,166756.1223190272,85997.41275627054,71412.19998182575,72274.18320605402,156652.6246401001,135346.26704494926,159220.75768963955,143708.2412564743,127171.0593547299,173259.75691258485,82573.35493260583,128688.6856524678
2023-06-02,166756.1223190272,85997.41275627054,71412.19998182575,72274.18320605402,156652.6246401001,135346.26704494926,159220.75768963955,143708.2412564743,127171.0593547299,173259.75691258485,82573.35493260583,128379.61384995372
2023-06-05,166756.1223190272,85997.41275627054,71412.19998182575,72274.18320605402,156652.6246401001,135346.26704494926,159220.75768963955,148615.04075513608,127171.0593547299,176014.110786991,82573.35493260583,128379.61384995372
2023-06-06,166756.1223190272,88160.19780132658,71412.19998182575,72274.18320605402,156652.6246401001,135346.26704494926,159220.75768963955,148615.04075513608,127171.0593547299,176014.110786991,84247.91817225254,128379.61384995372
2023-06-07,177170.77912601506,89687.40191432524,71627.35138980966,72274.18320605402,156652.6246401001,138364.93467429013,162676.917357294,151407.54602384532,127171.0593547299,176014.110786991,84051.1951769471,128379.61384995372
2023-06-08,177170.77912601506,91601.8482857945,71627.35138980966,72274.18320605402,156652.6246401001,141153.80618953827,165951.76526439784,151407.54602384532,127171.0593547299,176014.110786991,83853.18424673266,127328.39131410095
2023-06-09,177170.77912601506,91601.8482857945,71627.35138980966,72274.18320605402,156652.6246401001,143968.88335861178,168892.10954055606,151407.54602384532,127171.0593547299,176014.110786991,83853.18424673266,128345.59768380305
2023-06-12,177170.77912601506,91601.8482857945,71627.35138980966,72274.18320605402,156419.58766190818,143968.88335861178,168892.10954055606,154303.1103560212,127171.0593547299,178557.02588170444,87122.67334123919,128149.15587413071
2023-06-13,177170.77912601506,91601.8482857945,71627.35138980966,72274.18320605402,163995.03971467016,143968.88335861178,168892.10954055606,153611.24694990515,127171.0593547299,182675.2821206841,86875.23973739284,128149.15587413071
2023-06-14,177170.77912601506,91601.8482857945,71627.35138980966,72274.18320605402,163995.03971467016,143968.88335861178,168892.10954055606,152899.67210774092,127171.0593547299,182675.2821206841,86676.85349845515,127703.73992026084
2023-06-15,177170.77912601506,91601.8482857945,71627.35138980966,72274.18320605402,163930.0443626847,143968.88335861178,167734.8331917378,152899.67210774092,129329.60007738094,183528.7116910501,86676.85349845515,127703.73992026084
2023-06-16,183059.2332003607,94855.75908521567,71627.35138980966,75973.15571987478,163930.0443626847,143968.88335861178,167734.8331917378,152899.67210774092,133277.51565138772,185158.74153392398,86676.85349845515,127703.73992026084
2023-06-20,183059.2332003607,93975.3513517523,71627.35138980966,75973.15571987478,164190.38180593148,144876.6529536077,167679.1668735199,152899.67210774092,133238.8723298353,183641.59527695162,86495.79364728242,127703.73992026084
2023-06-21,183059.2332003607,93975.3513517523,71627.35138980966,75973.15571987478,167603.28459020943,144876.6529536077,167679.1668735199,152899.67210774092,133238.8723298353,183641.59527695162,88931.86600413604,127703.73992026084
2023-06-22,183059.2332003607,93080.28405831392,71259.06650267045,75973.15571987478,167603.28459020943,144073.30620470995,167679.1668735199,151251.3537223495,131867.75597449206,182580.35725985878,88931.86600413604,127703.73992026084
2023-06-23,183059.2332003607,92100.6612535491,71259.06650267045,75973.15571987478,166473.49909599076,144073.30620470995,167144.92509188372,151251.3537223495,132688.4074298632,181958.3420830177,88931.86600413604,127703.73992026084
2023-06-26,183059.2332003607,92100.6612535491,70519.19377752986,75973.15571987478,165279.1348397154,144073.30620470995,167144.92509188372,150416.65137657337,132688.4074298632,181380.3510927102,92374.8066889891,126903.99092522755
2023-06-27,183059.2332003607,92100.6612535491,70519.19377752986,75973.15571987478,167182.15720239608,144073.30620470995,167144.92509188372,155148.4793468254,132688.4074298632,181380.3510927102,92374.8066889891,126903.99092522755
2023-06-28,183059.2332003607,92100.6612535491,70519.19377752986,75973.15571987478,167182.15720239608,144073.30620470995,167144.92509188372,155148.4793468254,133243.06903512627,181380.3510927102,92374.8066889891,126903.99092522755
2023-06-29,183059.2332003607,92100.6612535491,70519.19377752986,75973.15571987478,166798.66538504788,148401.1567583092,166640.69879453088,155148.4793468254,133243.06903512627,181380.3510927102,92010.90139967311,126903.99092522755
2023-06-30,183059.2332003607,92100.6612535491,73706.92712644004,75973.15571987478,166798.66538504788,148401.1567583092,166640.69879453088,159110.12782639352,133243.06903512627,181380.3510927102,92010.90139967311,126903.99092522755
2023-07-03,181664.82650496316,92100.6612535491,73706.92712644004,76802.61491453572,168968.31633786962,150226.23606463431,166640.69879453088,160430.75285113553,133094.60373038257,181380.3510927102,91971.64277005714,126903.99092522755
2023-07-05,181664.82650496316,91153.78548624468,73706.92712644004,76742.30323850155,168968.31633786962,150226.23606463431,166640.69879453088,159415.896535064,133094.60373038257,181380.3510927102,91933.43065293058,126903.99092522755
2023-07-06,181664.82650496316,90654.95048761675,73706.92712644004,75878.9666431286,168692.9846075005,149198.91919938644,166640.69879453088,159193.56036563,132872.36095236085,181380.3510927102,91887.29106219395,126903.99092522755
2023-07-07,183674.64833393204,89747.2175897764,73706.92712644004,75878.9666431286,168692.9846075005,149198.91919938644,166640.69879453088,159193.56036563,132872.36095236085,181380.3510927102,95408.99293687503,126903.99092522755
2023-07-10,183674.64833393204,89747.2175897764,73706.92712644004,75878.9666431286,168692.9846075005,154544.3881215033,172911.55053470167,159193.56036563,132872.36095236085,181380.3510927102,98859.0507824936,126903.99092522755
2023-07-11,183674.64833393204,89747.2175897764,73706.92712644004,75878.9666431286,168692.9846075005,154258.73130638816,172911.55053470167,157917.04683002885,132872.36095236085,180789.32516377885,98318.04637013459,126903.99092522755
2023-07-12,183674.64833393204,89747.2175897764,76447.14402570967,75878.9666431286,168595.5969318447,154258.73130638816,172911.55053470167,156799.365058569,132872.36095236085,180789.32516377885,98318.04637013459,126903.99092522755
2023-07-13,183674.64833393204,89747.2175897764,73454.81000222165,75878.9666431286,168595.5969318447,154759.57757671794,173494.55166579207,160131.4396020412,132872.36095236085,189669.24582661738,98318.04637013459,126903.99092522755
2023-07-14,183674.64833393204,89225.98977963114,76156.57987920764,75878.9666431286,168595.5969318447,154759.57757671794,172449.6993218756,159594.66541145355,132872.36095236085,187300.41672392839,98318.04637013459,126903.99092522755
2023-07-17,183674.64833393204,89729.33310495876,76156.57987920764,75878.9666431286,168595.5969318447,154759.57757671794,172449.6993218756,158478.25937287734,132872.36095236085,191650.63024653515,98318.04637013459,126903.99092522755
2023-07-18,189878.80541036723,89729.33310495876,76002.56625075356,75878.9666431286,168595.5969318447,154759.57757671794,172449.6993218756,163426.47244654398,135564.0484483201,190354.85001885536,101480.31389534209,126903.99092522755
2023-07-19,189878.80541036723,91459.95158779084,76002.56625075356,75878.9666431286,168595.5969318447,154759.57757671794,172449.6993218756,168300.05226320526,135564.0484483201,192121.8393161366,101480.31389534209,126903.99092522755
2023-07-20,189878.80541036723,91270.66204058396,76002.56625075356,75878.9666431286,168595.5969318447,154759.57757671794,172449.6993218756,167354.7305613118,135564.0484483201,192121.8393161366,101424.56038114669,126903.99092522755
2023-07-21,188139.02360922648,90909.56782584064,76002.56625075356,75878.9666431286,168595.5969318447,154759.57757671794,170941.61735577302,167354.7305613118,135564.0484483201,190477.53937880404,100163.96214487773,126903.99092522755
2023-07-24,186172.48951244852,90299.50409047658,76002.56625075356,75878.9666431286,168520.62499018674,155260.583299584,171059.10877609233,165289.17318220335,135564.0484483201,194226.72175797136,99862.62609225066,126903.99092522755
2023-07-25,187569.1827069422,90299.50409047658,75610.12310350129,78128.38035596236,168472.98008013453,159026.14645555982,171059.10877609233,165289.17318220335,135564.0484483201,194226.72175797136,99862.62609225066,126903.99092522755
2023-07-26,187569.1827069422,92372.78503105267,75610.12310350129,78128.38035596236,168005.43678835462,159026.14645555982,171059.10877609233,170844.609580696,135564.0484483201,193911.3238643771,99509.91342302258,126903.99092522755
2023-07-27,187569.1827069422,92372.78503105267,74888.32037892526,78128.38035596236,167141.2406943137,159026.14645555982,170600.09452936554,170844.609580696,134812.07745188114,193911.3238643771,104300.60943265285,126517.2530624945
2023-07-28,187569.1827069422,92372.78503105267,74888.32037892526,78128.38035596236,167141.2406943137,157761.16202510256,170495.3398886326,171565.1264103146,134812.07745188114,193911.3238643771,104300.60943265285,126517.2530624945
2023-07-31,190495.76577269798,94741.8647308752,74888.32037892526,78128.38035596236,167141.2406943137,157761.16202510256,170495.3398886326,171565.1264103146,136266.677433633,193911.3238643771,104069.67059273017,126517.2530624945
2023-08-01,188608.17424102742,94466.65804244425,74888.32037892526,77879.17774864333,166446.72690280914,157761.16202510256,169804.7641653776,171565.1264103146,135678.9995547517,193911.3238643771,103826.620589515,126517.2530624945
2023-08-02,190257.447022002,94098.42107114795,74843.80730848596,77195.59810864243,174701.51869273873,157761.16202510256,169804.7641653776,180851.08847490477,135011.5558035175,191419.09937667102,108108.85398640961,126517.2530624945
2023-08-03,190257.447022002,94098.42107114795,74670.22524631621,76732.20707662033,172879.8465464176,157761.16202510256,169804.7641653776,180216.99536159588,135418.92518975365,190617.87080301504,107498.35469728571,126115.45355698896
2023-08-04,188800.4758540105,93738.82001438792,74670.22524631621,76732.20707662033,172879.8465464176,157761.16202510256,169804.7641653776,180216.99536159588,138784.31555420623,196374.34441728346,106861.67660351662,126115.45355698896
2023-08-07,188800.4758540105,93738.82001438792,74670.22524631621,78424.51854305253,172879.8465464176,157761.16202510256,169804.7641653776,180216.99536159588,142969.77795651273,196374.34441728346,106432.03360008541,128984.50948745821
2023-08-08,184288.7426105163,91639.00118114051,74670.22524631621,78424.51854305253,172879.8465464176,157761.16202510256,169559.04665464174,178089.63033920396,142736.16885512345,195900.35050187152,106432.03360008541,128556.09872761791
2023-08-09,182280.51122494668,91143.34131886264,74165.60312459836,77076.03846288707,180619.34325720827,156560.25459273395,168733.33676286374,178089.63033920396,142736.16885512345,195900.35050187152,106058.3314050504,128556.09872761791
2023-08-10,184092.8935413079,92632.2469993788,74165.60312459836,77016.17856649806,180619.34325720827,156560.25459273395,168733.33676286374,178089.63033920396,142736.16885512345,195900.35050187152,105425.20087053457,128556.09872761791
2023-08-11,184092.8935413079,92632.2469993788,73816.76447984816,77016.17856649806,180461.12557978136,155067.20606738442,167706.75894091275,178089.63033920396,142736.16885512345,195900.35050187152,105425.20087053457,128556.09872761791
2023-08-14,182170.28429983574,92050.02101389038,73816.76447984816,77016.17856649806,180461.12557978136,155067.20606738442,167706.75894091275,176382.68377203058,142300.2755661191,195900.35050187152,105425.20087053457,133469.34570383464
2023-08-15,180513.11819199476,91550.87133699602,73816.76447984816,76224.63237781655,179679.52065532684,155067.20606738442,167257.90814424193,176382.68377203058,142300.2755661191,194848.26198461725,105425.20087053457,133047.13054069673
2023-08-16,180513.11819199476,91550.87133699602,76945.13182699865,76224.63237781655,179420.20626667008,157527.00488941677,170291.6136934097,176382.68377203058,142300.2755661191,197879.34417364775,104958.2134158381,133007.97402719528
2023-08-17,180513.11819199476,91550.87133699602,76738.41552111656,75752.00856305395,178427.5349279747,157527.00488941677,169590.87669725702,176382.68377203058,140689.54063907167,195826.3750069588,104615.0801822344,131844.34188684827
2023-08-18,180513.11819199476,90760.59303312673,76738.41552111656,74965.22122493818,177804.4453786912,157527.00488941677,169590.87669725702,174731.67429982012,139702.88794453707,195826.3750069588,104040.60552937863,131569.75852201568
2023-08-21,179717.4665234986,90520.93735143545,76366.16852636918,74965.22122493818,177804.4453786912,157527.00488941677,169590.87669725702,174731.67429982012,139702.88794453707,193512.16695640897,103789.50105968097,130955.81611041127
2023-08-22,179717.4665234986,90520.93735143545,76366.16852636918,74965.22122493818,182864.48816996138,157527.00488941677,169590.87669725702,174292.16708367073,139702.88794453707,193512.16695640897,103442.19504188058,130469.72278272173
2023-08-23,180006.34922808516,93509.45090134176,76366.16852636918,74965.22122493818,182739.0057326691,157527.00488941677,169590.87669725702,175108.33482950125,139702.88794453707,193512.16695640897,103442.19504188058,130469.72278272173
2023-08-24,180006.34922808516,93509.45090134176,76230.05144929512,74965.22122493818,179503.7323569164,157311.96752225127,169235.38834883083,174283.20969904322,139702.88794453707,191964.1311308278,103038.83534736182,130469.72278272173
2023-08-25,180006.34922808516,92733.13551997552,76114.32302856055,74965.22122493818,178633.28186446035,156396.460077509,168585.1393227219,174283.20969904322,139702.88794453707,189021.82762755235,102065.7243683653,129990.97128253827
2023-08-28,180493.11169235542,92733.13551997552,76114.32302856055,74965.22122493818,177528.46185284652,156396.460077509,168585.1393227219,174283.20969904322,139702.88794453707,188308.85044068017,105765.86767261695,129990.97128253827
2023-08-29,180493.11169235542,92733.13551997552,76114.32302856055,74965.22122493818,177528.46185284652,156396.460077509,171923.95100471494,174283.20969904322,139702.88794453707,187740.8551608414,105765.86767261695,129990.97128253827
2023-08-30,180493.11169235542,92733.13551997552,76114.32302856055,74965.22122493818,176555.44039656987,156396.460077509,171923.95100471494,177009.2574893338,139702.88794453707,187740.8551608414,105765.86767261695,129990.97128253827
2023-08-31,179838.2364839128,92265.76718967162,76114.32302856055,74965.22122493818,175157.7955834297,156396.460077509,171923.95100471494,177009.2574893338,139702.88794453707,187740.8551608414,105765.86767261695,129990.97128253827
2023-09-01,182623.6458307197,93675.79726808147,76114.32302856055,74965.22122493818,175157.7955834297,156396.460077509,171923.95100471494,177009.2574893338,139702.88794453707,187740.8551608414,105765.86767261695,129990.97128253827
2023-09-05,181142.06746362514,93675.79726808147,75351.388258537,74557.74551136338,174503.4855376085,156169.95218233706,170843.77839878952,176610.7448834526,139702.88794453707,187740.8551608414,105765.86767261695,129990.97128253827
2023-09-06,181142.06746362514,93675.79726808147,75351.388258537,74557.74551136338,173867.12827504374,156169.95218233706,170843.77839878952,176610.7448834526,138258.51156856449,187304.93411512062,105765.86767261695,133740.32846596627
2023-09-07,181142.06746362514,93675.79726808147,75351.388258537,74557.74551136338,173867.12827504374,156169.95218233706,170725.4333719631,176610.7448834526,138258.51156856449,186704.31766067157,105697.42363894219,133466.51521984744
2023-09-08,181142.06746362514,93675.79726808147,75351.388258537,74557.74551136338,173867.12827504374,155405.2556297641,170578.82175561038,176610.7448834526,137270.5035447908,186704.31766067157,105697.42363894219,133003.11352667716
2023-09-11,181142.06746362514,93675.79726808147,75971.73423268621,74557.74551136338,173867.12827504374,155405.2556297641,170578.82175561038,179078.77694070188,137270.5035447908,184901.77300334087,105697.42363894219,132638.82575392845
2023-09-12,181142.06746362514,93675.79726808147,75971.73423268621,74557.74551136338,173176.39886029833,155405.2556297641,173764.58563137465,179078.77694070188,136940.239532451,185520.67302761058,104980.87234180445,132638.82575392845
2023-09-13,179957.9314617076,93192.00370983426,75455.32966771848,77168.14959079097,173176.39886029833,155405.2556297641,173373.35473327813,178727.6684512921,136940.239532451,187658.77497464005,104651.92542952206,132638.82575392845
2023-09-14,179957.9314617076,93192.00370983426,75455.32966771848,77168.14959079097,173176.39886029833,155405.2556297641,173373.35473327813,178390.8034425282,136520.16075861923,187658.77497464005,105536.66689748148,132638.82575392845
2023-09-15,178606.27844327028,93192.00370983426,75455.32966771848,77168.14959079097,172664.88256909477,155405.2556297641,173373.35473327813,177899.22203975407,136520.16075861923,187038.921949401,104614.93151588661,132287.4535892809
2023-09-18,178606.27844327028,93192.00370983426,75455.32966771848,77168.14959079097,172664.88256909477,155405.2556297641,173373.35473327813,177899.22203975407,137828.92278753282,187038.921949401,104614.93151588661,132287.4535892809
2023-09-19,176754.79946732742,92254.74791703108,75455.32966771848,76765.27532095928,172321.13469382664,155273.41248086022,172755.46372438807,176062.01071220913,139187.3639636417,185141.97113452377,104356.07860086106,132054.2881048894
2023-09-20,175485.5597591988,91872.44430412454,75366.38494999621,76765.27532095928,171514.6517886262,155273.41248086022,172755.46372438807,175859.59612477635,138954.0427403183,184879.098423679,104227.1742224761,132054.2881048894
2023-09-21,175485.5597591988,91053.14394876937,74918.87240297589,76506.12689636613,170074.03487753976,155273.41248086022,172286.67238819972,175200.10459963986,136923.86328423116,183842.7913186287,103371.50010825183,131634.80535740207
2023-09-22,170705.45490072263,89158.35579411656,74918.87240297589,76506.12689636613,168958.81879248,154876.65789250538,170502.49998216782,173646.19499204596,136923.86328423116,181650.22833513928,103371.50010825183,131634.80535740207
2023-09-25,169451.95607874854,89158.35579411656,74918.87240297589,76506.12689636613,168958.81879248,154876.65789250538,170502.49998216782,173646.19499204596,135286.84357007113,181650.22833513928,103371.50010825183,131634.80535740207
2023-09-26,169451.95607874854,89158.35579411656,74918.87240297589,75997.7846415457,168442.64319235826,154876.65789250538,170502.49998216782,173646.19499204596,134838.32851323637,181650.22833513928,102531.32768455567,131327.7187375757
2023-09-27,169451.95607874854,91785.6287759641,74918.87240297589,75789.9613231789,168442.64319235826,154876.65789250538,170502.49998216782,173646.19499204596,134350.72760992314,181650.22833513928,102531.32768455567,131094.97165164002
2023-09-28,169451.95607874854,91785.6287759641,76159.26049956665,75789.9613231789,167789.0087862717,153923.97170725773,170207.73991457355,173646.19499204596,134019.28094300404,181650.22833513928,102258.05144139875,131094.97165164002
2023-09-29,169451.95607874854,90644.40631096855,76199.15448262477,75420.65604497006,167789.0087862717,153308.31929031812,170207.73991457355,173646.19499204596,132620.19025331424,181650.22833513928,101662.71337020803,131094.97165164002
2023-10-02,169451.95607874854,90241.22099602713,75825.49000253917,75420.65604497006,166843.1273041567,153308.31929031812,169326.27406952222,173173.64562518755,132054.5801632258,181650.22833513928,101255.40522639573,131019.65703457138
2023-10-03,166515.8921950405,89030.82282909965,75558.17487042418,74717.70101740347,166111.79926929643,150595.83219837394,167359.87194985698,171617.69248186308,130781.59559789368,178887.7579664084,99936.96499488417,130725.805041188
2023-10-04,166515.8921950405,89030.82282909965,75185.9212734291,74717.70101740347,164946.39332755972,149774.05049783867,166442.259816512,171045.3596752217,130335.64029818932,176753.483080478,99532.76722288181,130725.805041188
2023-10-05,166515.8921950405,89030.82282909965,74853.53814947167,74717.70101740347,163570.27713981623,149461.9914203878,166442.259816512,170534.3269605605,130137.9296409708,176753.483080478,99532.76722288181,130298.25293541621
2023-10-06,164995.522624352,89030.82282909965,74787.82341941271,74717.70101740347,163033.61197053865,148660.60265864883,165125.78006102066,170534.3269605605,130137.9296409708,176753.483080478,99301.91379727882,130298.25293541621
2023-10-09,164995.522624352,89030.82282909965,74787.82341941271,74717.70101740347,163033.61197053865,148660.60265864883,165125.78006102066,170534.3269605605,130137.9296409708,176753.483080478,99301.91379727882,130298.25293541621
2023-10-10,166847.3129617056,89030.82282909965,74787.82341941271,74717.70101740347,163033.61197053865,148660.60265864883,165125.78006102066,175368.87113272183,130137.9296409708,182101.95285494046,99301.91379727882,130298.25293541621
2023-10-11,166847.3129617056,89030.82282909965,76055.72197257938,74717.70101740347,163033.61197053865,148660.60265864883,165125.78006102066,176337.96292315744,130137.9296409708,182101.95285494046,99301.91379727882,130298.25293541621
2023-10-12,166847.3129617056,89030.82282909965,76055.72197257938,74116.5176494857,163033.61197053865,148660.60265864883,165125.78006102066,176337.96292315744,130137.9296409708,181025.21871861062,99301.91379727882,130298.25293541621
2023-10-13,166847.3129617056,89030.82282909965,76055.72197257938,73808.75233603781,163033.61197053865,148660.60265864883,165125.78006102066,176069.59655325953,130137.9296409708,179883.50773981155,98864.84814123277,130298.25293541621
2023-10-16,166847.3129617056,89030.82282909965,76055.72197257938,73808.75233603781,163033.61197053865,148660.60265864883,165355.2103533883,176069.59655325953,128832.95304182227,179883.50773981155,98864.84814123277,130298.25293541621
2023-10-17,166847.3129617056,89030.82282909965,76055.72197257938,73808.75233603781,163033.61197053865,148660.60265864883,165355.2103533883,175706.3563596947,128832.95304182227,179883.50773981155,98864.84814123277,130298.25293541621
2023-10-18,168767.06859888058,89030.82282909965,76055.72197257938,73808.75233603781,163033.61197053865,147162.2275169554,165355.2103533883,175706.3563596947,128336.037512564,179883.50773981155,98511.90355415021,129836.57226216723
2023-10-19,166372.04996893764,89030.82282909965,75786.80759306885,73041.23389710033,163033.61197053865,147162.2275169554,164651.16778766137,172989.34160135407,127868.28775177158,178819.80310015456,98050.03981276554,129142.91434636652
2023-10-20,166372.04996893764,89030.82282909965,75045.52552343797,73041.23389710033,161908.89960882047,147162.2275169554,164651.16778766137,172610.99533602883,127868.28775177158,178819.80310015456,97757.47430767192,129142.91434636652
2023-10-23,165657.80430230158,89030.82282909965,74811.18803998252,73041.23389710033,161245.81601136946,146115.81643781834,164651.16778766137,172506.11372000433,126891.21916679904,177639.59765958012,97234.20974792317,128536.70288579255
2023-10-24,165657.80430230158,89030.82282909965,74626.33797595104,73041.23389710033,161245.81601136946,146115.81643781834,164651.16778766137,172506.11372000433,126268.91748995015,177528.66419627395,97234.20974792317,128536.70288579255
2023-10-25,162144.04836025552,88322.62069954559,74285.76193288539,73283.72493872662,161245.81601136946,144586.61505391807,164651.16778766137,169204.51225423842,125709.80497358278,177102.4724290237,96556.62079412246,127855.05363325994
2023-10-26,160828.65978875765,88322.62069954559,74191.30238758514,73283.72493872662,161245.81601136946,144586.61505391807,164651.16778766137,165828.42766959267,125709.80497358278,174778.1910741477,94967.80658732603,127168.23063103818
2023-10-27,160828.65978875765,87968.70415651167,73822.12249497,73283.72493872662,160924.5201038864,144586.61505391807,164340.78199364527,164410.14626779617,125709.80497358278,172183.15345758552,94794.472123045,127168.23063103818
2023-10-30,160828.65978875765,87968.70415651167,73822.12249497,73283.72493872662,160198.7375504854,144586.61505391807,164340.78199364527,164121.4243135859,125709.80497358278,171864.91649562021,94188.17399581203,127168.23063103818
2023-10-31,160828.65978875765,87968.70415651167,73120.4603276482,72868.1726213334,160198.7375504854,144586.61505391807,164340.78199364527,164121.4243135859,125023.12601848718,171442.75828963023,94188.17399581203,127168.23063103818
2023-11-01,160828.65978875765,87968.70415651167,73120.4603276482,72868.1726213334,160198.7375504854,144586.61505391807,164340.78199364527,164121.4243135859,125023.12601848718,171442.75828963023,94188.17399581203,126942.23025070097
2023-11-02,164958.28727933907,87968.70415651167,73120.4603276482,72868.1726213334,152481.9563205588,144586.61505391807,164340.78199364527,164681.81423551537,125023.12601848718,171442.75828963023,91570.74913609581,126660.19125488111
2023-11-03,164958.28727933907,87968.70415651167,73120.4603276482,72868.1726213334,152481.9563205588,144586.61505391807,164340.78199364527,164681.81423551537,125023.12601848718,171442.75828963023,91351.03169526317,126660.19125488111
2023-11-06,164958.28727933907,87968.70415651167,73120.4603276482,72868.1726213334,152481.9563205588,144586.61505391807,164340.78199364527,164681.81423551537,125023.12601848718,171442.75828963023,91351.03169526317,126660.19125488111
2023-11-07,166278.06004340612,87968.70415651167,73120.4603276482,72501.82838619305,151252.51428284068,144586.61505391807,164340.78199364527,162393.7728263756,125023.12601848718,171442.75828963023,91351.03169526317,125782.76033103869
2023-11-08,166278.06004340612,87968.70415651167,73120.4603276482,72501.82838619305,150938.31851831207,144586.61505391807,164340.78199364527,162393.7728263756,125023.12601848718,171442.75828963023,91351.03169526317,125782.76033103869
2023-11-09,166278.06004340612,87968.70415651167,73120.4603276482,72501.82838619305,150889.1982687906,145259.2217409079,165067.89083564276,162393.7728263756,125023.12601848718,171442.75828963023,91351.03169526317,125782.76033103869
2023-11-10,166278.06004340612,87968.70415651167,73120.4603276482,72501.82838619305,150889.1982687906,145259.2217409079,165067.89083564276,162393.7728263756,125023.12601848718,171442.75828963023,91351.03169526317,125553.14771351797
2023-11-13,166278.06004340612,87968.70415651167,73120.4603276482,72501.82838619305,150889.1982687906,145259.2217409079,165067.89083564276,162393.7728263756,125023.12601848718,171442.75828963023,91351.03169526317,125553.14771351797
2023-11-14,166278.06004340612,87968.70415651167,77917.55141862042,72501.82838619305,150889.1982687906,145259.2217409079,165067.89083564276,168904.41458330175,125023.12601848718,171442.75828963023,91351.03169526317,125553.14771351797
2023-11-15,166278.06004340612,87968.70415651167,77917.55141862042,72501.82838619305,150889.1982687906,145259.2217409079,165067.89083564276,168904.41458330175,125023.12601848718,171442.75828963023,91351.03169526317,125553.14771351797
2023-11-16,166278.06004340612,87968.70415651167,77693.25139616356,72501.82838619305,150889.1982687906,145259.2217409079,165067.89083564276,168904.41458330175,125023.12601848718,171442.75828963023,91351.03169526317,125553.14771351797
2023-11-17,166278.06004340612,87968.70415651167,80545.83703482672,75498.71805808644,150889.1982687906,145259.2217409079,165067.89083564276,173290.21060499246,125023.12601848718,174528.4590814141,91351.03169526317,125553.14771351797
2023-11-20,166278.06004340612,89585.22024347873,80545.83703482672,75498.71805808644,150889.1982687906,145259.2217409079,165067.89083564276,179811.61041338198,125023.12601848718,174528.4590814141,91351.03169526317,125553.14771351797
2023-11-21,166278.06004340612,89585.22024347873,80545.83703482672,75498.71805808644,148156.83320745282,145259.2217409079,165067.89083564276,179171.57284448727,125023.12601848718,174528.4590814141,90886.89973221482,124248.84328380585
2023-11-22,171432.46949986194,89095.0521795404,80545.83703482672,75498.71805808644,148156.83320745282,145259.2217409079,165067.89083564276,177802.18222472316,125023.12601848718,179081.73727870247,90886.89973221482,124248.84328380585
2023-11-24,171432.46949986194,89095.0521795404,80545.83703482672,78213.25658382356,148156.83320745282,145259.2217409079,165067.89083564276,177802.18222472316,125023.12601848718,179081.73727870247,90886.89973221482,123859.92046415295
2023-11-27,171432.46949986194,89095.0521795404,80545.83703482672,81153.94624660535,148156.83320745282,145259.2217409079,165067.89083564276,177802.18222472316,125023.12601848718,179081.73727870247,90886.89973221482,123575.63911059519
2023-11-28,171432.46949986194,89095.0521795404,80545.83703482672,81153.94624660535,148156.83320745282,145259.2217409079,165067.89083564276,177802.18222472316,125023.12601848718,179081.73727870247,94342.5715446321,123370.2313966297
2023-11-29,171432.46949986194,89095.0521795404,80141.33186856483,81153.94624660535,148156.83320745282,145259.2217409079,165067.89083564276,177802.18222472316,123998.38835071644,179081.73727870247,93893.97117361639,123370.2313966297
2023-11-30,171432.46949986194,89095.0521795404,79888.44128865615,81153.94624660535,148156.83320745282,145259.2217409079,165067.89083564276,177802.18222472316,123998.38835071644,179081.73727870247,93713.74203388594,123370.2313966297
2023-12-01,170070.09135899652,89095.0521795404,79888.44128865615,81153.94624660535,148156.83320745282,148340.29684930373,165067.89083564276,177802.18222472316,123998.38835071644,183169.51847935686,93034.5047291455,122472.92215569253
2023-12-04,170070.09135899652,91276.4907158876,84591.98397231816,81153.94624660535,148156.83320745282,149257.7798041012,165067.89083564276,184502.68087368365,123998.38835071644,187912.4504303263,92839.03310149258,122004.0910664208
2023-12-05,169013.87171409233,91276.4907158876,84492.10401089618,81153.94624660535,148156.83320745282,148893.40448237647,165067.89083564276,183273.86820416295,123998.38835071644,187741.73043055402,92839.03310149258,121739.86024495508
2023-12-06,169013.87171409233,91276.4907158876,84324.49117279785,81153.94624660535,148156.83320745282,147954.6030607189,165067.89083564276,183273.86820416295,123998.38835071644,187741.73043055402,92839.03310149258,121739.86024495508
2023-12-07,169013.87171409233,90431.27887475907,82618.22754441593,81153.94624660535,148156.83320745282,147954.6030607189,165067.89083564276,181518.91813009378,123998.38835071644,190269.70984794848,92839.03310149258,121739.86024495508
2023-12-08,169013.87171409233,90431.27887475907,82618.22754441593,81153.94624660535,148848.76634173733,147781.5389759554,165067.89083564276,181518.91813009378,123998.38835071644,190115.17652162988,92839.03310149258,121463.77774955869
2023-12-11,169013.87171409233,90431.27887475907,82434.83831605689,81153.94624660535,148766.93037813008,147781.5389759554,168248.46419697427,181167.59580995355,123998.38835071644,193361.32957436968,92839.03310149258,121463.77774955869
2023-12-12,169013.87171409233,90431.27887475907,82434.83831605689,82563.79790967904,148766.93037813008,147781.5389759554,168248.46419697427,181167.59580995355,123998.38835071644,193361.32957436968,92839.03310149258,121463.77774955869
2023-12-13,169013.87171409233,90431.27887475907,82434.83831605689,82563.79790967904,148766.93037813008,147781.5389759554,168248.46419697427,181167.59580995355,123998.38835071644,193361.32957436968,92839.03310149258,121463.77774955869
2023-12-14,169013.87171409233,90431.27887475907,82434.83831605689,85777.49416363086,148766.93037813008,147781.5389759554,167342.33227427446,192233.70980970812,123998.38835071644,197761.6377677444,95119.53634321218,121082.66820387391
2023-12-15,169013.87171409233,90431.27887475907,82018.1802271853,88874.73910756754,148766.93037813008,146606.55042921955,167342.33227427446,192233.70980970812,125680.88027772144,196382.99420507782,95119.53634321218,121082.66820387391
2023-12-18,174663.27347173262,95210.57449618007,82018.1802271853,91463.76663598341,148766.93037813008,147463.15119039366,171194.39469757234,195353.8808445003,125630.62573797569,201055.3280773732,95119.53634321218,121082.66820387391
2023-12-19,178018.12118824993,95210.57449618007,82018.1802271853,91463.76663598341,148766.93037813008,146637.082642472,170564.20421610228,195353.8808445003,125630.62573797569,204668.57856660182,98737.0371787428,121082.66820387391
2023-12-20,178018.12118824993,95210.57449618007,82018.1802271853,94860.55538645734,148766.93037813008,146637.082642472,170564.20421610228,195353.8808445003,125630.62573797569,204668.57856660182,98306.08519686101,121082.66820387391
2023-12-21,178018.12118824993,95210.57449618007,85364.06752788674,94183.46342545551,148766.93037813008,146637.082642472,170564.20421610228,195353.8808445003,125630.62573797569,204668.57856660182,98306.08519686101,121082.66820387391
2023-12-22,178018.12118824993,94411.67223317591,85364.06752788674,94183.46342545551,148766.93037813008,146637.082642472,170564.20421610228,195353.8808445003,125630.62573797569,208997.2526488211,98306.08519686101,121082.66820387391
2023-12-26,178018.12118824993,94411.67223317591,85364.06752788674,94183.46342545551,148766.93037813008,146637.082642472,170564.20421610228,195353.8808445003,130472.77155558296,208997.2526488211,98306.08519686101,121082.66820387391
2023-12-27,178018.12118824993,94726.43745430988,85364.06752788674,94183.46342545551,148766.93037813008,146637.082642472,170564.20421610228,195353.8808445003,130472.77155558296,212311.57915578803,98306.08519686101,121082.66820387391
2023-12-28,178018.12118824993,94726.43745430988,85364.06752788674,94183.46342545551,148766.93037813008,146637.082642472,170564.20421610228,195353.8808445003,130472.77155558296,210855.1584021494,98306.08519686101,121082.66820387391
2023-12-29,179910.1676381395,97466.86408255054,85364.06752788674,94183.46342545551,152606.51168600048,146637.082642472,170564.20421610228,195353.8808445003,131741.721031097,210927.83565820166,98012.23546417929,121082.66820387391
2024-01-02,179910.1676381395,97466.86408255054,84773.24977096874,94183.46342545551,152293.15965984488,146637.082642472,170564.20421610228,194114.3583278519,132664.21140509075,207060.39196063523,97373.78445480241,120352.19382926122
2024-01-03,177288.97789168585,96217.54760166624,84354.77973300974,93514.32360768772,155321.28124978804,148857.1093810404,173079.06271394013,193602.39262190662,129777.08815649372,205624.119958991,97104.10058996045,119968.58711366919
2024-01-04,176475.33991325894,95442.83463690952,83986.52516077305,93514.32360768772,155321.28124978804,148857.1093810404,173079.06271394013,193602.39262190662,128542.1725292251,202444.52908371892,96003.81150729289,119968.58711366919
2024-01-05,176475.33991325894,95299.3637426755,83512.20781753288,93514.32360768772,153583.98221608778,148857.1093810404,172253.72233705604,191589.86636561572,128020.2588465903,202444.52908371892,96003.81150729289,119968.58711366919
2024-01-08,174692.33990449403,94306.02002690131,83512.20781753288,93514.32360768772,153583.98221608778,148857.1093810404,171248.33853864038,190930.5339505288,127678.77695793213,201119.21097577692,96003.81150729289,119968.58711366919
2024-01-09,174692.33990449403,94306.02002690131,83246.62260707845,93514.32360768772,153583.98221608778,148857.1093810404,171248.33853864038,190930.5339505288,127678.77695793213,201119.21097577692,96003.81150729289,119968.58711366919
2024-01-10,174692.33990449403,94306.02002690131,83246.62260707845,94504.04501526448,153583.98221608778,148857.1093810404,171248.33853864038,190930.5339505288,127678.77695793213,201119.21097577692,99687.97787460401,129635.18209045437
2024-01-11,174692.33990449403,93485.03765515338,83817.06336847362,93812.62268231703,153583.98221608778,148857.1093810404,170298.51593577565,190930.5339505288,125783.41117105809,201119.21097577692,99385.04331392844,128914.24097580362
2024-01-12,174692.33990449403,93485.03765515338,83817.06336847362,93348.3324035829,153583.98221608778,148857.1093810404,170298.51593577565,190930.5339505288,125568.40217244478,201119.21097577692,101416.03316257973,133917.66565156984
2024-01-16,174692.33990449403,93003.71233282612,85372.39163252918,92269.93226455619,153583.98221608778,148857.1093810404,170298.51593577565,189606.92553862074,125568.40217244478,201119.21097577692,99844.25788044199,132237.02149653147
2024-01-17,175030.46250826956,92257.29678496337,85372.39163252918,90543.2426559987,152355.8223310924,148149.04938276234,171442.72766856928,186426.78272214756,124334.31823871609,199912.64395062017,98193.26059989753,130788.04630867335
2024-01-18,175030.46250826956,92257.29678496337,85372.39163252918,90543.2426559987,151632.3462146222,148149.04938276234,171442.72766856928,186426.78272214756,126441.74303443932,208614.58235001587,101037.91071634728,135823.90821437511
2024-01-19,175030.46250826956,92257.29678496337,90925.00131629634,90543.2426559987,157172.8279118415,148149.04938276234,171442.72766856928,187566.38023641927,126441.74303443932,208614.58235001587,100508.16404327296,135185.33124790367
2024-01-22,186517.00195516463,95018.6216176857,90925.00131629634,91007.26482188847,157172.8279118415,148149.04938276234,171442.72766856928,191304.34513275273,126441.74303443932,208614.58235001587,100215.80245267293,135185.33124790367
2024-01-23,188364.70108010902,95018.6216176857,90925.00131629634,91007.26482188847,156792.5754109846,152010.719673913,171442.72766856928,190646.28638519294,126585.15665824003,207495.37354688693,99917.83330477038,134765.20734144523
2024-01-24,192327.65716637278,97488.9736313828,90925.00131629634,91007.26482188847,156792.5754109846,148236.11901858976,168742.3462492085,194452.88185417507,126585.15665824003,207283.92739637932,99619.98557300227,133957.04278476242
2024-01-25,192327.65716637278,97488.9736313828,90925.00131629634,91007.26482188847,155014.54822130097,148236.11901858976,168742.3462492085,193986.98198330612,126585.15665824003,207013.1210853112,99389.0494380679,133719.20673118002
2024-01-26,192327.65716637278,97488.9736313828,90225.23301647813,91007.26482188847,154174.47784847821,148236.11901858976,168742.3462492085,195466.59404378184,126585.15665824003,207013.1210853112,99148.91582848539,133719.20673118002
2024-01-29,192327.65716637278,97488.9736313828,90225.23301647813,91220.86751295575,154174.47784847821,148236.11901858976,168742.3462492085,195466.59404378184,126585.15665824003,207013.1210853112,99148.91582848539,138898.4133369394
2024-01-30,191262.56670134937,97353.59656488028,90225.23301647813,91220.86751295575,154174.47784847821,148236.11901858976,168742.3462492085,195466.59404378184,125642.51979975938,207013.1210853112,103037.36892717135,138819.58333891464
2024-01-31,187678.88900233706,96496.69634865476,90225.23301647813,91198.94049513487,151915.4879690061,148236.11901858976,168742.3462492085,193407.69306401743,125642.51979975938,207013.1210853112,102568.80975037543,138753.117520182
2024-02-01,187678.88900233706,96496.69634865476,89563.44322896862,91198.94049513487,151915.4879690061,148236.11901858976,168742.3462492085,193407.69306401743,125642.51979975938,207013.1210853112,102178.39273011373,138324.2316101689
2024-02-02,190823.57638212654,101144.51330708871,89563.44322896862,91055.41067550596,151915.4879690061,153988.38416836047,175279.03469088022,197188.5882187975,124324.17030172743,205698.80106688768,102178.39273011373,137586.3041557035
2024-02-05,196182.33843007404,103757.87667129221,93164.07326158357,92524.78644798836,153096.0186963025,151981.97446367654,172979.54597883936,198840.7413454688,124324.17030172743,205698.80106688768,101779.572066867,136875.47157996218
2024-02-06,196182.33843007404,103757.87667129221,93122.51832407381,92407.67362218177,154408.21196855063,154102.96668699288,175502.9520173307,197736.3957426283,123326.24235613542,204432.9655871991,101779.572066867,136875.47157996218
2024-02-07,196182.33843007404,103757.87667129221,93122.51832407381,90657.50383427323,154408.21196855063,154102.96668699288,175502.9520173307,197736.3957426283,123167.49768384102,204432.9655871991,101779.572066867,136875.47157996218
2024-02-08,196182.33843007404,103757.87667129221,93122.51832407381,90657.50383427323,154408.21196855063,154102.96668699288,175502.9520173307,197736.3957426283,128091.13665941493,204432.9655871991,101779.572066867,142009.02476292747
2024-02-09,200871.60077560716,106168.90077241237,96429.60173572834,90657.50383427323,154408.21196855063,154102.96668699288,175502.9520173307,202568.79547198853,128091.13665941493,204432.9655871991,101779.572066867,141473.38258634481
2024-02-12,208296.35748909923,109932.43599207612,96960.97077926988,90657.50383427323,154408.21196855063,154102.96668699288,175502.9520173307,213539.30890372547,128091.13665941493,204432.9655871991,101779.572066867,141473.38258634481
2024-02-13,206181.45267444145,108201.78107145865,95929.38805670718,90201.48010033571,154408.21196855063,154102.96668699288,175502.9520173307,211406.53493672895,127562.68116981784,204432.9655871991,101444.44128905644,140434.3361212817
2024-02-14,206181.45267444145,108201.78107145865,95929.38805670718,90201.48010033571,154408.21196855063,154102.96668699288,175502.9520173307,211406.53493672895,127562.68116981784,204432.9655871991,105332.8943877424,140434.3361212817
2024-02-15,206181.45267444145,108201.78107145865,96557.3439835706,90201.48010033571,152817.42347715612,153853.0801678734,174472.07820086007,210162.59586642278,127562.68116981784,204432.9655871991,112011.56226640077,140434.3361212817
2024-02-16,211250.39882370114,108201.78107145865,96141.83890110326,90201.48010033571,157813.83243298504,153853.0801678734,174472.07820086007,213379.04694765873,127562.68116981784,204432.9655871991,112011.56226640077,140434.3361212817
2024-02-20,211250.39882370114,108201.78107145865,96141.83890110326,90201.48010033571,156601.58125692952,153853.0801678734,174472.07820086007,213379.04694765873,126515.52395424613,204432.9655871991,110159.4529363377,140434.3361212817
2024-02-21,209886.3775367416,105996.64367170965,95940.44350765832,87230.47145163814,156601.58125692952,153853.0801678734,174472.07820086007,210395.53949439176,126278.07120719053,202372.71853880215,109629.1727779725,140434.3361212817
2024-02-22,209886.3775367416,105996.64367170965,95497.61650015338,87230.47145163814,156601.58125692952,153853.0801678734,174227.44234289715,209905.44049915293,126278.07120719053,202372.71853880215,113690.8976220785,140434.3361212817
2024-02-23,209886.3775367416,105996.64367170965,95497.61650015338,87592.30237347116,156601.58125692952,153853.0801678734,174227.44234289715,209905.44049915293,126220.92726909523,202372.71853880215,121597.8825854977,140434.3361212817
2024-02-26,213778.8928396368,108554.04839702064,100758.45995855183,87592.30237347116,156601.58125692952,153853.0801678734,174227.44234289715,213700.86168633614,126220.92726909523,218148.50333677317,121597.8825854977,140434.3361212817
2024-02-27,215445.99905685039,110962.88865843744,100758.45995855183,87592.30237347116,162706.89054664702,153853.0801678734,174227.44234289715,211509.28657792773,126220.92726909523,217370.10104763915,121045.12002985697,140434.3361212817
2024-02-28,211903.0312923799,109694.0542207034,100758.45995855183,90519.62189372529,162148.2179135045,153853.0801678734,174227.44234289715,209626.22088232578,129619.56476793058,221238.02868994742,120430.61446923685,140434.3361212817
2024-02-29,211903.0312923799,111050.49768280628,103678.82194391578,90022.97948219912,162148.2179135045,155993.6745510515,170109.8052180251,209626.22088232578,129619.56476793058,221238.02868994742,120430.61446923685,140434.3361212817
2024-03-01,211903.0312923799,111050.49768280628,103678.82194391578,89863.72016564674,162148.2179135045,155993.6745510515,170109.8052180251,212372.79731082133,129619.56476793058,229499.1661062442,120430.61446923685,140434.3361212817
2024-03-04,211903.0312923799,114501.14319845525,103678.82194391578,92057.50578347195,162148.2179135045,160350.89499354802,174871.1680029133,216554.79546275394,129619.56476793058,229499.1661062442,129384.66449335098,140434.3361212817
2024-03-05,211903.0312923799,113635.69980417354,103035.06140189394,92057.50578347195,162148.2179135045,160350.89499354802,174871.1680029133,214900.9261676522,129619.56476793058,232670.21126760455,129070.4860910316,139588.77057591107
2024-03-06,211903.0312923799,112669.0949710281,105427.64705405789,92057.50578347195,162148.2179135045,158779.66957840257,173082.8647524694,224142.76302598187,129619.56476793058,232670.21126760455,128416.58144063942,139588.77057591107
2024-03-07,211903.0312923799,113995.53927607677,105427.64705405789,92057.50578347195,162148.2179135045,158999.25228379975,173082.8647524694,224142.76302598187,129619.56476793058,232670.21126760455,128416.58144063942,139088.66194842177
2024-03-08,211903.0312923799,113995.53927607677,105011.28251590597,92057.50578347195,162148.2179135045,158999.25228379975,173082.8647524694,231077.69960030037,129619.56476793058,232670.21126760455,127930.46213900302,139088.66194842177
2024-03-11,211903.0312923799,113995.53927607677,105011.28251590597,91051.18363430392,162148.2179135045,158999.25228379975,173082.8647524694,231077.69960030037,128609.79969440341,229355.70477942823,127479.61163955153,139088.66194842177
2024-03-12,211903.0312923799,113995.53927607677,103923.54589723835,91051.18363430392,162148.2179135045,158999.25228379975,173082.8647524694,231077.69960030037,128609.79969440341,229355.70477942823,127479.61163955153,139088.66194842177
2024-03-13,214913.15174160962,113995.53927607677,103923.54589723835,91051.18363430392,167494.39341459435,158999.25228379975,173082.8647524694,233584.8489410324,128609.79969440341,229355.70477942823,127479.61163955153,138659.70943302807
2024-03-14,213419.70627718643,113995.53927607677,103304.51207324794,91393.29002873268,167494.39341459435,158999.25228379975,173082.8647524694,232340.94828167307,127806.26656306563,229355.70477942823,127082.40396659322,138353.1978891712
2024-03-15,213419.70627718643,113995.53927607677,103058.92600738828,91393.29002873268,167007.06907512248,163053.86727745103,176844.43553087505,230457.42251119466,127806.26656306563,229355.70477942823,126387.38761117679,138353.1978891712
2024-03-18,213419.70627718643,112993.45107404966,103058.92600738828,91393.29002873268,167007.06907512248,163053.86727745103,176844.43553087505,229264.38533457747,127806.26656306563,238130.70952923034,125940.25024472446,137914.0490458409
2024-03-19,213419.70627718643,112993.45107404966,103058.92600738828,91393.29002873268,166532.20495546277,163053.86727745103,176844.43553087505,229264.38533457747,127806.26656306563,238130.70952923034,124892.18319854325,137516.180794807
2024-03-20,213419.70627718643,112320.46327492608,103058.92600738828,91393.29002873268,166532.20495546277,163053.86727745103,176844.43553087505,229264.38533457747,127806.26656306563,238130.70952923034,125538.39269059795,137516.180794807
2024-03-21,213419.70627718643,112320.46327492608,103058.92600738828,91393.29002873268,166532.20495546277,163053.86727745103,176844.43553087505,233653.59183143813,127806.26656306563,241412.09186577945,125538.39269059795,137516.180794807
2024-03-22,211521.60844570625,112021.11665824182,103058.92600738828,91393.29002873268,166532.20495546277,163053.86727745103,176844.43553087505,233653.59183143813,127806.26656306563,240334.0409254062,125538.39269059795,137516.180794807
2024-03-25,211521.60844570625,112021.11665824182,103058.92600738828,91009.58463776571,166532.20495546277,164090.07622983906,176844.43553087505,232955.41699835376,127806.26656306563,240334.0409254062,129079.31486784878,137516.180794807
2024-03-26,211521.60844570625,112021.11665824182,103058.92600738828,91009.58463776571,166532.20495546277,164090.07622983906,176844.43553087505,232955.41699835376,127500.9484616338,240334.0409254062,129079.31486784878,137516.180794807
2024-03-27,211521.60844570625,111910.35711581247,103058.92600738828,91009.58463776571,167631.91458670725,164090.07622983906,176844.43553087505,231104.65443480635,126903.17222774768,247209.08153117838,133304.59047176922,137516.180794807
2024-03-28,211521.60844570625,111910.35711581247,103058.92600738828,91009.58463776571,167631.91458670725,164090.07622983906,176844.43553087505,231104.65443480635,131972.77445060248,247209.08153117838,132446.0542518538,137516.180794807
2024-04-01,211521.60844570625,111910.35711581247,103058.92600738828,91009.58463776571,167631.91458670725,164090.07622983906,176844.43553087505,231104.65443480635,131972.77445060248,247209.08153117838,131380.0420003271,137516.180794807
2024-04-02,215728.99676266775,111910.35711581247,103058.92600738828,91009.58463776571,166693.3980036097,164090.07622983906,176844.43553087505,229088.96876184634,131972.77445060248,245028.37241371314,130179.67434826,137516.180794807
2024-04-03,215728.99676266775,111910.35711581247,103058.92600738828,91009.58463776571,166693.3980036097,164090.07622983906,176844.43553087505,229088.96876184634,131363.00968989826,245028.37241371314,129571.93892307655,141400.24634811352
2024-04-04,215728.99676266775,111910.35711581247,103058.92600738828,91009.58463776571,166693.3980036097,164090.07622983906,176844.43553087505,229088.96876184634,131168.41377814222,243846.67365135308,129522.92051122295,141197.7897341969
2024-04-05,215728.99676266775,111645.74496939225,103058.92600738828,91009.58463776571,166693.3980036097,164090.07622983906,176844.43553087505,229088.96876184634,131168.41377814222,243846.67365135308,129522.92051122295,141197.7897341969
2024-04-08,215728.99676266775,111645.74496939225,103058.92600738828,92764.71500160446,166693.3980036097,164090.07622983906,176844.43553087505,229088.96876184634,131168.41377814222,243846.67365135308,129522.92051122295,141929.7919464085
2024-04-09,215728.99676266775,111645.74496939225,103058.92600738828,92764.71500160446,166607.05774328232,164090.07622983906,180122.9499787914,229088.96876184634,131168.41377814222,243846.67365135308,129064.02344059061,141857.09410938915
2024-04-10,215728.99676266775,111645.74496939225,102728.75786860238,92124.12683160833,166174.92781462625,163249.04941636752,179342.70773868632,229088.96876184634,130998.91707519148,242605.14576561385,128128.55838926218,141421.38903845075
2024-04-11,215728.99676266775,111645.74496939225,102728.75786860238,92124.12683160833,166174.92781462625,163249.04941636752,179342.70773868632,229088.96876184634,130998.91707519148,242605.14576561385,127148.94247687355,141421.38903845075
2024-04-12,211280.1362536875,111645.74496939225,102345.84473985195,92188.27456601945,164453.34377859728,162559.60358920723,178522.4540176478,224478.6783007505,130998.91707519148,239372.34558757753,126174.35292124328,141106.0020695761
2024-04-15,211280.1362536875,111295.16724723305,101785.49671414647,92009.20610254207,164453.34377859728,162189.5806881477,178082.2270273509,222727.7997312675,130168.01974728295,235906.97027504287,123798.96422056902,140677.22589998198
2024-04-16,209060.8533059875,109841.06175465825,101785.49671414647,90629.75110521831,163555.7821868735,162189.5806881477,176795.2725965482,219407.3152807959,129881.45740387587,233052.7280558197,121598.59807807316,140295.15307824008
2024-04-17,207708.22584553764,108738.61842937612,100720.38419741738,89891.8354427272,162291.35566564446,162189.5806881477,176795.2725965482,218598.25582214093,129786.19415442931,233052.7280558197,120318.84126850564,139558.72939932908
2024-04-18,207708.22584553764,108738.61842937612,99219.45440267147,89891.8354427272,161355.09436971697,163692.04351215495,175589.89240937372,217829.52888781717,129786.19415442931,232736.38450993405,119763.93227932286,139558.72939932908
2024-04-19,205707.11889800325,106900.69453660834,98883.7915745859,89891.8354427272,161355.09436971697,164232.00807538858,175976.18765139172,214505.28895441533,129786.19415442931,232736.38450993405,119409.6963940889,139558.72939932908
2024-04-22,205707.11889800325,106900.69453660834,98402.97891093671,89891.8354427272,161355.09436971697,163858.65293596423,175531.996200349,213723.97624488868,129786.19415442931,232736.38450993405,119409.6963940889,139558.72939932908
2024-04-23,203561.87079797144,106900.69453660834,98402.97891093671,89891.8354427272,167556.51695388832,163858.65293596423,173717.836750434,213723.97624488868,129786.19415442931,232736.38450993405,119409.6963940889,139558.72939932908
2024-04-24,203561.87079797144,109234.6652176684,102236.86837710564,89891.8354427272,166739.55737018882,163858.65293596423,173717.836750434,219953.9838825902,129786.19415442931,232736.38450993405,119409.6963940889,139558.72939932908
2024-04-25,203561.87079797144,109234.6652176684,102236.86837710564,89891.8354427272,166177.79067142162,163858.65293596423,173717.836750434,219762.45424068297,128227.1809062209,232736.38450993405,119409.6963940889,139558.72939932908
2024-04-26,209521.72991208173,109234.6652176684,102236.86837710564,89891.8354427272,165396.37604781904,162005.89722706145,171774.67717083055,218886.35818244857,128227.1809062209,232736.38450993405,119409.6963940889,139558.72939932908
2024-04-29,209521.72991208173,109234.6652176684,102236.86837710564,89891.8354427272,165396.37604781904,162005.89722706145,171774.67717083055,218886.35818244857,128227.1809062209,232736.38450993405,119409.6963940889,139558.72939932908
2024-04-30,209521.72991208173,109234.6652176684,102236.86837710564,89891.8354427272,165396.37604781904,162177.13957110734,171398.16368952987,216619.3171017877,129095.15584085375,232736.38450993405,119409.6963940889,140536.59882088634
2024-05-01,205469.36616227814,109234.6652176684,102012.13902189815,89245.2533943571,168616.15119765344,162177.13957110734,170827.9932243832,220583.04269597935,128181.96814986062,230869.3439216593,119409.6963940889,139590.36076256662
2024-05-02,205469.36616227814,109234.6652176684,102012.13902189815,89245.2533943571,168616.15119765344,162177.13957110734,170827.9932243832,220583.04269597935,128181.96814986062,229658.8366269054,119409.6963940889,139590.36076256662
2024-05-03,205469.36616227814,109234.6652176684,102012.13902189815,89245.2533943571,168616.15119765344,162177.13957110734,170827.9932243832,220583.04269597935,128477.9253723781,229658.8366269054,119409.6963940889,139590.36076256662
2024-05-06,205469.36616227814,109234.6652176684,102012.13902189815,89245.2533943571,168616.15119765344,162177.13957110734,170827.9932243832,220583.04269597935,128477.9253723781,229658.8366269054,119409.6963940889,139590.36076256662
2024-05-07,205469.36616227814,108937.81129754984,102012.13902189815,89245.2533943571,169498.92512825484,162177.13957110734,170827.9932243832,220583.04269597935,128477.9253723781,229658.8366269054,119409.6963940889,139590.36076256662
2024-05-08,197118.90160955227,103793.83442268953,102012.13902189815,89245.2533943571,169498.92512825484,160782.75770050165,169389.7230439727,220583.04269597935,128477.9253723781,235157.4083756634,119409.6963940889,139590.36076256662
2024-05-09,197118.90160955227,103793.83442268953,104764.57195079123,89245.2533943571,169498.92512825484,160782.75770050165,169389.7230439727,222479.2403588334,128686.60184103745,234011.62842619454,119409.6963940889,145035.1944691478
2024-05-10,197118.90160955227,103793.83442268953,104764.57195079123,89245.2533943571,179844.38969958655,160782.75770050165,169389.7230439727,222479.2403588334,128686.60184103745,229649.68631787846,126039.14925659141,145035.1944691478
2024-05-13,197118.90160955227,103793.83442268953,103842.35310855147,89245.2533943571,179728.64910257392,162275.9427004343,170210.96766758544,220195.45820428873,128686.60184103745,229649.68631787846,125981.967856586,143939.14358968867
2024-05-14,197118.90160955227,103793.83442268953,103842.35310855147,89245.2533943571,179728.64910257392,162275.9427004343,170210.96766758544,220195.45820428873,128686.60184103745,229649.68631787846,131093.5086976554,143939.14358968867
2024-05-15,197118.90160955227,102662.76139126063,103842.35310855147,89245.2533943571,179728.64910257392,162275.9427004343,170210.96766758544,220195.45820428873,133261.63639040486,229649.68631787846,131093.5086976554,143939.14358968867
2024-05-16,201554.6234424365,103676.04068749685,103842.35310855147,89245.2533943571,179623.3920068847,162275.9427004343,170210.96766758544,220195.45820428873,133261.63639040486,227275.05113145747,131093.5086976554,143939.14358968867
2024-05-17,201554.6234424365,103676.04068749685,106776.06039547428,88706.45751303078,179623.3920068847,162275.9427004343,170210.96766758544,220195.45820428873,133261.63639040486,231488.12554948335,131093.5086976554,143939.14358968867
2024-05-20,201554.6234424365,103676.04068749685,106612.32649927387,88706.45751303078,185955.967656856,162275.9427004343,170210.96766758544,220195.45820428873,133261.63639040486,231488.12554948335,131093.5086976554,143939.14358968867
2024-05-21,201554.6234424365,103676.04068749685,107101.6465596079,88706.45751303078,185955.967656856,162275.9427004343,170210.96766758544,220195.45820428873,132416.0032236295,231488.12554948335,131093.5086976554,143746.43169155385
2024-05-22,203685.3742161809,103676.04068749685,106672.21857028695,88706.45751303078,185056.99234053976,162275.9427004343,170210.96766758544,221096.9112363364,132416.0032236295,235536.09689883474,131093.5086976554,143522.09165924552
2024-05-23,207372.19652177437,103676.04068749685,109361.69553138422,88038.01232870862,184586.1886200743,162275.9427004343,170210.96766758544,227615.8379532761,133758.09978402875,234091.6515281229,130956.87530504169,143522.09165924552
2024-05-24,207372.19652177437,103676.04068749685,109361.69553138422,88458.16793479098,184586.1886200743,162275.9427004343,170210.96766758544,227615.8379532761,133549.51777348988,234091.6515281229,130956.87530504169,143522.09165924552
2024-05-28,205279.9228493932,103676.04068749685,109334.06476960133,87760.8181771034,184586.1886200743,161305.00784763094,170210.96766758544,227615.8379532761,133549.51777348988,234091.6515281229,130901.69007635528,142554.4718805756
2024-05-29,205279.9228493932,103676.04068749685,107887.81030302294,91081.50111164353,184070.09202814897,161305.00784763094,170210.96766758544,239281.51088155954,132970.19007282515,234091.6515281229,130448.12398831165,145335.12132764165
2024-05-30,205279.9228493932,103676.04068749685,107887.81030302294,91081.50111164353,183038.7987174144,161305.00784763094,170210.96766758544,232104.6446193986,132970.19007282515,234091.6515281229,130448.12398831165,145335.12132764165
2024-05-31,205279.9228493932,103676.04068749685,107887.81030302294,90705.98414353655,180326.50702055942,161305.00784763094,170210.96766758544,224009.47826069887,132970.19007282515,234091.6515281229,135212.75007672686,145335.12132764165
2024-06-03,205279.9228493932,103676.04068749685,107801.74576342927,93949.18069084636,178299.0983309383,161305.00784763094,170210.96766758544,222544.40209898137,132970.19007282515,234091.6515281229,134672.03856490692,145335.12132764165
2024-06-04,205279.9228493932,102508.7153922045,107658.3871542915,93949.18069084636,177792.57887522262,161305.00784763094,170210.96766758544,222544.40209898137,132970.19007282515,238292.5990994976,133178.15034392322,144231.24523835527
2024-06-05,211402.92411699193,102508.7153922045,107658.3871542915,93949.18069084636,176083.28776704255,161305.00784763094,170210.96766758544,219332.9551790175,132970.19007282515,236934.444110784,133178.15034392322,144231.24523835527
2024-06-06,215675.89100220156,102508.7153922045,107658.3871542915,93949.18069084636,176083.28776704255,161305.00784763094,170210.96766758544,219332.9551790175,132970.19007282515,236934.444110784,133178.15034392322,144231.24523835527
2024-06-07,215675.89100220156,102508.7153922045,107231.76847215943,93949.18069084636,176083.28776704255,161305.00784763094,170210.96766758544,219332.9551790175,132514.84503878033,236934.444110784,132129.17176037628,144088.747336962
2024-06-10,215675.89100220156,102508.7153922045,107231.76847215943,93403.78921244948,174981.41074047404,160811.91594197866,169729.93602062727,219332.9551790175,130875.09277268447,234755.40263268005,131057.07911956197,143906.18421216524
2024-06-11,215675.89100220156,102508.7153922045,107231.76847215943,93403.78921244948,174566.7245929243,160146.348886127,169291.424506234,219332.9551790175,130875.09277268447,234755.40263268005,130800.46553722938,143906.18421216524
2024-06-12,215675.89100220156,102508.7153922045,111280.34843795515,93403.78921244948,174566.7245929243,160146.348886127,169291.424506234,219332.9551790175,130875.09277268447,243984.29061368282,130800.46553722938,143906.18421216524
2024-06-13,215675.89100220156,101670.5476706071,110147.33301344093,93403.78921244948,174566.7245929243,160146.348886127,169291.424506234,219332.9551790175,130875.09277268447,244151.70641447773,130800.46553722938,146363.48772134067
2024-06-14,215675.89100220156,101670.5476706071,108719.37126124019,93333.28894243902,174566.7245929243,160146.348886127,169291.424506234,219332.9551790175,130875.09277268447,243298.29286764807,129448.98930946211,145089.71773207796
2024-06-17,215675.89100220156,101071.43207405932,108872.97869810782,93333.28894243902,174566.7245929243,158926.4937319011,167576.3000632478,219332.9551790175,130550.0208122617,243298.29286764807,129008.70195622336,144073.9945213473
2024-06-18,215675.89100220156,101071.43207405932,108872.97869810782,93333.28894243902,174566.7245929243,158926.4937319011,167576.3000632478,219332.9551790175,130550.0208122617,243298.29286764807,129008.70195622336,144073.9945213473
2024-06-20,215675.89100220156,101071.43207405932,108872.97869810782,97429.7909491646,174566.7245929243,158926.4937319011,167576.3000632478,219332.9551790175,130550.0208122617,243298.29286764807,129008.70195622336,144073.9945213473
2024-06-21,215675.89100220156,101071.43207405932,108694.26059231508,97429.7909491646,174566.7245929243,158926.4937319011,167576.3000632478,219332.9551790175,130017.69550270274,243298.29286764807,128393.75665149173,143387.23754200106
2024-06-24,215675.89100220156,99613.11143693808,108694.26059231508,97429.7909491646,174566.7245929243,157986.30049290406,166254.38212918164,219332.9551790175,130017.69550270274,243298.29286764807,128393.75665149173,143387.23754200106
2024-06-25,215675.89100220156,99613.11143693808,108694.26059231508,97429.7909491646,174566.7245929243,157986.30049290406,169592.83790358165,227485.28927731892,130017.69550270274,243298.29286764807,128296.6589646099,143387.23754200106
2024-06-26,215675.89100220156,99613.11143693808,108694.26059231508,97429.7909491646,174149.81629317766,157577.46748908598,169106.43740704612,227485.28927731892,129969.63265465846,243298.29286764807,128102.3677668613,143039.2413378772
2024-06-27,214312.24256683732,99613.11143693808,108694.26059231508,96348.37794541942,174149.81629317766,157577.46748908598,169106.43740704612,227485.28927731892,129834.49458150628,240902.10719144097,126596.05347955482,143039.2413378772
2024-06-28,214312.24256683732,99613.11143693808,108694.26059231508,96348.37794541942,174149.81629317766,156657.62554688804,168500.39586768608,227485.28927731892,129834.49458150628,240902.10719144097,126538.35351796391,143039.2413378772
2024-07-01,213414.2510510135,99613.11143693808,108019.46489778504,95359.76977889247,174149.81629317766,156657.62554688804,168500.39586768608,227485.28927731892,129834.49458150628,240538.7475827367,126538.35351796391,143039.2413378772
2024-07-02,213414.2510510135,99613.11143693808,108019.46489778504,95359.76977889247,174149.81629317766,156657.62554688804,168500.39586768608,227485.28927731892,129627.75895192307,240538.7475827367,125632.76284453511,143039.2413378772
2024-07-03,213414.2510510135,99613.11143693808,108019.46489778504,95359.76977889247,174149.81629317766,156657.62554688804,168500.39586768608,227485.28927731892,129627.75895192307,238409.4866934386,125632.76284453511,143039.2413378772
2024-07-05,213414.2510510135,99613.11143693808,108019.46489778504,95359.76977889247,174149.81629317766,156262.4340399817,168240.02236415213,227485.28927731892,129627.75895192307,238409.4866934386,125632.76284453511,142256.19219629336
2024-07-08,213414.2510510135,98584.3506697775,108019.46489778504,94958.3467243357,181210.460548824,156905.45310727193,168836.56771735186,236065.97948992718,129627.75895192307,238409.4866934386,125047.81356210828,142256.19219629336
2024-07-09,213414.2510510135,98396.46451810091,107640.91074754305,94958.3467243357,181210.460548824,156905.45310727193,168836.56771735186,236065.97948992718,129627.75895192307,238409.4866934386,124890.13292021978,141883.18141818338
2024-07-10,213414.2510510135,97603.21324316399,107640.91074754305,94958.3467243357,181210.460548824,156905.45310727193,167957.4023647506,235487.0959210986,129627.75895192307,238409.4866934386,123863.1767182955,141883.18141818338
2024-07-11,211230.60060218355,96460.0368861764,107640.91074754305,94958.3467243357,181210.460548824,156905.45310727193,167957.4023647506,235487.0959210986,129627.75895192307,236132.97100805148,123863.1767182955,141883.18141818338
2024-07-12,211230.60060218355,95162.00310877433,107640.91074754305,94958.3467243357,181210.460548824,156905.45310727193,167957.4023647506,235487.0959210986,131725.73875399982,236132.97100805148,123863.1767182955,141883.18141818338
2024-07-15,216544.59535321986,98070.64860518822,107640.91074754305,98457.18663667537,181210.460548824,160203.47285165478,166479.0493377541,238635.28235132055,131725.73875399982,236132.97100805148,123863.1767182955,141883.18141818338
2024-07-16,216544.59535321986,98070.64860518822,111661.36692230417,98457.18663667537,185991.25372880924,162379.77347433852,169068.2573850453,238635.28235132055,131725.73875399982,236132.97100805148,123863.1767182955,141883.18141818338
2024-07-17,215037.07483979684,98070.64860518822,110183.17400908185,98457.18663667537,183690.59847856392,162379.77347433852,169068.2573850453,238635.28235132055,131725.73875399982,236132.97100805148,123900.68223884274,141883.18141818338
2024-07-18,211317.7809200046,97359.85004400196,109716.25581321091,98457.18663667537,183690.59847856392,161218.64729010756,167502.8060291197,236374.71709089796,131412.57910295462,233638.12519377717,123225.98143172388,141883.18141818338
2024-07-19,210768.86010071394,97359.85004400196,109716.25581321091,98457.18663667537,183583.53387496978,160538.7137664585,166693.86937179146,236374.71709089796,131114.30206191237,233638.12519377717,126401.40390422917,141883.18141818338
2024-07-22,210768.86010071394,98652.72914599926,109716.25581321091,101869.85280637031,183082.37693949192,159821.95393171735,165841.11938277647,236374.71709089796,131114.30206191237,233638.12519377717,126401.40390422917,141883.18141818338
2024-07-23,210768.86010071394,98118.31311092395,109716.25581321091,101869.85280637031,190258.3111383418,164640.17715623,170311.10918786054,252855.98803790874,131114.30206191237,233638.12519377717,125903.30010819227,141883.18141818338
2024-07-24,210768.86010071394,97075.29736038604,108851.46879609389,101869.85280637031,188897.13789383846,166467.8076305333,172538.56277446685,251844.75604570657,131114.30206191237,231231.73659280455,124942.87866086085,141218.08911671056
2024-07-25,212219.4565231854,97075.29736038604,107024.27712259804,101869.85280637031,186043.2790475646,166467.8076305333,172538.56277446685,250450.1305797185,135835.75923527605,227843.9417907988,124502.11715727572,140707.14750544482
2024-07-26,212219.4565231854,96386.81850144407,107024.27712259804,101869.85280637031,186043.2790475646,166636.775439028,173075.22428929762,247989.6878184284,135835.75923527605,227843.9417907988,124502.11715727572,140707.14750544482
2024-07-29,212219.4565231854,96386.81850144407,107024.27712259804,101869.85280637031,186043.2790475646,166636.775439028,173174.64844542975,247989.6878184284,135835.75923527605,227843.9417907988,124502.11715727572,140707.14750544482
2024-07-30,217338.47084708215,96386.81850144407,114046.54849818711,101869.85280637031,184911.74572222674,166636.775439028,173174.64844542975,247989.6878184284,135835.75923527605,226954.26170295043,123734.303443905,140707.14750544482
2024-07-31,217338.47084708215,96386.81850144407,114046.54849818711,101869.85280637031,184453.98554705887,171087.72734754323,177863.8671268872,247989.6878184284,136485.36407403342,226954.26170295043,123584.88039338251,140707.14750544482
2024-08-01,225800.9820958646,95877.90393331731,113527.97125920479,101869.85280637031,183633.73661860768,171087.72734754323,177863.8671268872,254446.86971852693,136485.36407403342,224989.99835140933,128535.76804254441,146471.58362768815
2024-08-02,215221.92244724094,92770.88048531169,110299.52903171508,99003.08850259159,179579.44804377222,171087.72734754323,177863.8671268872,244831.2875189098,133292.42905931457,220260.2210337913,132121.08684332125,144238.81327758118
2024-08-05,206452.69548592457,87933.50807653595,105226.94759595758,97539.98275374898,171722.410865423,167973.73829566705,174568.39209809602,235800.09694886455,132471.52611194807,206298.23272623896,128436.09213437435,142180.21097706188
2024-08-06,206452.69548592457,87933.50807653595,105226.94759595758,97539.98275374898,171722.410865423,167973.73829566705,174568.39209809602,235800.09694886455,132108.42374435245,206298.23272623896,128436.09213437435,142180.21097706188
2024-08-07,206452.69548592457,87933.50807653595,104719.0378802536,95891.07348021977,169941.84279214597,167973.73829566705,174568.39209809602,235586.85976432113,134756.4452113458,206298.23272623896,128436.09213437435,142180.21097706188
2024-08-08,206452.69548592457,87933.50807653595,104719.0378802536,95891.07348021977,169125.38595526764,167973.73829566705,174568.39209809602,235586.85976432113,134756.4452113458,203791.07131896925,128436.09213437435,142180.21097706188
2024-08-09,206452.69548592457,87933.50807653595,112686.27305063506,94772.31831402489,168823.22459542114,166308.5673683078,172837.8465121787,253440.412190872,134133.78655315487,211931.88961179843,128436.09213437435,142180.21097706188
2024-08-12,204854.82886276656,86546.8606774627,112325.25380970813,94459.35922891932,168823.22459542114,165008.51347771558,171486.7524684057,253440.412190872,134133.78655315487,211931.88961179843,128436.09213437435,141078.2281044502
2024-08-13,204854.82886276656,86546.8606774627,112325.25380970813,94459.35922891932,168823.22459542114,165008.51347771558,171486.7524684057,253440.412190872,134133.78655315487,210766.14860746072,128436.09213437435,141078.2281044502
2024-08-14,204854.82886276656,86546.8606774627,112325.25380970813,94459.35922891932,168823.22459542114,165008.51347771558,171486.7524684057,253440.412190872,134133.78655315487,214960.05954580836,128135.08018682305,140745.00446381897
2024-08-15,204854.82886276656,86546.8606774627,115568.81395533872,94459.35922891932,168823.22459542114,165008.51347771558,171486.7524684057,253440.412190872,134133.78655315487,214960.05954580836,128135.08018682305,140745.00446381897
2024-08-16,204854.82886276656,86546.8606774627,119690.97380678031,94459.35922891932,168823.22459542114,168203.5086525566,175053.0630910107,253440.412190872,134133.78655315487,214960.05954580836,128135.08018682305,140745.00446381897
2024-08-19,204854.82886276656,86546.8606774627,119690.97380678031,94459.35922891932,168823.22459542114,168203.5086525566,175053.0630910107,253440.412190872,134133.78655315487,213417.64283891462,128135.08018682305,140745.00446381897
2024-08-20,204854.82886276656,86546.8606774627,119690.97380678031,94459.35922891932,168823.22459542114,168203.5086525566,175053.0630910107,253440.412190872,134133.78655315487,213417.64283891462,128135.08018682305,140745.00446381897
2024-08-21,204854.82886276656,86546.8606774627,119690.97380678031,94459.35922891932,168823.22459542114,168203.5086525566,175053.0630910107,253440.412190872,134133.78655315487,213417.64283891462,128135.08018682305,140745.00446381897
2024-08-22,204854.82886276656,86546.8606774627,119690.97380678031,94459.35922891932,168823.22459542114,168203.5086525566,175053.0630910107,253440.412190872,134133.78655315487,213417.64283891462,127567.536891953,140745.00446381897
2024-08-23,204854.82886276656,86546.8606774627,119690.97380678031,94459.35922891932,168823.22459542114,172435.63490095115,180824.94057727084,267026.1610145013,134133.78655315487,213417.64283891462,127567.536891953,140745.00446381897
2024-08-26,204854.82886276656,86546.8606774627,119690.97380678031,94459.35922891932,168823.22459542114,172435.63490095115,180824.94057727084,267026.1610145013,134133.78655315487,213417.64283891462,127004.42680335816,140745.00446381897
2024-08-27,204854.82886276656,86546.8606774627,119690.97380678031,95392.99444184914,168823.22459542114,172435.63490095115,180824.94057727084,267026.1610145013,134133.78655315487,213417.64283891462,127004.42680335816,140745.00446381897
2024-08-28,204854.82886276656,86546.8606774627,121957.48485698657,95392.99444184914,168823.22459542114,170937.68477726812,178987.87935888904,270072.5717223099,134133.78655315487,213417.64283891462,126323.53671961592,140745.00446381897
2024-08-29,204854.82886276656,88630.13237815477,121957.48485698657,95392.99444184914,168823.22459542114,170937.68477726812,178987.87935888904,267846.46360939235,134133.78655315487,213417.64283891462,126137.38149381882,140745.00446381897
2024-08-30,204854.82886276656,88630.13237815477,121957.48485698657,95392.99444184914,168823.22459542114,170937.68477726812,178987.87935888904,267846.46360939235,134133.78655315487,213417.64283891462,126137.38149381882,140745.00446381897
2024-09-03,204854.82886276656,88630.13237815477,121628.69424904721,95392.99444184914,168823.22459542114,170937.68477726812,178987.87935888904,267405.26192191057,134133.78655315487,211982.41160792083,125541.82699800111,140745.00446381897
2024-09-04,204854.82886276656,88630.13237815477,121628.69424904721,95313.54477129715,168823.22459542114,170937.68477726812,178987.87935888904,267405.26192191057,134133.78655315487,209636.9871501035,125541.82699800111,140745.00446381897
2024-09-05,204854.82886276656,88630.13237815477,120579.93628252103,95313.54477129715,168823.22459542114,170362.6178732217,178171.55378250784,267405.26192191057,137431.5465419182,209033.25559066772,124883.13935499014,140745.00446381897
2024-09-06,204854.82886276656,88630.13237815477,123295.18145946818,95313.54477129715,168823.22459542114,168718.07325900887,176451.62793940413,271051.6462761607,137431.5465419182,208438.28771310355,124156.93202551153,140745.00446381897
2024-09-09,209835.80564781904,90751.65838355057,122660.27868601095,95313.54477129715,168823.22459542114,168718.07325900887,176451.62793940413,274686.40646231855,137431.5465419182,207258.4685083316,124156.93202551153,140745.00446381897
2024-09-10,209835.80564781904,89911.11654206265,120495.77158057463,95313.54477129715,168823.22459542114,168718.07325900887,176451.62793940413,273389.6286566849,137431.5465419182,206556.2012682829,123772.23908427381,140745.00446381897
2024-09-11,209835.80564781904,89911.11654206265,119082.053312326,95905.7338997537,168823.22459542114,168718.07325900887,176451.62793940413,272949.619473252,137431.5465419182,204413.23183812958,123772.23908427381,143612.89170062673
2024-09-12,209835.80564781904,89911.11654206265,119082.053312326,95905.7338997537,168823.22459542114,168718.07325900887,176451.62793940413,272949.619473252,139162.02004379872,204413.23183812958,123772.23908427381,143612.89170062673
2024-09-13,209835.80564781904,89911.11654206265,119082.053312326,95905.7338997537,170828.21278705666,168718.07325900887,176451.62793940413,272949.619473252,139162.02004379872,204413.23183812958,123772.23908427381,143612.89170062673
2024-09-16,209835.80564781904,89366.84734857875,119082.053312326,96615.17647500928,170828.21278705666,168718.07325900887,176451.62793940413,272949.619473252,139162.02004379872,204413.23183812958,123772.23908427381,143612.89170062673
2024-09-17,209835.80564781904,89366.84734857875,123853.68584106116,96615.17647500928,170828.21278705666,168718.07325900887,176451.62793940413,281222.40364204184,141656.18526495915,204413.23183812958,123772.23908427381,149177.24974432235
2024-09-18,209835.80564781904,89366.84734857875,123853.68584106116,96615.17647500928,170828.21278705666,168718.07325900887,176451.62793940413,290724.2028086657,141656.18526495915,209312.6872484815,123772.23908427381,148647.40503998694
2024-09-19,209835.80564781904,89366.84734857875,123853.68584106116,96615.17647500928,170828.21278705666,168718.07325900887,176451.62793940413,290724.2028086657,141656.18526495915,209312.6872484815,123772.23908427381,148647.40503998694
2024-09-20,209835.80564781904,89366.84734857875,123853.68584106116,96615.17647500928,170828.21278705666,168718.07325900887,176451.62793940413,290724.2028086657,141656.18526495915,209312.6872484815,129344.78093493816,148575.9574445654
2024-09-23,214915.17694237918,89366.84734857875,123853.68584106116,96615.17647500928,170828.21278705666,168718.07325900887,176451.62793940413,297373.37425813836,141656.18526495915,209312.6872484815,129344.78093493816,147938.99149523373
2024-09-24,214915.17694237918,89136.8750082142,123853.68584106116,96615.17647500928,170828.21278705666,168718.07325900887,176451.62793940413,297373.37425813836,141656.18526495915,208784.50916812444,129344.78093493816,147859.042727722
2024-09-25,214915.17694237918,91147.76228210631,123853.68584106116,96615.17647500928,170828.21278705666,168718.07325900887,176451.62793940413,297373.37425813836,141656.18526495915,208784.50916812444,129344.78093493816,147813.3144277759
2024-09-26,214915.17694237918,91147.76228210631,129166.42346539581,96615.17647500928,170565.1128298059,168718.07325900887,176451.62793940413,297373.37425813836,141656.18526495915,208784.50916812444,131806.94196009036,147813.3144277759
2024-09-27,214915.17694237918,91147.76228210631,129166.42346539581,96615.17647500928,170565.1128298059,172599.78534519146,180485.7361538673,297373.37425813836,144705.2285659224,213738.95746765897,131806.94196009036,147813.3144277759
2024-09-30,214915.17694237918,91147.76228210631,129166.42346539581,96615.17647500928,170565.1128298059,172599.78534519146,180485.7361538673,297373.37425813836,144705.2285659224,211629.03502680003,131806.94196009036,147813.3144277759
2024-10-01,214915.17694237918,91147.76228210631,129114.74215041874,96615.17647500928,170565.1128298059,172599.78534519146,180485.7361538673,296895.91797761736,144705.2285659224,209478.3116706784,131713.64604741114,147767.0420370012
2024-10-02,214915.17694237918,91147.76228210631,129114.74215041874,96615.17647500928,170565.1128298059,172599.78534519146,180485.7361538673,296895.91797761736,150084.32460249215,209478.3116706784,131713.64604741114,147767.0420370012
2024-10-03,214915.17694237918,91147.76228210631,128361.68718877663,96615.17647500928,170565.1128298059,172599.78534519146,180485.7361538673,296895.91797761736,150084.32460249215,209478.3116706784,131713.64604741114,147767.0420370012
2024-10-04,216852.74574403727,91147.76228210631,130599.55686767209,96615.17647500928,177190.00129544403,174699.03950916964,182691.3830087944,304106.9801120965,149681.0460281611,209478.3116706784,131356.5008583679,147767.0420370012
2024-10-07,216852.74574403727,91079.20494696542,130599.55686767209,96615.17647500928,185279.69180134864,174699.03950916964,182691.3830087944,304106.9801120965,149681.0460281611,209478.3116706784,131356.5008583679,147767.0420370012
2024-10-08,216852.74574403727,91079.20494696542,130599.55686767209,96615.17647500928,184544.24486978227,171875.952685233,180375.18938026467,304106.9801120965,149681.0460281611,207473.70218813844,131356.5008583679,147767.0420370012
2024-10-09,217744.47266598413,93450.99123811912,130599.55686767209,96615.17647500928,184245.92619551948,171875.952685233,180375.18938026467,315671.8437348525,149681.0460281611,213682.93959735424,131224.06358876688,147690.47636551538
2024-10-10,217744.47266598413,93450.99123811912,130599.55686767209,96615.17647500928,183883.37489954644,166804.98295531818,175659.6398082674,313627.24579004815,149681.0460281611,213682.93959735424,131035.17028287653,147690.47636551538
2024-10-11,224148.6019495158,94827.36210142958,130599.55686767209,95846.3099155147,183883.37489954644,166804.98295531818,175659.6398082674,329149.4405760309,149681.0460281611,213682.93959735424,131035.17028287653,147690.47636551538
2024-10-14,224148.6019495158,94827.36210142958,130599.55686767209,95846.3099155147,183883.37489954644,166804.98295531818,175659.6398082674,329149.4405760309,149681.0460281611,213682.93959735424,131035.17028287653,147690.47636551538
2024-10-15,224148.6019495158,96781.03316951147,130599.55686767209,99495.67552922358,183883.37489954644,166804.98295531818,175659.6398082674,331345.56602666917,149681.0460281611,213682.93959735424,131035.17028287653,147630.57285760957
2024-10-16,224148.6019495158,96781.03316951147,130599.55686767209,99495.67552922358,183883.37489954644,166804.98295531818,175659.6398082674,331345.56602666917,149681.0460281611,213682.93959735424,131035.17028287653,147584.07963013242
2024-10-17,224148.6019495158,96781.03316951147,130599.55686767209,99495.67552922358,183883.37489954644,170007.7902270197,178979.24719283436,339675.9661386218,149681.0460281611,213682.93959735424,131035.17028287653,147584.07963013242
2024-10-18,224148.6019495158,96781.03316951147,130599.55686767209,99495.67552922358,183883.37489954644,170007.7902270197,178979.24719283436,339675.9661386218,149681.0460281611,213682.93959735424,131035.17028287653,147544.76589159167
2024-10-21,224148.6019495158,96781.03316951147,129556.77710308504,99495.67552922358,183883.37489954644,167566.96730474362,178375.56576470472,336460.06995528954,149681.0460281611,213682.93959735424,131035.17028287653,147544.76589159167
2024-10-22,224148.6019495158,96781.03316951147,129556.77710308504,99495.67552922358,183883.37489954644,167566.96730474362,178375.56576470472,336460.06995528954,149681.0460281611,219081.03776345763,130815.1945522717,147544.76589159167
2024-10-23,221849.48532060985,95345.15993683944,129097.33159851863,98386.63431655114,183014.6405288667,166555.57059970615,177214.24323247065,331921.2192841351,149681.0460281611,219081.03776345763,130682.83807303749,147544.76589159167
2024-10-24,221849.48532060985,95345.15993683944,129097.33159851863,102139.61810145059,181473.26802897232,166555.57059970615,177214.24323247065,329791.0236634055,149681.0460281611,218770.8791651713,130139.92155925752,146784.73278549578
2024-10-25,221849.48532060985,94506.63965456051,129097.33159851863,102139.61810145059,181473.26802897232,166555.57059970615,177214.24323247065,329791.0236634055,149681.0460281611,222755.97277406912,129955.57428699783,146784.73278549578
2024-10-28,220612.4665174715,94506.63965456051,130334.33203223394,103802.94653191505,185612.91170203127,164816.86560314483,175363.38627391803,329791.0236634055,149681.0460281611,222573.97189373735,129955.57428699783,146784.73278549578
2024-10-29,220612.4665174715,93299.77951344053,130334.33203223394,103802.94653191505,184627.45732720374,162794.49395099652,173261.61625247053,329791.0236634055,151779.4486826484,222573.97189373735,137070.59888827938,150911.83693370808
2024-10-30,224375.800550403,94080.0819742084,130334.33203223394,103802.94653191505,183836.5602364623,162794.49395099652,173261.61625247053,329791.0236634055,150745.22174032824,222573.97189373735,137070.59888827938,150911.83693370808
2024-10-31,235464.20148404082,93135.2427319624,130334.33203223394,103802.94653191505,180988.15488467884,161073.56095236735,171449.32944114465,329791.0236634055,150536.6782640966,220479.70807480626,135985.12066290327,149174.5082319207
2024-11-01,233792.93310618043,92474.19113659777,129968.27415143604,107437.97698256298,180369.85519723516,159621.70232382783,169920.40051334343,326770.66238207027,150536.6782640966,218914.7960340675,135953.47724140654,149374.5552833998
2024-11-04,232097.71135690797,91091.29108472574,129130.76576909861,106807.77214986357,178094.0481819006,164378.57962690317,174913.31378059296,326770.66238207027,150536.6782640966,218652.2375469796,135905.21774054,148787.95080629468
2024-11-05,235398.03196232673,92354.27616196462,134124.8686241351,106285.97406013278,184346.8667896371,164378.57962690317,174913.31378059296,326770.66238207027,150536.6782640966,218652.2375469796,141081.70586324527,148787.95080629468
2024-11-06,244214.3811092792,95080.57314377106,145190.8568912424,106285.97406013278,198899.96683796323,169098.89400484294,179717.4031758129,351620.3098838764,150536.6782640966,224513.50138789564,146466.716612317,148787.95080629468
2024-11-07,242928.1087113874,95080.57314377106,149764.79276950375,106285.97406013278,220623.54107112213,175315.08065698054,186363.24462686162,363475.3464402005,156146.26317019286,224513.50138789564,157482.95285950892,148787.95080629468
2024-11-08,242928.1087113874,95080.57314377106,155304.64959977806,107135.88626452783,221892.79156817571,175315.08065698054,186363.24462686162,371717.5212187469,156146.26317019286,233435.58440630583,156808.90678482354,148787.95080629468
2024-11-11,253767.78401800062,98314.59879463822,155304.64959977806,107135.88626452783,228243.01657614927,175315.08065698054,186363.24462686162,371717.5212187469,156146.26317019286,239487.235684931,158340.6321724157,154375.14919215997
2024-11-12,253767.78401800062,98314.59879463822,154395.25983734353,107135.88626452783,225550.0543827816,175315.08065698054,186363.24462686162,371717.5212187469,156146.26317019286,242608.23247676447,156538.6403541877,154231.24452058368
2024-11-13,253767.78401800062,98314.59879463822,154395.25983734353,106535.90565022836,223856.85547533608,175315.08065698054,186363.24462686162,370248.3319943098,156146.26317019286,246761.44195424105,155691.64380959832,154231.24452058368
2024-11-14,256406.71250634862,98314.59879463822,152287.32464590477,106535.90565022836,223349.0054409115,175315.08065698054,186363.24462686162,370709.762579003,155645.58340519405,243124.72517584884,160118.38358707185,154147.74940006435
2024-11-15,252636.27966009406,96944.70073131275,152171.22146407218,104595.34928547204,222638.73971684198,175315.08065698054,186363.24462686162,367789.84149359906,155645.58340519405,239388.0270248535,160118.38358707185,154045.28156505548
2024-11-18,250077.97317297416,95962.99589815695,150660.22837120353,104595.34928547204,221872.0140114465,175315.08065698054,186363.24462686162,365109.3539438118,155645.58340519405,239388.0270248535,158858.1315884252,153242.17518472244
2024-11-19,250077.97317297416,95962.99589815695,150660.22837120353,104595.34928547204,221872.0140114465,175315.08065698054,186363.24462686162,368310.05899056623,155564.01149190555,238710.04928654805,159992.90066324145,152851.37013904518
2024-11-20,250077.97317297416,95962.99589815695,150660.22837120353,104595.34928547204,221872.0140114465,175315.08065698054,186363.24462686162,368310.05899056623,155564.01149190555,238023.90080975604,159429.89471164052,152796.03027383477
2024-11-21,252605.4024408979,95962.99589815695,150660.22837120353,104595.34928547204,230468.07357791852,184106.91292933573,195485.97189282463,377577.4950982197,155564.01149190555,247503.66662857315,166321.7577739116,152796.03027383477
2024-11-22,252605.4024408979,96418.36778204035,151472.03820277896,104595.34928547204,230468.07357791852,184106.91292933573,195485.97189282463,377577.4950982197,155564.01149190555,247503.66662857315,166321.7577739116,152796.03027383477
2024-11-25,255709.26412794087,97795.32305715301,155584.93003090526,104595.34928547204,228499.70897703656,184106.91292933573,195485.97189282463,373948.9512299403,159342.47488585793,247503.66662857315,166321.7577739116,152796.03027383477
2024-11-26,260637.6613793668,101559.1875028318,154008.66779556524,104595.34928547204,233211.07336582558,184106.91292933573,195485.97189282463,370111.88993554935,159342.47488585793,252446.43835352935,166321.7577739116,152796.03027383477
2024-11-27,267203.9574205232,101559.1875028318,154008.66779556524,105640.06193692745,235588.6941580328,184106.91292933573,195485.97189282463,363137.7298201684,159342.47488585793,252446.43835352935,165184.09100142797,152796.03027383477
2024-11-29,267203.9574205232,101559.1875028318,154008.66779556524,105640.06193692745,235588.6941580328,184106.91292933573,195485.97189282463,363137.7298201684,161590.76895877603,252446.43835352935,164906.0365106248,152796.03027383477
2024-12-02,265376.95203509304,100847.28277837406,154008.66779556524,105476.40684507762,235524.76052604467,184106.91292933573,195485.97189282463,363137.7298201684,161590.76895877603,252446.43835352935,164906.0365106248,152796.03027383477
2024-12-03,265376.95203509304,102681.9984683519,154008.66779556524,105476.40684507762,234896.19610816456,184106.91292933573,195485.97189282463,363137.7298201684,161590.76895877603,250565.55531538272,163440.6215068772,152796.03027383477
2024-12-04,265376.95203509304,102681.9984683519,153679.37348872275,105476.40684507762,234896.19610816456,184106.91292933573,195485.97189282463,363137.7298201684,161590.76895877603,250565.55531538272,163440.6215068772,152796.03027383477
2024-12-05,275309.43734995753,107120.62796261467,153679.37348872275,105476.40684507762,234748.6419068317,184106.91292933573,195485.97189282463,363137.7298201684,165320.59842020902,250565.55531538272,163440.6215068772,152796.03027383477
2024-12-06,275309.43734995753,107120.62796261467,153679.37348872275,105476.40684507762,233249.43858205184,184106.91292933573,195485.97189282463,363137.7298201684,165320.59842020902,249692.10882728512,163440.6215068772,158909.286148719
2024-12-09,272463.93586527667,104961.07512982353,153679.37348872275,105476.40684507762,239321.42666642083,184106.91292933573,195485.97189282463,362376.1985440211,165320.59842020902,249692.10882728512,162688.58459650647,158276.0236242851
2024-12-10,275657.37626219314,103955.92246664003,152431.096193999,105084.26145447064,247490.4002342986,184106.91292933573,195485.97189282463,368754.91697157716,165055.98158944753,247813.38282673684,161777.8257587233,157847.01072016277
2024-12-11,275657.37626219314,103955.92246664003,152431.096193999,104812.37905341202,247490.4002342986,184106.91292933573,195485.97189282463,368754.91697157716,165055.98158944753,247813.38282673684,160929.96597967713,157847.01072016277
2024-12-12,275657.37626219314,103955.92246664003,151937.90761500516,104812.37905341202,246108.4405645119,184106.91292933573,195485.97189282463,368754.91697157716,168741.69597975607,247813.38282673684,160757.7628161353,157030.41046233787
2024-12-13,275657.37626219314,103955.92246664003,151937.90761500516,104812.37905341202,242874.9701835621,184106.91292933573,195485.97189282463,367281.41588577005,168574.71698946046,247813.38282673684,160757.7628161353,156363.6969832474
2024-12-16,272942.3416494009,102932.0284880758,151230.6718397039,104592.73183200318,242874.9701835621,184106.91292933573,195485.97189282463,362166.12506275513,168574.71698946046,247813.38282673684,160757.7628161353,156363.6969832474
2024-12-17,270422.6543015466,102669.1038339373,150723.6293607803,104592.73183200318,238992.31370827102,184106.91292933573,195485.97189282463,354818.93367891473,168341.88991972653,252860.00953633062,160757.7628161353,156321.11069145618
2024-12-18,263920.4795570585,99745.4642534369,149161.8806970788,102003.76827980352,237061.63766818345,184106.91292933573,195485.97189282463,344475.1823971679,165123.22477018653,250360.1963022395,158867.79961728564,155424.24007554314
2024-12-19,263920.4795570585,99745.4642534369,149161.8806970788,102003.76827980352,235369.58536873112,184106.91292933573,195485.97189282463,343446.5019565943,164753.26945407933,250360.1963022395,157571.72086463877,155424.24007554314
2024-12-20,263920.4795570585,99745.4642534369,147562.93005365905,102003.76827980352,233538.73586069467,182358.50211563444,193627.77019983245,341368.03577149543,163401.8737096103,250360.1963022395,156886.3072238447,155424.24007554314
2024-12-23,263920.4795570585,99745.4642534369,147562.93005365905,102003.76827980352,233538.73586069467,182358.50211563444,193627.77019983245,341368.03577149543,162954.64519526475,250360.1963022395,156156.54947682668,155041.08614784104
2024-12-24,263920.4795570585,99745.4642534369,147562.93005365905,102003.76827980352,233538.73586069467,182358.50211563444,193627.77019983245,341368.03577149543,162954.64519526475,252488.797698148,156156.54947682668,154345.87525590873
2024-12-26,263920.4795570585,99745.4642534369,147562.93005365905,102003.76827980352,233538.73586069467,182358.50211563444,193627.77019983245,341368.03577149543,162954.64519526475,252836.1414983354,156156.54947682668,154345.87525590873
2024-12-27,263920.4795570585,99745.4642534369,147562.93005365905,102003.76827980352,233538.73586069467,182358.50211563444,193627.77019983245,341368.03577149543,162954.64519526475,251873.5713411679,156156.54947682668,154286.53309128067
2024-12-30,263920.4795570585,99745.4642534369,146001.50697645452,102003.76827980352,229152.1233736786,182358.50211563444,193627.77019983245,341368.03577149543,162954.64519526475,253844.11385479194,156156.54947682668,153049.1437007935
2024-12-31,263920.4795570585,99745.4642534369,146001.50697645452,102003.76827980352,229152.1233736786,182358.50211563444,193627.77019983245,339460.00381828233,162954.64519526475,253844.11385479194,154542.69619760927,153049.1437007935
2025-01-02,263920.4795570585,99431.45866892376,145129.03248155557,100954.70923837715,229152.1233736786,182358.50211563444,193627.77019983245,338610.50470964634,162954.64519526475,251124.25520454798,154138.1998935549,152991.81212441105
2025-01-03,263920.4795570585,99431.45866892376,145129.03248155557,100426.1569205013,225674.50640290682,182358.50211563444,193627.77019983245,336464.92072001327,162954.64519526475,251124.25520454798,154138.1998935549,152991.81212441105
2025-01-06,263920.4795570585,99431.45866892376,145129.03248155557,100426.1569205013,223776.31360582754,180957.2215923967,192136.3921907435,336464.92072001327,162954.64519526475,251124.25520454798,154138.1998935549,152991.81212441105
2025-01-07,267081.9158832681,99431.45866892376,144748.07447782962,100426.1569205013,220457.42683049713,180957.2215923967,192136.3921907435,346107.8909864348,162954.64519526475,251124.25520454798,154138.1998935549,152936.8898770634
2025-01-08,264454.03205444553,98691.98941607306,144167.2631005245,100426.1569205013,218053.10943410793,180957.2215923967,192136.3921907435,341827.76017712115,162954.64519526475,250149.39453802156,154138.1998935549,152560.98366501325
2025-01-10,264454.03205444553,97910.61520545115,143171.44143242936,100426.1569205013,215610.4568201394,180957.2215923967,192136.3921907435,338541.41181546246,161575.13325366285,258391.86144603667,165814.3754733818,154857.50215262882
2025-01-13,260869.57715669298,97247.29222032809,141964.35781065244,99550.24097863935,214604.402394328,180957.2215923967,192136.3921907435,335298.012227515,160780.85759734927,256673.33499792728,164368.17822312485,153506.8683902941
2025-01-14,260869.57715669298,97247.29222032809,147807.84980911377,99550.24097863935,213264.4441543583,180957.2215923967,192136.3921907435,335298.012227515,160780.85759734927,256673.33499792728,164368.17822312485,152640.78165126624
2025-01-15,260869.57715669298,97247.29222032809,152113.00541531923,98761.13241264482,221000.25305031196,180957.2215923967,192136.3921907435,339954.49719026627,160780.85759734927,256673.33499792728,166481.53660364417,158424.83669132937
2025-01-16,260869.57715669298,97247.29222032809,152113.00541531923,98761.13241264482,221000.25305031196,180957.2215923967,192136.3921907435,339954.49719026627,160780.85759734927,256673.33499792728,166481.53660364417,158424.83669132937
2025-01-17,260869.57715669298,97247.29222032809,152113.00541531923,98761.13241264482,221000.25305031196,180957.2215923967,192136.3921907435,339954.49719026627,160780.85759734927,256673.33499792728,172143.17377896514,158424.83669132937
2025-01-21,260869.57715669298,97247.29222032809,153175.57267841315,98227.67037213844,229265.85660018696,180957.2215923967,192136.3921907435,339954.49719026627,160780.85759734927,256673.33499792728,172143.17377896514,158424.83669132937
2025-01-22,260869.57715669298,97247.29222032809,153175.57267841315,98227.67037213844,229265.85660018696,182977.26239466213,194455.87661067356,339954.49719026627,160780.85759734927,256673.33499792728,177803.03498471837,156818.157894172
2025-01-23,260869.57715669298,97247.29222032809,157609.4667340454,98227.67037213844,225569.15419908345,182977.26239466213,194455.87661067356,347143.9272118613,160780.85759734927,256673.33499792728,176497.36001812216,156818.157894172
2025-01-24,272074.6183469824,101482.09823985364,157609.4667340454,98227.67037213844,224804.02175141824,182977.26239466213,194455.87661067356,354938.67027411395,160780.85759734927,271108.01390862005,175459.4156825598,156818.157894172
2025-01-27,270606.3365499003,99957.86820334155,157609.4667340454,94640.74721475164,223257.52693536316,180244.00621624768,191551.15654207434,346569.307184867,160780.85759734927,267036.05456696375,167341.77434987674,154597.12622594702
2025-01-28,268193.9392009933,99279.03543089949,162357.24050404207,94640.74721475164,223257.52693536316,180244.00621624768,191551.15654207434,343416.2000695428,160780.85759734927,264245.2920274371,167341.77434987674,154597.12622594702
2025-01-29,268193.9392009933,99279.03543089949,162357.24050404207,94640.74721475164,223257.52693536316,180244.00621624768,191551.15654207434,343416.2000695428,160780.85759734927,271985.76295591885,167341.77434987674,154597.12622594702
2025-01-30,268193.9392009933,99279.03543089949,162357.24050404207,94640.74721475164,229014.11420741183,180244.00621624768,191551.15654207434,355418.0097231412,167173.76682877194,276779.92283194716,173785.5966395223,160108.1537470866
2025-01-31,269387.7603046118,99279.03543089949,166543.43370768652,94640.74721475164,229014.11420741183,183404.26382888498,194746.8603712224,355826.03358374094,166755.31979797484,276779.92283194716,173048.7426264553,160108.1537470866
2025-02-03,269387.7603046118,98665.88687691416,165368.9932702526,94640.74721475164,228368.13445730685,182740.5762785521,194041.53806665534,355826.03358374094,165570.2378370711,269729.4679480679,168113.2614104549,157891.03510625247
2025-02-04,274248.519836264,98665.88687691416,164999.15208036432,94871.29980338644,228368.13445730685,182355.61991353205,193632.43244097725,364726.6656749829,164757.31658187174,269729.4679480679,168113.2614104549,157891.03510625247
2025-02-05,274248.519836264,98665.88687691416,164999.15208036432,94871.29980338644,229707.2887046988,182355.61991353205,193632.43244097725,364726.6656749829,175022.90493918085,279673.9884002826,168113.2614104549,157781.73130823657
2025-02-06,274248.519836264,99504.99304030232,164159.26080628304,94871.29980338644,229452.66722512135,187635.98374547806,199245.55900626798,370384.28792205686,175022.90493918085,279673.9884002826,168113.2614104549,157781.73130823657
2025-02-07,274248.519836264,98956.09679176878,170890.02130398384,94871.29980338644,231355.1769130058,187635.98374547806,199245.55900626798,373310.17975409824,175022.90493918085,277295.4070633111,168113.2614104549,157781.73130823657
2025-02-10,274248.519836264,98956.09679176878,170890.02130398384,94871.29980338644,231355.1769130058,187635.98374547806,199245.55900626798,373310.17975409824,181095.29586139243,277295.4070633111,168113.2614104549,157703.11355379308
2025-02-11,271735.6577857184,98956.09679176878,170503.05025546625,94871.29980338644,231882.31234714633,187635.98374547806,199245.55900626798,371976.1810740409,180218.32610186757,276628.5918851373,168113.2614104549,157113.62295816478
2025-02-12,278674.60489323305,98425.4811501996,167658.38743517714,93891.45950308687,230942.05397243417,185161.65184535956,196474.26286116955,371976.1810740409,177625.67352232864,276310.6739020589,168113.2614104549,157051.79508128337
2025-02-13,275992.35995960515,97230.01524244565,167658.38743517714,93891.45950308687,259289.00658230163,195669.890550646,208254.81886219888,392172.60189347307,176728.9688435543,273652.86316541006,172635.68486418898,157051.79508128337
2025-02-14,270953.3943234056,95101.41704132425,167658.38743517714,93891.45950308687,253755.85590640726,195669.890550646,208254.81886219888,391147.62083469256,175837.50399531968,273652.86316541006,172635.68486418898,157051.79508128337
2025-02-18,270953.3943234056,95101.41704132425,166662.43977831892,93891.45950308687,261478.35427103064,195669.890550646,208254.81886219888,398602.1858146395,175837.50399531968,273652.86316541006,177846.51451948285,156529.50740084643
2025-02-19,266833.6354680024,94250.78407128515,166662.43977831892,96069.318411524,259043.0704796915,198272.8558059289,211021.0745372424,400965.1966281709,175915.05895605983,273652.86316541006,173898.87351862877,153890.05969980286
2025-02-20,262016.1892359421,92546.48868589643,164187.50652495303,96069.318411524,255858.51578721736,196116.86817216844,208520.21830925596,388337.00024446886,174764.4061196172,271089.7047743723,169762.8127822988,153890.05969980286
2025-02-21,254603.78354930156,91154.35572111007,162187.97290950443,94641.75634970036,250816.11997305456,196205.5909960476,208506.09493474086,369335.5228154293,172307.215804604,269705.9592569486,169396.11469393826,151486.31917410027
2025-02-24,253139.0438346688,90731.25852169331,161100.4306794139,94078.94242806303,249379.07147963243,196205.5909960476,208506.09493474086,366836.37457365025,171549.89349920585,269705.9592569486,167473.0941176905,150609.10040160522
2025-02-25,248680.52293796628,89032.3753436563,161100.4306794139,94078.94242806303,247585.9947697454,193583.61625171234,205716.76818549956,359151.5173862532,170317.83933511734,265259.0202017153,165360.16441599623,148961.89039019923
2025-02-26,248680.52293796628,89032.3753436563,161100.4306794139,94078.94242806303,246779.57946286834,192916.07335166453,205007.34867563692,358179.0753905922,170317.83933511734,265259.0202017153,164664.4447157734,148374.9937620681
2025-02-27,248680.52293796628,89032.3753436563,161100.4306794139,93878.2897480086,246779.57946286834,191030.2561915664,203004.90356614956,358179.0753905922,169607.7688014813,263337.1857013343,164664.4447157734,148374.9937620681
2025-02-28,248680.52293796628,89032.3753436563,161100.4306794139,93878.2897480086,246779.57946286834,191030.2561915664,203004.90356614956,356278.43773549015,169607.7688014813,263337.1857013343,163241.91945364606,141792.31821065894
2025-03-03,248615.0059818651,89032.3753436563,161100.4306794139,93878.2897480086,246779.57946286834,196368.83538135258,208678.71707204584,356278.43773549015,169607.7688014813,260176.0872223575,161914.27299716705,140570.88994104936
2025-03-04,246212.3629433743,88114.49389401372,159614.94109093497,93399.74607861377,245001.97632570151,196368.83538135258,208678.71707204584,349447.52881824545,169607.7688014813,255182.48906702478,161005.4437101909,139383.1879322224
2025-03-05,246212.3629433743,88114.49389401372,159614.94109093497,93399.74607861377,245001.97632570151,196368.83538135258,208678.71707204584,349447.52881824545,168688.71138650895,255182.48906702478,160901.01972085715,139383.1879322224
2025-03-06,241052.19127691747,88114.49389401372,155730.21301741988,93399.74607861377,243954.78943242104,195498.59477638057,207752.52300929476,341428.7654613901,166902.2316456275,254645.1385239614,158231.0561807501,137089.23665553352
2025-03-07,241052.19127691747,87303.2428065541,154871.87703751656,91700.30858355171,240434.2433119578,195498.59477638057,207752.52300929476,340784.97301382007,164246.12876168694,248921.17153060486,156855.13331959676,136268.6041219225
2025-03-10,241052.19127691747,86452.35309793793,152210.97177189766,91700.30858355171,240434.2433119578,193572.6307271266,205707.4481350814,340784.97301382007,164246.12876168694,247225.4670290813,155457.93072941914,134061.367312943
2025-03-11,241052.19127691747,86272.61728780798,151979.02789253925,91036.12858026855,240434.2433119578,193572.6307271266,205707.4481350814,340784.97301382007,163067.80824509411,244656.7652431055,151414.8348331029,132661.98923389436
2025-03-12,239018.6404248346,86146.38443293842,151979.02789253925,91036.12858026855,239881.69068532513,191454.69348430017,203368.96778575893,340784.97301382007,163067.80824509411,243845.00573494638,150765.72090552503,130921.17043096057
2025-03-13,236468.02363483692,85233.21492242733,151979.02789253925,90926.7376645121,239881.69068532513,189648.94029116456,201449.0180592953,337101.29936066864,162515.45522560782,243068.95586601266,147320.9605729098,130077.52590591092
2025-03-14,236468.02363483692,85119.49061408013,151979.02789253925,90926.7376645121,239881.69068532513,189648.94029116456,201449.0180592953,337101.29936066864,160762.20066973454,243068.95586601266,146624.0806800773,130077.52590591092
2025-03-17,234880.8661316718,85119.49061408013,151979.02789253925,90926.7376645121,239881.69068532513,187684.1564329834,199361.96520157476,337101.29936066864,160762.20066973454,243068.95586601266,146624.0806800773,130077.52590591092
2025-03-18,234880.8661316718,85119.49061408013,151979.02789253925,90926.7376645121,239881.69068532513,187684.1564329834,199361.96520157476,337101.29936066864,160762.20066973454,243068.95586601266,146624.0806800773,130077.52590591092
2025-03-19,234880.8661316718,85119.49061408013,151979.02789253925,90166.0454835348,239881.69068532513,187684.1564329834,199361.96520157476,337101.29936066864,160762.20066973454,241469.0471278994,146624.0806800773,129481.07585199825
2025-03-20,234880.8661316718,86704.6530331927,151979.02789253925,90166.0454835348,239881.69068532513,187684.1564329834,199361.96520157476,337101.29936066864,159442.52909476613,241469.0471278994,146624.0806800773,129481.07585199825
2025-03-21,234880.8661316718,85982.68487797704,151979.02789253925,90166.0454835348,239881.69068532513,187684.1564329834,199361.96520157476,337101.29936066864,159063.305515731,239404.4542283734,146210.79490579714,128105.48475797824
2025-03-24,234880.8661316718,85982.68487797704,151979.02789253925,90166.0454835348,239881.69068532513,187684.1564329834,199361.96520157476,337101.29936066864,158255.59715879848,238321.41824698914,146210.79490579714,128105.48475797824
2025-03-25,234880.8661316718,85982.68487797704,151979.02789253925,90166.0454835348,239881.69068532513,187684.1564329834,199361.96520157476,337101.29936066864,158255.59715879848,238321.41824698914,146210.79490579714,128105.48475797824
2025-03-26,234880.8661316718,85982.68487797704,151979.02789253925,90166.0454835348,239881.69068532513,187684.1564329834,199361.96520157476,337101.29936066864,158255.59715879848,236604.1002468639,146210.79490579714,128105.48475797824
2025-03-27,234880.8661316718,85982.68487797704,151979.02789253925,90166.0454835348,239881.69068532513,187684.1564329834,199361.96520157476,337101.29936066864,158255.59715879848,234598.62744109106,146210.79490579714,127618.68479056528
2025-03-28,234880.8661316718,85982.68487797704,151979.02789253925,90166.0454835348,239881.69068532513,187684.1564329834,197912.84271524235,334766.6279656066,156709.0990550857,234598.62744109106,146210.79490579714,125975.22805964203
2025-03-31,231685.9024223165,85384.69026084324,150999.72123276276,89897.89462514478,237086.4568083875,187684.1564329834,197912.84271524235,334146.2379888393,156709.0990550857,231701.137772516,144788.10553040414,125374.25186799781
2025-04-01,229796.00568588823,84835.73120366887,150999.72123276276,89897.89462514478,237086.4568083875,187684.1564329834,197912.84271524235,331420.5568918782,156219.447425753,231701.137772516,144108.91732360993,125374.25186799781
2025-04-02,229796.00568588823,84835.73120366887,154673.34380247275,89897.89462514478,237086.4568083875,186596.9518437689,197912.84271524235,339504.1121004091,156219.447425753,231701.137772516,143025.69205609497,125374.25186799781
2025-04-03,227270.24906954684,83931.81328789968,151453.59021924826,89447.81479659662,235468.55187048303,186596.9518437689,197912.84271524235,333237.782166669,154227.26978635753,227796.634325352,141863.4629370873,122705.19522753495
2025-04-04,221221.812364503,82007.81125592385,148776.73978311292,87639.0294621726,234222.5506631452,185098.13686555973,197203.47277881062,325592.49563541234,150440.23759837964,216900.8385864464,140837.18149488527,121429.79993593664
2025-04-07,215578.1721915762,80290.33787367992,142411.55394978196,86851.47903866465,232659.6688960443,183834.32728295156,194161.12289295375,315054.6142799323,145982.9709956342,213868.05481437143,138253.8696302609,120192.25263769002
2025-04-08,215578.1721915762,80290.33787367992,139446.26397651903,86851.47903866465,232659.6688960443,181222.85918219856,191439.1850658409,309165.2214920378,144186.8458829912,211972.93271432823,136467.4734199125,118241.6135457604
2025-04-09,213762.74780026887,80290.33787367992,137490.16596938015,86851.47903866465,231747.84042306623,179696.7473524283,189827.03963160058,301820.59305408504,142972.6212967978,207238.79016132737,135691.24082555337,117569.050391012
2025-04-10,211864.08517491136,80290.33787367992,137490.16596938015,86851.47903866465,231747.84042306623,179696.7473524283,189827.03963160058,301820.59305408504,142972.6212967978,205398.07399608014,135691.24082555337,117569.050391012
2025-04-11,211864.08517491136,80290.33787367992,137490.16596938015,86851.47903866465,231747.84042306623,179696.7473524283,189827.03963160058,301820.59305408504,142972.6212967978,205398.07399608014,135691.24082555337,117569.050391012
2025-04-14,211864.08517491136,80290.33787367992,137490.16596938015,89422.00866563222,231747.84042306623,179696.7473524283,189827.03963160058,301820.59305408504,142972.6212967978,205398.07399608014,135691.24082555337,117569.050391012
2025-04-15,211864.08517491136,80290.33787367992,137490.16596938015,89422.00866563222,241269.03640662818,179696.7473524283,189827.03963160058,301820.59305408504,142972.6212967978,205398.07399608014,135691.24082555337,117569.050391012
2025-04-16,211864.08517491136,80290.33787367992,137490.16596938015,89422.00866563222,241269.03640662818,179696.7473524283,189827.03963160058,301820.59305408504,142972.6212967978,205398.07399608014,135691.24082555337,117569.050391012
2025-04-17,206449.993834182,77926.86435742196,137490.16596938015,86950.87571104472,241269.03640662818,179696.7473524283,189827.03963160058,301820.59305408504,141975.19759091633,205398.07399608014,134326.3293118861,115581.20076961764
2025-04-21,206449.993834182,77926.86435742196,135850.097504143,86950.87571104472,237985.63211798383,179696.7473524283,189827.03963160058,296952.5938968705,141975.19759091633,205398.07399608014,133870.52620024627,114822.76622052031
2025-04-22,206449.993834182,76507.69539951012,135850.097504143,86448.61858992027,237985.63211798383,182831.19010854268,193138.1846470469,296952.5938968705,141975.19759091633,205398.07399608014,133870.52620024627,114822.76622052031
2025-04-23,206449.993834182,76507.69539951012,138126.62267836963,86448.61858992027,237205.8311330445,182148.97547061308,193138.1846470469,296952.5938968705,141975.19759091633,205398.07399608014,132158.42515180554,113426.81772140856
2025-04-24,206449.993834182,76507.69539951012,138126.62267836963,86448.61858992027,236450.58658391875,182148.97547061308,193138.1846470469,296952.5938968705,141975.19759091633,205398.07399608014,132158.42515180554,113426.81772140856
2025-04-25,206449.993834182,76507.69539951012,136708.5870732904,86448.61858992027,236450.58658391875,182148.97547061308,193138.1846470469,293839.69964527624,141975.19759091633,205398.07399608014,132158.42515180554,113426.81772140856
2025-04-28,206449.993834182,76507.69539951012,136708.5870732904,86448.61858992027,236450.58658391875,182148.97547061308,193138.1846470469,293839.69964527624,141975.19759091633,205398.07399608014,132158.42515180554,113426.81772140856
2025-04-29,206449.993834182,76507.69539951012,136708.5870732904,86448.61858992027,236450.58658391875,182148.97547061308,193138.1846470469,293839.69964527624,141975.19759091633,205398.07399608014,132158.42515180554,113426.81772140856
2025-04-30,206449.993834182,76507.69539951012,136708.5870732904,86448.61858992027,236450.58658391875,182148.97547061308,193138.1846470469,293839.69964527624,141975.19759091633,205398.07399608014,132158.42515180554,113426.81772140856
2025-05-01,206449.993834182,75158.96825430225,136708.5870732904,86448.61858992027,236450.58658391875,181692.9028847621,195416.59765810854,293839.69964527624,140487.63301804487,203218.76130336677,132158.42515180554,113426.81772140856
2025-05-02,206449.993834182,75158.96825430225,136708.5870732904,86448.61858992027,236450.58658391875,182840.04184735366,197088.38879711757,293839.69964527624,140487.63301804487,203218.76130336677,132158.42515180554,113426.81772140856
2025-05-05,211714.04482842432,75158.96825430225,136708.5870732904,86448.61858992027,236450.58658391875,182840.04184735366,197088.38879711757,301272.23412239505,143179.1246015602,203218.76130336677,131186.51378163582,112634.37721698055
2025-05-06,211714.04482842432,75158.96825430225,139705.19798327604,86448.61858992027,236450.58658391875,182840.04184735366,197088.38879711757,307901.58453820104,143179.1246015602,203218.76130336677,131186.51378163582,112634.37721698055
2025-05-07,211714.04482842432,75158.96825430225,139705.19798327604,86448.61858992027,236450.58658391875,182840.04184735366,197088.38879711757,307901.58453820104,142085.732754138,198521.84726913672,131186.51378163582,112634.37721698055
2025-05-08,211714.04482842432,74993.97696176342,139705.19798327604,88361.90639619363,236450.58658391875,182840.04184735366,197088.38879711757,307901.58453820104,142085.732754138,198521.84726913672,131186.51378163582,112634.37721698055
2025-05-09,211714.04482842432,74993.97696176342,139705.19798327604,88015.66932873476,236450.58658391875,182840.04184735366,197088.38879711757,307901.58453820104,142085.732754138,206318.1362442704,129557.7473074132,112406.4152452437
2025-05-12,211714.04482842432,74993.97696176342,139705.19798327604,88015.66932873476,236450.58658391875,184522.11409692268,201609.30263513076,304828.72546248307,140180.97397990155,208922.57507790907,128725.85341823318,112314.75603234507
2025-05-13,211714.04482842432,74993.97696176342,138645.85320202087,88015.66932873476,236450.58658391875,184522.11409692268,201609.30263513076,304828.72546248307,141495.57548707034,212639.14639852484,128725.85341823318,112314.75603234507
2025-05-14,211714.04482842432,74955.60181104383,138473.16724331627,88015.66932873476,236450.58658391875,183952.97093151085,200779.8577886115,304828.72546248307,141495.57548707034,210290.32353639722,127979.92873357031,112264.18031500911
2025-05-15,211714.04482842432,74955.60181104383,137206.71519061844,87488.34471625491,236450.58658391875,183952.97093151085,200779.8577886115,304828.72546248307,141495.57548707034,210290.32353639722,127979.92873357031,112264.18031500911
2025-05-16,211714.04482842432,74955.60181104383,137206.71519061844,87488.34471625491,236450.58658391875,183952.97093151085,200779.8577886115,308186.18259484216,141495.57548707034,210290.32353639722,127979.92873357031,112264.18031500911
2025-05-19,211714.04482842432,74955.60181104383,137206.71519061844,87488.34471625491,242486.75341077414,185834.2211474894,202700.8168703708,308186.18259484216,141495.57548707034,210290.32353639722,127979.92873357031,112264.18031500911
2025-05-20,211714.04482842432,75254.75459411234,137206.71519061844,87488.34471625491,242486.75341077414,185834.2211474894,202700.8168703708,308186.18259484216,141495.57548707034,210290.32353639722,127979.92873357031,112264.18031500911
2025-05-21,211714.04482842432,75254.75459411234,137206.71519061844,87488.34471625491,242486.75341077414,185834.2211474894,202700.8168703708,308186.18259484216,143389.92641740304,210290.32353639722,127979.92873357031,112264.18031500911
2025-05-22,211714.04482842432,75254.75459411234,137206.71519061844,87488.34471625491,241592.71272401622,185834.2211474894,202700.8168703708,308186.18259484216,143389.92641740304,210290.32353639722,127133.56364835084,112264.18031500911
2025-05-23,211714.04482842432,75254.75459411234,137206.71519061844,87488.34471625491,240379.92427923283,185834.2211474894,202700.8168703708,308186.18259484216,143389.92641740304,208797.2098860751,127133.56364835084,112264.18031500911
2025-05-27,211714.04482842432,75254.75459411234,137206.71519061844,87488.34471625491,240379.92427923283,185834.2211474894,202700.8168703708,308186.18259484216,143389.92641740304,208797.2098860751,127133.56364835084,112264.18031500911
2025-05-28,211714.04482842432,75254.75459411234,137206.71519061844,87488.34471625491,240379.92427923283,185834.2211474894,202700.8168703708,308186.18259484216,144973.8095730809,212458.2880777051,127133.56364835084,112264.18031500911
2025-05-29,211714.04482842432,75254.75459411234,137206.71519061844,87488.34471625491,240379.92427923283,185834.2211474894,202700.8168703708,308186.18259484216,144116.89010737024,212458.2880777051,127133.56364835084,112264.18031500911
2025-05-30,211714.04482842432,75254.75459411234,137206.71519061844,87488.34471625491,240379.92427923283,185834.2211474894,202700.8168703708,308186.18259484216,144116.89010737024,212458.2880777051,127133.56364835084,112264.18031500911
2025-06-02,211419.74060040238,75254.75459411234,142846.2126964716,87488.34471625491,240379.92427923283,188856.92782452222,202700.8168703708,320245.48976300086,147290.0105380872,212458.2880777051,127133.56364835084,112264.18031500911
2025-06-03,209215.76392137373,75254.75459411234,142846.2126964716,87488.34471625491,238020.90746614334,188856.92782452222,202700.8168703708,322348.6327071725,147290.0105380872,212458.2880777051,127133.56364835084,116811.16183270342
2025-06-04,209215.76392137373,75254.75459411234,142846.2126964716,87488.34471625491,238020.90746614334,188856.92782452222,202700.8168703708,322348.6327071725,147290.0105380872,212458.2880777051,127133.56364835084,116505.41371057127
2025-06-05,209215.76392137373,77124.39538534652,142846.2126964716,86764.71400968225,237542.79864947434,188856.92782452222,202700.8168703708,322348.6327071725,147290.0105380872,212458.2880777051,127133.56364835084,116211.46486125734
2025-06-06,209215.76392137373,77124.39538534652,142846.2126964716,86764.71400968225,236893.46245947314,191987.11185501688,206025.7930497266,321344.6672110666,146928.8454311761,212458.2880777051,127133.56364835084,116211.46486125734
2025-06-09,209215.76392137373,75633.52547671658,145955.52015155935,86764.71400968225,236893.46245947314,191987.11185501688,206025.7930497266,321344.6672110666,146928.8454311761,212458.2880777051,127133.56364835084,116211.46486125734
2025-06-10,207258.53424872668,75633.52547671658,145955.52015155935,86764.71400968225,236744.74695758196,190971.69144636794,204988.93945139583,316608.64509384916,146322.15618083702,210678.2898236848,131710.79475073863,119321.66284522583
2025-06-11,207258.53424872668,75221.34111327445,145888.3278904513,86764.71400968225,236744.74695758196,190971.69144636794,204988.93945139583,316608.64509384916,146322.15618083702,210678.2898236848,131031.03995674885,119064.93348489076
2025-06-12,210880.85987438064,75221.34111327445,145064.02456017447,86764.71400968225,236744.74695758196,190971.69144636794,204988.93945139583,316608.64509384916,146322.15618083702,208746.36045628603,130965.150403645,118880.69614906791
2025-06-13,210880.85987438064,74711.64764357395,144973.40504023866,86764.71400968225,236468.5283255056,189008.26188342168,202881.39492085527,316608.64509384916,146322.15618083702,208746.36045628603,130907.39223208961,118135.39439946733
2025-06-16,210880.85987438064,74726.3138635744,144048.15694577174,86764.71400968225,243875.63450034932,189008.26188342168,202881.39492085527,316608.64509384916,146322.15618083702,208746.36045628603,130907.39223208961,118135.39439946733
2025-06-17,210880.85987438064,74726.3138635744,144048.15694577174,86764.71400968225,252306.14234593822,187838.07807721506,201660.35168005954,316608.64509384916,146322.15618083702,208746.36045628603,130907.39223208961,116684.39232064865
2025-06-18,210880.85987438064,74726.3138635744,143377.0332694985,86764.71400968225,252306.14234593822,187838.07807721506,201660.35168005954,313972.61278189823,146322.15618083702,208746.36045628603,130907.39223208961,116435.25858007264
2025-06-20,209471.99048123992,74726.3138635744,142660.971598658,86764.71400968225,251320.58854431962,186543.64552583458,200270.90828198727,313972.61278189823,146069.5544730743,208746.36045628603,130907.39223208961,115789.89361736504
2025-06-23,209471.99048123992,74726.3138635744,142660.971598658,86242.88281765059,251320.58854431962,186543.64552583458,200270.90828198727,313972.61278189823,146069.5544730743,208746.36045628603,130907.39223208961,114948.18434357554
2025-06-24,213922.52843295992,76348.79241200665,142660.971598658,86242.88281765059,251320.58854431962,186543.64552583458,200270.90828198727,313972.61278189823,146069.5544730743,208746.36045628603,130907.39223208961,114948.18434357554
2025-06-25,213922.52843295992,76664.76805298288,142660.971598658,86242.88281765059,252211.87578139914,186543.64552583458,200270.90828198727,320840.25380923634,146069.5544730743,208746.36045628603,130907.39223208961,114948.18434357554
2025-06-26,212874.12696322592,76664.76805298288,141856.73789104636,86242.88281765059,252211.87578139914,187805.22765564758,202109.4839860055,320840.25380923634,146069.5544730743,208746.36045628603,130907.39223208961,114948.18434357554
2025-06-27,216426.90598302058,76664.76805298288,141856.73789104636,85484.83375493111,252211.87578139914,187805.22765564758,202109.4839860055,320840.25380923634,146069.5544730743,219103.61865811772,130907.39223208961,114948.18434357554
2025-06-30,216426.90598302058,76664.76805298288,141856.73789104636,85484.83375493111,252211.87578139914,187805.22765564758,202109.4839860055,326530.8565808003,149355.5452365943,218532.8523750788,130907.39223208961,114948.18434357554
2025-07-01,216426.90598302058,76664.76805298288,141856.73789104636,85484.83375493111,252211.87578139914,187805.22765564758,202109.4839860055,326530.8565808003,149355.5452365943,217078.82043125262,130907.39223208961,114948.18434357554
2025-07-02,216426.90598302058,76664.76805298288,140624.19867480063,88084.30741598342,251103.50284734395,187805.22765564758,202109.4839860055,323530.35454991844,149355.5452365943,217078.82043125262,130319.77521131175,114948.18434357554
2025-07-03,216426.90598302058,76664.76805298288,140509.06878602155,88084.30741598342,260378.19540823332,186407.37712223167,200633.1099419631,323530.35454991844,152496.38853652263,217078.82043125262,130319.77521131175,114948.18434357554
2025-07-07,214960.30410061285,75837.89659362438,141521.46429514265,88084.30741598342,259429.95669878673,190604.58818424414,205033.4451537253,322642.3865884347,152496.38853652263,215656.97867965573,129561.96069951364,114948.18434357554
2025-07-08,214468.62883570854,75837.89659362438,140745.84872863351,88084.30741598342,258082.43337170393,188714.19071708445,202998.78145791055,322642.3865884347,152496.38853652263,215858.06778341878,130775.05445690383,115999.2638401142
2025-07-09,214468.62883570854,77529.1146969021,140315.13786925864,88084.30741598342,258082.43337170393,188714.19071708445,202998.78145791055,322642.3865884347,156716.52537642763,215858.06778341878,130454.78748450635,120871.31490959278
2025-07-10,212953.49839511878,77529.1146969021,140315.13786925864,88084.30741598342,258082.43337170393,188714.19071708445,202998.78145791055,322642.3865884347,156716.52537642763,215858.06778341878,129936.05269435812,120794.09151615402
2025-07-11,212953.49839511878,78658.91860589093,139690.6085198,87846.02579659781,256057.9534251792,188714.19071708445,202998.78145791055,319394.4237765847,156716.52537642763,214277.07398515593,129307.87117774873,120423.83560445262
2025-07-14,212953.49839511878,78658.91860589093,139690.6085198,87846.02579659781,256057.9534251792,187465.50438316382,201770.11908465123,319394.4237765847,156716.52537642763,214277.07398515593,129307.87117774873,119481.32712409373
2025-07-15,212953.49839511878,78658.91860589093,139690.6085198,87627.77938026607,256057.9534251792,187465.50438316382,201770.11908465123,319394.4237765847,156716.52537642763,214277.07398515593,127848.18818560825,119099.82669154539
2025-07-16,217615.64376182508,79866.16271920674,139690.6085198,87467.8456600436,254895.87446982192,187465.50438316382,201770.11908465123,319394.4237765847,156716.52537642763,210829.62719453496,132240.6825063085,118702.45629558581
2025-07-17,217615.64376182508,80242.48676608878,139690.6085198,87825.57167995552,254150.21528848007,187465.50438316382,201770.11908465123,327621.85771996755,156716.52537642763,213711.65165037834,131775.4365989981,118420.28423804288
2025-07-18,217615.64376182508,80242.48676608878,139690.6085198,89473.0389505438,252405.005670513,189182.53800625532,203583.9494094714,327621.85771996755,156716.52537642763,213711.65165037834,130621.07018962792,118343.67710196823
2025-07-21,217615.64376182508,80242.48676608878,139690.6085198,89473.0389505438,252405.005670513,193372.85743333085,208094.0542737929,327621.85771996755,156716.52537642763,213711.65165037834,130211.07454753999,117347.52437215594
2025-07-22,217615.64376182508,79042.2511621139,143255.00617323144,89473.0389505438,252405.005670513,198241.10255259374,213318.28027399452,327621.85771996755,156716.52537642763,209948.29384805125,129694.73647910701,115801.1434985618
2025-07-23,221954.84039439558,80985.980461395,144788.09467646672,89473.0389505438,251008.4205450394,198241.10255259374,213318.28027399452,324913.4430042958,156716.52537642763,206175.9534168579,129694.73647910701,115096.21874848136
2025-07-24,220084.5790432131,80298.44035800484,143893.99598515948,89473.0389505438,251008.4205450394,197446.61004001048,213318.28027399452,322162.91258199234,162394.76643178865,204455.2690591001,129694.73647910701,114772.09087291568
2025-07-25,220084.5790432131,80298.44035800484,143893.99598515948,89473.0389505438,251008.4205450394,200910.50311921368,213318.28027399452,322162.91258199234,162394.76643178865,204455.2690591001,129694.73647910701,114461.9810038521
2025-07-28,220084.5790432131,80298.44035800484,143454.42871988262,89473.0389505438,251008.4205450394,202421.87850937614,215520.8939654358,320754.61043386994,162394.76643178865,204455.2690591001,129694.73647910701,113977.31733758611
2025-07-29,220084.5790432131,80298.44035800484,143454.42871988262,89473.0389505438,251008.4205450394,202421.87850937614,215834.58838348233,320754.61043386994,161749.310737211,204455.2690591001,128024.71876340701,113672.63051576805
2025-07-30,220084.5790432131,78718.8241763968,143163.11313711276,89473.0389505438,251008.4205450394,202421.87850937614,215834.58838348233,317821.4955571956,161749.310737211,199602.47506524826,128024.71876340701,113672.63051576805
2025-07-31,220121.24756526796,80904.9720277605,148571.94549286074,89473.0389505438,250163.68274969526,202053.74123370633,218651.15558021583,321114.5545563008,160591.21793490162,207222.61448880157,127703.67011848897,113195.71314227124
2025-08-01,215753.7597071382,79488.96255796816,147342.10072490334,88791.83396818746,247843.13785994603,201482.3571164807,217818.44486660685,317141.61277276155,158635.2081783503,204509.35534107135,125784.006924297,112353.4273799156
2025-08-04,215753.7597071382,79488.96255796816,147095.1348781922,88791.83396818746,247843.13785994603,201482.3571164807,217818.44486660685,317141.61277276155,158635.2081783503,203325.6632827636,125784.006924297,112353.4273799156
2025-08-05,215753.7597071382,79488.96255796816,147095.1348781922,88791.83396818746,247843.13785994603,201288.50655700822,216955.09163673347,317141.61277276155,155055.38142543478,208389.75732293664,124869.68962491935,111877.3112074807
2025-08-06,219447.44290721972,80836.6126360996,147095.1348781922,88508.41126898851,247843.13785994603,201126.2263396771,216718.59140597,314387.1519152081,155055.38142543478,215397.3139410812,123878.97030842885,111877.3112074807
2025-08-07,219447.44290721972,80836.6126360996,157847.03650097142,88508.41126898851,247189.30192950118,203511.39299763044,219074.7714142829,338709.0597285798,154619.17273217684,219042.75078193442,123427.81298427987,111877.3112074807
2025-08-08,217591.54520347077,80836.6126360996,155393.85262552436,88508.41126898851,247189.30192950118,201421.72635709925,216825.29911269166,338709.0597285798,154619.17273217684,217388.50073131357,123427.81298427987,111877.3112074807
2025-08-11,217591.54520347077,80836.6126360996,155393.85262552436,88508.41126898851,249360.37430737267,199762.2828042037,215162.5037351579,338709.0597285798,152953.46953043493,222249.15797957696,123427.81298427987,111877.3112074807
2025-08-12,221209.44722157583,81838.28302213678,155393.85262552436,92409.90893943606,249360.37430737267,199762.2828042037,215162.5037351579,345259.8872297325,154657.32382772482,226473.47120513665,123427.81298427987,112746.2205485233
2025-08-13,220263.90702133338,81133.75695733774,154105.74396919852,92409.90893943606,249360.37430737267,203355.47114070508,218326.02173565488,345104.5912418379,154657.32382772482,226473.47120513665,123427.81298427987,112746.2205485233
2025-08-14,214799.57442204622,81133.75695733774,153582.19933024194,92409.90893943606,249360.37430737267,203355.47114070508,218326.02173565488,337105.50856628007,154657.32382772482,221220.10204225974,122649.20356159602,112541.87354814766
2025-08-15,214799.57442204622,80400.23042765593,151824.18143036615,92409.90893943606,249360.37430737267,203355.47114070508,218326.02173565488,335555.9100343576,154657.32382772482,218066.2598082454,122114.30484568518,112541.87354814766
2025-08-18,214799.57442204622,80400.23042765593,151824.18143036615,92409.90893943606,249360.37430737267,208305.4669078125,223654.56465017048,335555.9100343576,154657.32382772482,217940.70263128678,122114.30484568518,112245.64359949337
2025-08-19,213762.54322002205,79627.53402442682,151379.43210605974,91534.02326068142,249360.37430737267,206522.73730795895,221558.88114083183,335289.193009428,154657.32382772482,217940.70263128678,121081.1694626427,112245.64359949337
2025-08-20,210162.19644184216,79627.53402442682,151379.43210605974,91534.02326068142,242979.91990815834,205733.3254466918,220709.09961012,326049.44563938124,154657.32382772482,214320.96048096806,120482.46937676359,112245.64359949337
2025-08-21,210162.19644184216,79627.53402442682,151379.43210605974,91534.02326068142,242192.92898553962,205733.3254466918,220709.09961012,326049.44563938124,154657.32382772482,213626.7934465514,120482.46937676359,111955.56302820641
2025-08-22,210162.19644184216,79627.53402442682,151379.43210605974,91534.02326068142,241710.40692997788,213734.65355619055,229367.6853241791,326049.44563938124,154657.32382772482,213626.7934465514,120482.46937676359,111955.56302820641
2025-08-25,210162.19644184216,79627.53402442682,156329.787471032,91534.02326068142,241710.40692997788,213734.65355619055,229367.6853241791,333897.33697873395,154657.32382772482,218687.5206862397,120482.46937676359,111955.56302820641
2025-08-26,210162.19644184216,79627.53402442682,156329.787471032,91534.02326068142,241710.40692997788,213734.65355619055,229367.6853241791,333897.33697873395,154657.32382772482,218687.5206862397,120482.46937676359,111955.56302820641
2025-08-27,214587.22891157694,81242.01881658241,159084.29494885975,91534.02326068142,241710.40692997788,213734.65355619055,229367.6853241791,333897.33697873395,154657.32382772482,218687.5206862397,120482.46937676359,111955.56302820641
2025-08-28,214587.22891157694,82954.80398791848,159084.29494885975,91534.02326068142,241710.40692997788,213734.65355619055,229367.6853241791,333897.33697873395,154657.32382772482,217269.7678450716,123170.5969009562,111955.56302820641
2025-08-29,213308.0647920541,82131.21763480872,160788.399924657,91534.02326068142,241710.40692997788,213734.65355619055,229367.6853241791,333897.33697873395,154657.32382772482,217269.7678450716,122932.71731793227,111955.56302820641
2025-09-02,213308.0647920541,81504.82410850415,159293.0158673793,91534.02326068142,241144.22534864908,213298.6768713973,228883.08204722166,343165.9655823337,154657.32382772482,213170.76562984547,122491.95149159864,112281.39136974956
2025-09-03,213308.0647920541,81504.82410850415,159293.0158673793,93402.24382018337,241144.22534864908,218913.23353941357,234926.1152288475,343165.9655823337,154657.32382772482,213170.76562984547,122491.95149159864,111934.10056558011
2025-09-04,213308.0647920541,81504.82410850415,159293.0158673793,93402.24382018337,239895.34291433348,218913.23353941357,234926.1152288475,343165.9655823337,154657.32382772482,217932.6336887873,122491.95149159864,111667.26369189762
2025-09-05,214196.71856969633,81504.82410850415,158214.43485133248,96546.66017596195,252270.2800236257,218508.13373913208,234475.83268494427,343165.9655823337,158558.7064700983,217932.6336887873,122491.95149159864,112293.01483731461
2025-09-08,217265.40054767815,83650.44737180443,157875.72881046016,96546.66017596195,251712.71260908613,218508.13373913208,234475.83268494427,343165.9655823337,158106.8095277579,219275.71692449693,126539.82772604833,112293.01483731461
2025-09-09,217265.40054767815,83650.44737180443,157875.72881046016,96546.66017596195,250363.46840769151,218508.13373913208,234475.83268494427,352567.73939845833,161910.79010081585,225338.46815221393,126539.82772604833,112293.01483731461
2025-09-10,217265.40054767815,82901.70681142711,157875.72881046016,96546.66017596195,251001.23763910533,222657.87764430116,234475.83268494427,358129.4838516758,161910.79010081585,224425.76557563018,126539.82772604833,111969.96464559503
2025-09-11,217265.40054767815,83033.35236439317,160750.68662347802,96546.66017596195,250294.5733418881,222657.87764430116,234475.83268494427,358129.4838516758,161910.79010081585,223892.48372450165,126539.82772604833,111969.96464559503
2025-09-12,217265.40054767815,83700.91562934313,160750.68662347802,96546.66017596195,250294.5733418881,230205.81929549793,242595.1570690364,358129.4838516758,161910.79010081585,221665.3839997766,126539.82772604833,111784.99047429653
2025-09-15,217265.40054767815,83160.10257617594,160750.68662347802,96546.66017596195,259760.75391627918,236455.45868915718,248857.41978770305,354781.75010407186,161910.79010081585,225859.234033085,126539.82772604833,111707.10111952684
2025-09-16,215736.62227675534,82504.85085865202,160750.68662347802,96546.66017596195,258835.52275672767,236455.45868915718,248857.41978770305,354781.75010407186,161910.79010081585,225859.234033085,126539.82772604833,111633.00740454617
2025-09-17,215736.62227675534,82504.85085865202,160750.68662347802,96546.66017596195,258835.52275672767,236455.45868915718,248857.41978770305,352316.94909186685,161910.79010081585,222458.0993341504,126539.82772604833,112236.7114949907
2025-09-18,215736.62227675534,85475.17786780676,165153.0172445232,96546.66017596195,268609.99652185926,236455.45868915718,248857.41978770305,359672.5313710989,163273.36938694213,225469.176772208,126539.82772604833,112236.7114949907
2025-09-19,215736.62227675534,87946.76271670946,170693.30151851452,96546.66017596195,268351.17488788103,236455.45868915718,248857.41978770305,359672.5313710989,163273.36938694213,225469.176772208,126539.82772604833,112236.7114949907
2025-09-22,221150.38268042234,88742.6924328238,170693.30151851452,96546.66017596195,277531.11838347843,235466.7183094539,252061.86730089667,362424.1759655661,162623.639683329,233372.5327523599,126539.82772604833,112056.42825664354
2025-09-23,225926.11979523842,88111.72569949189,170693.30151851452,96546.66017596195,277055.5969588151,241598.4031928381,258661.49348699345,359698.4445032485,161595.56903032644,233372.5327523599,126539.82772604833,112056.42825664354
2025-09-24,224346.5272705023,87028.56237495673,170693.30151851452,96546.66017596195,286114.84118819115,241598.4031928381,258661.49348699345,359698.4445032485,161595.56903032644,230960.8082373619,126347.12178622161,111185.71102166308
2025-09-25,222992.47160047962,85164.41604935186,170693.30151851452,96546.66017596195,293160.55328831146,247864.7890596856,264007.36842795496,367968.22736473684,161595.56903032644,230304.62541755132,124755.69107564296,111092.35057462177
2025-09-26,222992.47160047962,85164.41604935186,170693.30151851452,96951.42329272792,293160.55328831146,247864.7890596856,264007.36842795496,367968.22736473684,161595.56903032644,230304.62541755132,124755.69107564296,111092.35057462177
2025-09-29,222992.47160047962,83656.0690173172,170693.30151851452,96951.42329272792,293160.55328831146,247245.3278469388,262811.6215088428,367968.22736473684,161595.56903032644,230304.62541755132,124755.69107564296,111092.35057462177
2025-09-30,222992.47160047962,83656.0690173172,170693.30151851452,99189.55152100687,293160.55328831146,247245.3278469388,262811.6215088428,374514.68268663494,167388.2983670541,232192.62752676406,124755.69107564296,110684.47136524286
2025-10-01,224872.8091789507,83656.0690173172,169294.04437804257,98962.59053325502,292274.6418612827,247245.3278469388,262811.6215088428,374514.68268663494,167388.2983670541,240524.37816997175,124755.69107564296,110312.79050792448
2025-10-02,224872.8091789507,83204.10694400394,169294.04437804257,98962.59053325502,292274.6418612827,247245.3278469388,262811.6215088428,391549.3845745703,168747.9055376579,248711.60235110958,124201.80333400803,109750.87154624266
2025-10-03,224872.8091789507,82969.36602723086,169294.04437804257,98962.59053325502,292274.6418612827,247245.3278469388,262811.6215088428,390828.0985817579,168747.9055376579,248711.60235110958,124201.80333400803,109750.87154624266
2025-10-06,223019.63014212178,82351.91007520059,169116.69094452992,98962.59053325502,292274.6418612827,247245.3278469388,262811.6215088428,387461.3205497595,166996.5505077447,250959.06744842563,124201.80333400803,111140.57564562022
2025-10-07,223019.63014212178,82351.91007520059,169116.69094452992,98962.59053325502,292274.6418612827,247245.3278469388,262811.6215088428,383717.7279619074,168351.60801488446,248581.14285511777,123544.20976598792,110533.63657389775
2025-10-08,223019.63014212178,82351.91007520059,172168.90546625564,98962.59053325502,303515.075264642,249326.1803925571,265124.5616215694,383717.7279619074,168245.46244530389,248581.14285511777,123544.20976598792,110454.96933511968
2025-10-09,225272.27455911273,82351.91007520059,172168.90546625564,98225.72197422868,303331.6981123722,249326.1803925571,265124.5616215694,389181.2898555003,167056.814761213,246293.45376856314,123544.20976598792,109964.38126088833
2025-10-10,225272.27455911273,81748.94875955232,168268.13715198892,97936.97941055066,300089.3944983259,244961.93906306947,260423.1235343754,386712.48411236197,165159.78795289804,241408.41949055626,124942.85530314712,108720.00688746524
2025-10-13,225272.27455911273,81103.8575250178,168268.13715198892,98478.0396419201,298486.49474162294,244961.93906306947,260423.1235343754,390236.0855189163,164734.33548589572,247120.1093285295,124627.65605245777,108650.35824053563
2025-10-14,226167.0698781044,80537.03296245253,168268.13715198892,98478.0396419201,297116.75745485135,244961.93906306947,260423.1235343754,382393.5158766395,168883.0694157259,243677.23158460666,123997.03261932576,108572.27752399781
2025-10-15,226167.0698781044,80537.03296245253,168268.13715198892,100425.17496186068,297116.75745485135,244961.93906306947,260423.1235343754,395757.89836372784,168883.0694157259,245633.40756977416,124891.98299282859,108572.27752399781
2025-10-16,226167.0698781044,80537.03296245253,168268.13715198892,100105.53053227818,297116.75745485135,244961.93906306947,260423.1235343754,395757.89836372784,168633.26435855505,245424.6525718739,124891.98299282859,108704.13747466434
2025-10-17,226167.0698781044,79769.82634249136,168268.13715198892,100105.53053227818,296724.4397417045,250026.19236339466,265844.2936790542,394711.6478474766,168473.64632297817,245424.6525718739,124034.460975955,108228.39607389223
2025-10-20,224243.4452716073,79769.82634249136,168268.13715198892,100105.53053227818,296724.4397417045,250026.19236339466,265844.2936790542,394711.6478474766,168473.64632297817,245234.58064843275,129015.50762316684,108228.39607389223
2025-10-21,221633.5904031987,78803.78692461824,173430.22945109216,100105.53053227818,296724.4397417045,250026.19236339466,265844.2936790542,391508.69011707674,168473.64632297817,244729.84293646485,128053.93530218226,108228.39607389223
2025-10-22,219366.9734431416,78263.59850548861,172598.6164115882,98277.33483244255,296404.6678910445,250026.19236339466,265844.2936790542,388912.81344832503,168473.64632297817,242416.49357982154,127210.75831824653,108228.39607389223
2025-10-23,219366.9734431416,78263.59850548861,172598.6164115882,98277.33483244255,296404.6678910445,250026.19236339466,265844.2936790542,388912.81344832503,168473.64632297817,242416.49357982154,127210.75831824653,108228.39607389223
2025-10-24,223801.37862821188,78263.59850548861,172598.6164115882,98277.33483244255,296404.6678910445,256026.67283149707,272235.56475751946,388912.81344832503,168473.64632297817,242416.49357982154,127210.75831824653,108243.40665412153
2025-10-27,223801.37862821188,78263.59850548861,179262.03460670056,98715.66834323209,296404.6678910445,255275.01873201545,271434.95801734854,388912.81344832503,170061.46602393265,242416.49357982154,127210.75831824653,109178.22080572933
2025-10-28,223801.37862821188,78263.59850548861,178413.74380524442,98160.37444355062,296404.6678910445,259576.58173858235,276243.17720186687,388912.81344832503,169575.37046311324,242416.49357982154,127210.75831824653,108676.65047448159
2025-10-29,223801.37862821188,80253.95760858894,178330.9244447454,97143.30540381963,294616.7563356043,257499.36253038704,273971.7644491256,388912.81344832503,169575.37046311324,248400.24094312283,127210.75831824653,108676.65047448159
2025-10-30,233108.02747919364,83182.9144478615,177897.32108260557,96290.25743286681,306742.92586848675,257499.36253038704,273971.7644491256,401149.494441666,169575.37046311324,248400.24094312283,139142.07864618913,108026.15321851042
2025-10-31,233108.02747919364,83727.91368952935,177897.32108260557,96290.25743286681,303801.8427798886,253896.27866658702,270010.3304389571,407509.33290055144,169045.18054197848,243064.2544272003,138613.60902922836,108026.15321851042
2025-11-03,231417.65870418563,83325.05883914711,178988.20887812632,96071.5070948128,303382.11390937254,249974.9102133758,265714.0798595513,407509.33290055144,166972.03340693505,243064.2544272003,138196.42804118615,106977.48867119967
2025-11-04,229157.9651707269,83325.05883914711,178988.20887812632,95605.49253629096,299287.7092054187,247430.22205125596,262848.8919341209,407509.33290055144,165643.22204399953,243064.2544272003,140068.79118155502,106486.26433998537
2025-11-05,233416.11574649357,83325.05883914711,178988.20887812632,95309.13811088272,297242.82494826237,253670.1516197548,270178.66065680695,405709.8054674505,165643.22204399953,241802.29601952597,138277.68191239308,106486.26433998537
2025-11-06,232897.1267256561,84124.79962984094,175799.19976769175,95226.80192563288,283364.4814386749,249375.17382141424,262120.66053494829,406028.9497541633,165643.22204399953,230420.1163189739,138000.75763095176,106486.26433998537
2025-11-07,238263.93439707076,82846.40305892435,179551.9180287586,94200.6358409351,279106.3824300766,243972.3515973031,255917.49604607743,411126.5050443757,163827.60363469837,234140.45731831872,134625.386711519,104934.94311785932
2025-11-10,238263.93439707076,84274.55914096895,180587.95347911137,94200.6358409351,279106.3824300766,243972.3515973031,255917.49604607743,413416.3103645541,163827.60363469837,238560.8538377584,134625.386711519,104616.66216670316
2025-11-11,238263.93439707076,84274.55914096895,179962.74946835742,94200.6358409351,279106.3824300766,243972.3515973031,255917.49604607743,412317.91546899267,163827.60363469837,236003.3339651764,134625.386711519,104616.66216670316
2025-11-12,238263.93439707076,84274.55914096895,179962.74946835742,93972.59394199801,279106.3824300766,243072.5322691914,254973.6206116827,412317.91546899267,163827.60363469837,236003.3339651764,134625.386711519,104616.66216670316
2025-11-13,238263.93439707076,84274.55914096895,178118.7699580333,93972.59394199801,279106.3824300766,243072.5322691914,254973.6206116827,404567.2758992919,163827.60363469837,233306.57167036107,134076.42099013884,104227.96386836383
2025-11-14,233507.66687244887,83139.97078075811,172373.8469365915,93197.41312188047,276011.7867011462,239905.70043393484,251651.73733937007,390993.9806983107,162275.7665910602,227844.1999768326,132885.5958196235,103455.65369714965
2025-11-17,233507.66687244887,82292.22650745728,170074.56748034846,93197.41312188047,276011.7867011462,237566.9280702571,249160.7608458219,388406.0232278792,162275.7665910602,227844.1999768326,132668.49170253653,102983.355574251
2025-11-18,233507.66687244887,82292.22650745728,168170.0078449941,93197.41312188047,273164.32511748566,241713.98652711298,253568.93053391835,382582.49751517276,164016.2417587234,222586.26414099574,132546.770157447,100975.38643964542
2025-11-19,231061.83372661023,81508.05644268084,166918.23568492412,93197.41312188047,273164.32511748566,240750.44000835373,252542.67771601045,389684.14695710735,163760.1077271744,228440.23693701305,132546.770157447,100785.09596040692
2025-11-20,226870.3841619323,81045.19757378715,163459.92932092652,92757.08411525081,266994.80710330384,239806.84672419488,251537.67666211847,382454.81856657466,163760.1077271744,228440.23693701305,131712.10516263265,99798.76380697216
2025-11-21,225499.9725459936,80648.41303419122,161716.72310106258,92385.57609995166,266994.80710330384,239806.84672419488,251537.67666211847,376592.7052261286,163534.63197452892,226953.38054474397,130713.12013611794,98942.31502505837
2025-11-24,225499.9725459936,80648.41303419122,160884.56449806687,92385.57609995166,266994.80710330384,239806.84672419488,251537.67666211847,376592.7052261286,164971.66868403068,226953.38054474397,130713.12013611794,98942.31502505837
2025-11-25,225499.9725459936,80648.41303419122,160884.56449806687,92385.57609995166,266994.80710330384,239806.84672419488,251537.67666211847,376592.7052261286,164971.66868403068,226953.38054474397,135953.1329276931,98942.31502505837
2025-11-26,225499.9725459936,80648.41303419122,167547.98269317922,92385.57609995166,266994.80710330384,249299.1528002955,261972.3619262012,400452.2112598732,164971.66868403068,226953.38054474397,135953.1329276931,98942.31502505837
2025-11-28,225499.9725459936,80648.41303419122,167547.98269317922,92385.57609995166,274658.4823865656,249299.1528002955,261972.3619262012,400452.2112598732,164971.66868403068,226953.38054474397,135953.1329276931,98942.31502505837
2025-12-01,225499.9725459936,80648.41303419122,167547.98269317922,92601.20839868615,285231.4766905656,249299.1528002955,261972.3619262012,400452.2112598732,164971.66868403068,226953.38054474397,135953.1329276931,98942.31502505837
2025-12-02,225499.9725459936,80648.41303419122,166856.26774954083,92601.20839868615,284317.4382049973,249299.1528002955,261972.3619262012,399665.0984120652,164971.66868403068,226953.38054474397,135953.1329276931,98613.00897738602
2025-12-03,225499.9725459936,80648.41303419122,165145.0314201336,92601.20839868615,284317.4382049973,249299.1528002955,261972.3619262012,399665.0984120652,164971.66868403068,225102.861511195,134960.92556944033,98613.00897738602
2025-12-04,225499.9725459936,80648.41303419122,164759.40792889052,91643.93877737183,284009.565794929,250585.9805828059,261972.3619262012,398408.2629452876,164971.66868403068,227408.9197560746,134960.92556944033,98318.81389641316
2025-12-05,223272.71558968478,82988.3346685247,168884.50703857976,91643.93877737183,283205.24814139627,264495.67142996687,276572.5578316452,415491.1737472702,164971.66868403068,232042.88855562758,138869.3157274373,98318.81389641316
2025-12-08,223272.71558968478,82988.3346685247,165843.0338644618,91643.93877737183,283205.24814139627,264495.67142996687,276572.5578316452,411797.57163400267,164971.66868403068,232042.88855562758,138869.3157274373,97882.1063891669
2025-12-09,228721.46761205996,84442.08811314254,165843.0338644618,91289.4077513407,283205.24814139627,270950.4293291004,283322.0403191878,421937.22693068895,164500.77691724463,229681.24155790973,138703.46986796972,97598.4258815959
2025-12-10,228721.46761205996,84442.08811314254,165425.29140694966,91289.4077513407,283205.24814139627,270950.4293291004,283322.0403191878,427242.5374823238,164500.77691724463,228537.11052242492,139371.94701324872,97598.4258815959
2025-12-11,226733.68430979826,83869.1454501562,165425.29140694966,91289.4077513407,283205.24814139627,283214.7441274158,298866.502872612,427242.5374823238,164500.77691724463,230354.86160932435,137535.96141433963,97598.4258815959
2025-12-12,225853.2543930253,83869.1454501562,165425.29140694966,91064.33583064884,283205.24814139627,283214.7441274158,298866.502872612,423436.5139237277,164500.77691724463,230354.86160932435,135674.9548947639,97598.4258815959
2025-12-15,225853.2543930253,83217.7888969235,165425.29140694966,91064.33583064884,283205.24814139627,280814.7047972944,296356.87761923997,423436.5139237277,164500.77691724463,230354.86160932435,135674.9548947639,97598.4258815959
2025-12-16,225853.2543930253,82546.80768206365,165425.29140694966,91064.33583064884,283205.24814139627,280814.7047972944,296356.87761923997,423436.5139237277,164500.77691724463,230354.86160932435,135674.9548947639,97276.81565680988
2025-12-17,225853.2543930253,82546.80768206365,164712.4446089391,91064.33583064884,283205.24814139627,279955.5639780981,294609.74792266765,416450.6920597498,166415.4947214867,227986.32846911208,135043.70401345013,96915.23617111945
2025-12-18,228568.6894691562,84153.55214905125,171185.4577749731,91064.33583064884,281899.95230666973,279381.0038309902,293441.3351630245,425672.16444457276,166415.4947214867,227986.32846911208,135043.70401345013,96915.23617111945
2025-12-19,228568.6894691562,84153.55214905125,175049.50806883533,91064.33583064884,281899.95230666973,276557.9300528618,290462.24525010306,442409.0745114217,166415.4947214867,227986.32846911208,134801.8351132905,96915.23617111945
2025-12-22,228568.6894691562,84153.55214905125,175049.50806883533,90122.94735332485,281899.95230666973,281339.43144612765,290462.24525010306,442409.0745114217,166415.4947214867,227986.32846911208,134801.8351132905,96915.23617111945
2025-12-23,228568.6894691562,84153.55214905125,175049.50806883533,90122.94735332485,281899.95230666973,281339.43144612765,290462.24525010306,439059.2159526413,166415.4947214867,227986.32846911208,134192.12081737773,96915.23617111945
2025-12-24,228568.6894691562,84153.55214905125,175049.50806883533,90122.94735332485,281899.95230666973,281339.43144612765,290462.24525010306,439059.2159526413,166415.4947214867,227986.32846911208,134192.12081737773,96915.23617111945
2025-12-26,228568.6894691562,84153.55214905125,175049.50806883533,90122.94735332485,281899.95230666973,281339.43144612765,290462.24525010306,439059.2159526413,166415.4947214867,227986.32846911208,133380.54697369237,96915.23617111945
2025-12-29,228568.6894691562,84153.55214905125,175049.50806883533,90122.94735332485,281899.95230666973,281339.43144612765,290462.24525010306,439059.2159526413,166415.4947214867,227986.32846911208,132391.00419203605,96915.23617111945
2025-12-30,228568.6894691562,84153.55214905125,175049.50806883533,90122.94735332485,291485.8211477319,281339.43144612765,290462.24525010306,455915.833573307,166415.4947214867,227986.32846911208,132391.00419203605,96915.23617111945
2025-12-31,228568.6894691562,84153.55214905125,175049.50806883533,89315.45989930134,291485.8211477319,281339.43144612765,290462.24525010306,453426.61293029005,165386.93778544787,227986.32846911208,132391.00419203605,96915.23617111945
2026-01-02,228568.6894691562,84153.55214905125,174843.63566448542,89205.89197118413,289697.7692499794,281339.43144612765,290462.24525010306,448811.8849366408,165386.93778544787,227986.32846911208,132391.00419203605,96915.23617111945
2026-01-05,228568.6894691562,84153.55214905125,174843.63566448542,89205.89197118413,293424.19661776844,286382.0711211702,295762.62478339544,448087.58889022423,165386.93778544787,237032.56180279984,131480.7249854083,96915.23617111945
2026-01-06,228568.6894691562,84019.21899935468,174699.29500580963,91829.9596511117,304538.38341434894,286382.0711211702,297314.81793627323,448087.58889022423,164674.84326936826,240132.22711176026,129839.82119348815,96915.23617111945
2026-01-07,233022.57072940056,85293.68148993961,174699.29500580963,91829.9596511117,302569.8119876208,286382.0711211702,297314.81793627323,448087.58889022423,165719.38178090894,238671.69741206456,129069.72258682373,96915.23617111945
2026-01-08,233022.57072940056,84577.47839040312,174699.29500580963,91325.35259654626,302569.8119876208,305532.83988215786,317340.01181575475,448087.58889022423,165719.38178090894,237313.32445016748,127945.7793481875,96915.23617111945
2026-01-09,234974.16167708382,84577.47839040312,174699.29500580963,91325.35259654626,301918.00329219346,305532.83988215786,317340.01181575475,456487.3538281476,165719.38178090894,240031.3578434731,130032.62653391725,96915.23617111945
2026-01-12,241725.9640389057,86537.63791155178,173958.03325032422,95623.07488572558,301918.00329219346,305532.83988215786,317340.01181575475,490993.2562295897,165719.38178090894,240031.3578434731,129793.28233757852,96915.23617111945
2026-01-13,241725.9640389057,86537.63791155178,173958.03325032422,97110.96721586018,301918.00329219346,302080.89468898147,314152.91676183406,490993.2562295897,165719.38178090894,240031.3578434731,134999.919018788,96915.23617111945
2026-01-14,241725.9640389057,87415.3625223969,173591.4735427205,97110.96721586018,301918.00329219346,300549.68998913653,312577.27249674214,490993.2562295897,165719.38178090894,240031.3578434731,138280.33179112428,96915.23617111945
2026-01-15,241725.9640389057,88894.51479048248,182591.42024818363,97110.96721586018,301918.00329219346,300549.68998913653,312577.27249674214,514297.19628873875,165719.38178090894,244078.59854992846,137556.678284732,96915.23617111945
2026-01-16,239241.52634788796,87234.86846800616,182182.36072574058,97110.96721586018,301918.00329219346,298514.12935119163,310525.32061071886,509250.8118150544,165719.38178090894,244078.59854992846,137002.99145408094,96915.23617111945
2026-01-20,239241.52634788796,86694.18537350398,180748.73854729213,97110.96721586018,301918.00329219346,303920.1386501869,316035.4981090469,509250.8118150544,165719.38178090894,244078.59854992846,136326.77038632875,96654.38403775141
2026-01-21,239241.52634788796,86694.18537350398,178869.12073877853,98538.65758411527,301291.05801974615,303920.1386501869,316035.4981090469,509250.8118150544,165719.38178090894,246879.76791179157,136326.77038632875,96654.38403775141
2026-01-22,242041.1161705163,86694.18537350398,178869.12073877853,98538.65758411527,298487.2902089726,303920.1386501869,316035.4981090469,509250.8118150544,165719.38178090894,246879.76791179157,141802.67149558553,96654.38403775141
2026-01-23,242041.1161705163,86694.18537350398,183692.63218870127,98172.60112239243,298487.2902089726,303920.1386501869,316035.4981090469,505536.5349537531,165719.38178090894,253894.5444830578,141303.89512314397,96654.38403775141
2026-01-26,241564.8098793067,86694.18537350398,183692.63218870127,97215.68137667452,298487.2902089726,303920.1386501869,316035.4981090469,500194.35148559033,165719.38178090894,262642.6045860222,140216.80128440988,96654.38403775141
2026-01-27,241564.8098793067,86694.18537350398,183692.63218870127,96044.54066099139,298487.2902089726,303920.1386501869,316035.4981090469,499367.49726737407,165719.38178090894,262642.6045860222,138208.92162253225,96654.38403775141
2026-01-28,246343.15823496864,87987.33672663501,183449.62035832592,96044.54066099139,299978.2839024051,303920.1386501869,316035.4981090469,512663.9575662187,165719.38178090894,262642.6045860222,137906.17908336574,96654.38403775141
2026-01-29,246343.15823496864,87987.33672663501,183449.62035832592,95432.23786129859,299978.2839024051,301625.50295412936,316035.4981090469,511366.54400956485,165719.38178090894,261768.035857294,137306.39296892853,100606.41506309302
2026-01-30,243627.1391193696,86526.67062989462,183449.62035832592,95075.27250644717,298820.88765931845,301625.50295412936,316035.4981090469,507219.6361047188,165902.5814989413,261768.035857294,136551.8796930548,100518.73845728906
2026-02-02,241851.88493428036,86526.67062989462,183449.62035832592,95075.27250644717,295623.27925910347,296875.7044634724,310249.888224704,505490.6561536744,171730.16629133493,258285.3240156623,136551.8796930548,100518.73845728906
2026-02-03,241366.72819413026,86526.67062989462,183449.62035832592,95075.27250644717,293285.44450877,297603.111190489,313913.0352633638,500429.18146277557,171730.16629133493,258285.3240156623,136258.2346635462,100027.12556828474
2026-02-04,240810.95673856064,88010.61159624104,183449.62035832592,96860.95206843881,290184.1991941815,296619.9260986924,313913.0352633638,488625.3959262422,171730.16629133493,258285.3240156623,135326.4515846435,99513.69822638355
2026-02-05,241139.67983355676,85859.23457771335,188848.17717575797,96860.95206843881,285519.10850227915,299165.1425976878,316853.6103386371,480554.64132034854,171730.16629133493,256266.06112508458,132137.68737468446,99513.69822638355
2026-02-06,241139.67983355676,85859.23457771335,195399.01867997675,96860.95206843881,285519.10850227915,307175.2536806518,325306.39726667065,480554.64132034854,171730.16629133493,256266.06112508458,136069.6038793338,101697.70194141143
2026-02-09,241139.67983355676,85859.23457771335,195399.01867997675,97973.61919916101,296435.9940788909,307175.2536806518,325306.39726667065,480554.64132034854,176389.4339299923,256266.06112508458,136069.6038793338,101453.09702189773
2026-02-10,241139.67983355676,85859.23457771335,195399.01867997675,97973.61919916101,292611.12794722745,306038.1791709948,323124.28004348476,490725.5585351396,176389.4339299923,251932.231141787,136069.6038793338,100816.19512444944
2026-02-11,241139.67983355676,85859.23457771335,195073.62088417105,97973.61919916101,287551.2628315126,312337.1943672096,330169.4729047682,516633.8050910958,176389.4339299923,251932.231141787,136069.6038793338,100539.38599646014
2026-02-12,247907.763032339,88362.7591684479,200455.66908978974,97147.60515406715,285617.3126675025,311132.6289492426,328821.0308054623,519622.7735814449,176389.4339299923,251757.67590142327,136069.6038793338,100539.38599646014
2026-02-13,247907.763032339,88362.7591684479,200455.66908978974,97147.60515406715,278628.55635793053,311132.6289492426,328821.0308054623,519622.7735814449,176389.4339299923,250319.55264226388,136069.6038793338,99731.513111304
2026-02-17,246214.8261817339,87738.14825278394,200455.66908978974,100407.43489449896,281697.94934675994,308856.32040036394,328821.0308054623,514838.72576490114,179024.45301805207,248001.67740482386,134931.334684807,103504.57483211483
2026-02-18,247601.08457778193,87738.14825278394,200455.66908978974,100407.43489449896,280137.4632306006,308856.32040036394,328821.0308054623,514838.72576490114,179024.45301805207,248001.67740482386,139496.24059094387,102708.44285153988
2026-02-19,251863.57425006726,87738.14825278394,200455.66908978974,99419.8378631045,278502.31295154884,305856.2004262853,325643.8275365103,514838.72576490114,179024.45301805207,248001.67740482386,138930.57748381776,102177.36295996705
2026-02-20,251863.57425006726,87738.14825278394,202034.1333216514,99419.8378631045,274557.34470812324,303291.2439131446,320727.36287483416,514838.72576490114,179024.45301805207,248001.67740482386,138930.57748381776,103501.57429501436
2026-02-23,249734.97594876616,87738.14825278394,201645.6475995716,99419.8378631045,283482.1942130471,302894.84827330353,319967.5585095997,514838.72576490114,179024.45301805207,251189.47041453366,138930.57748381776,102431.71235057073
2026-02-24,249734.97594876616,87738.14825278394,200736.07102626967,99419.8378631045,282828.63790815737,302894.84827330353,319967.5585095997,547175.1522389478,179024.45301805207,261234.96963742995,138233.60277111293,102086.46870795276
2026-02-25,253670.06485414514,87738.14825278394,204676.06662551226,99419.8378631045,282828.63790815737,305972.69426304166,323201.86787054123,547175.1522389478,179024.45301805207,266501.748343948,141944.20642338492,101345.66181456932
2026-02-26,251702.91866990473,87738.14825278394,203820.28867990768,98595.36276992108,282828.63790815737,305972.69426304166,323201.86787054123,547175.1522389478,179024.45301805207,263932.58295494085,137576.1056569522,100034.53875217788
2026-02-27,251702.91866990473,89225.46807238489,203395.2929860597,98595.36276992108,282828.63790815737,305039.74417693523,322221.49094237597,547175.1522389478,177211.93158318015,259501.9734532072,140659.89085162114,98551.05962548712
2026-03-02,249711.81545614696,89225.46807238489,201306.0858274141,98595.36276992108,291850.69045986724,303559.1929062268,320653.4004511442,550338.9936050511,177211.93158318015,259501.9734532072,140659.89085162114,97379.24677102201
2026-03-03,247329.77197518796,89225.46807238489,197327.78558008865,97275.56265371612,288013.7771053946,297939.68829651846,314665.96490867034,545049.9523687116,176680.14580562638,259501.9734532072,137399.77881958318,96383.33071201768
2026-03-04,247329.77197518796,89225.46807238489,197327.78558008865,97402.66421802163,288013.7771053946,297939.68829651846,314090.33980228874,539417.4903132104,176680.14580562638,259501.9734532072,135955.67906851426,96383.33071201768
2026-03-05,245879.63231453637,88103.00994000754,197327.78558008865,97139.27316950723,285189.5805408504,297052.37283363525,314090.33980228874,527460.9864045999,175358.20371425422,258372.05909561858,132788.24700806453,94778.28873203558
2026-03-06,243374.30868204962,86523.2443330071,194995.5649399299,96596.04008966355,280183.5129035218,293966.34200153616,310831.05979473924,510811.86256704153,174815.29729953647,255719.117584033,129254.11389658129,93198.85775338042
2026-03-09,240900.14602825558,85642.30382656639,192776.43910857785,95475.33415791758,278374.60789055895,290666.9948636853,306108.2108838296,502691.9142788483,171992.1879812614,253233.02071464033,127652.45909211374,92306.04019658771
2026-03-10,240900.14602825558,85642.30382656639,192776.43910857785,94438.21121916456,276505.33701487805,290666.9948636853,306108.2108838296,502691.9142788483,171992.1879812614,252802.40386160303,127217.15588697515,91991.270583554
2026-03-11,240900.14602825558,84955.2163787783,191721.36727303462,94438.21121916456,276505.33701487805,287759.0758385269,301702.0355867645,502691.9142788483,171992.1879812614,252802.40386160303,126459.83092068543,90346.55941726334
2026-03-12,233061.1852633816,82439.14687168035,191721.36727303462,93432.12953698845,273149.28062213026,281940.9517378969,294453.4728614816,494241.00847225584,168524.52542382735,252454.10308676347,125008.40688156906,89836.02021530096
2026-03-13,228832.94393021776,81659.66049471496,190699.58187125012,93432.12953698845,272936.43204111565,278923.04399047187,291275.24362492876,487178.5223414133,167857.94576332608,251496.80992181157,125008.40688156906,89444.96958812288
2026-03-16,228832.94393021776,81659.66049471496,190699.58187125012,93432.12953698845,272936.43204111565,278923.04399047187,291275.24362492876,487178.5223414133,167857.94576332608,251496.80992181157,124195.59994051306,89444.96958812288
2026-03-17,228832.94393021776,81659.66049471496,194857.00614511973,92983.57767202833,272936.43204111565,278923.04399047187,291275.24362492876,498019.5959516783,167857.94576332608,249267.52663500543,124195.59994051306,89444.96958812288
2026-03-18,228832.94393021776,81659.66049471496,198549.8979129261,92983.57767202833,272861.8259243493,283751.8874012149,293004.4002736524,508192.7598478468,172046.91351461626,246750.33113506282,124195.59994051306,89226.72821622338
2026-03-19,234751.41614945972,81659.66049471496,198549.8979129261,94919.1631426764,270110.24386848684,282430.3304672009,291624.19272875355,494885.3542984661,172046.91351461626,242224.88542563148,122963.70209901122,88717.98930423812
2026-03-20,227594.85914559674,79317.91908964621,198113.43614803653,94251.38320435866,268641.86738818994,281267.987801092,290651.3323640765,500198.5336160796,172046.91351461626,242224.88542563148,122310.45839532992,91849.62705302087
2026-03-23,225938.08429553735,79317.91908964621,198113.43614803653,94251.38320435866,268641.86738818994,278872.19852560654,289793.4261115296,493348.95689065056,171071.41086462964,242224.88542563148,122310.45839532992,91331.5795440129
2026-03-24,225938.08429553735,79317.91908964621,198113.43614803653,94251.38320435866,268641.86738818994,287379.3917042003,298712.8233247449,493348.95689065056,171071.41086462964,242224.88542563148,122310.45839532992,90588.30338380046
2026-03-25,225938.08429553735,78492.50284804565,198113.43614803653,94251.38320435866,268641.86738818994,284842.8703770918,296063.73134590866,493348.95689065056,171071.41086462964,242224.88542563148,122310.45839532992,90146.66687618455
2026-03-26,225538.0511756758,78215.30238449914,198113.43614803653,94251.38320435866,268641.86738818994,284842.8703770918,296063.73134590866,493348.95689065056,171071.41086462964,239645.66500896937,122310.45839532992,90146.66687618455
2026-03-27,223857.61363344162,77021.6272409183,198113.43614803653,96328.6748363639,279512.6745720703,280179.9559009539,291180.74379994447,493348.95689065056,171839.1228773501,238342.56686790317,122310.45839532992,89954.22049698664
2026-03-30,223857.61363344162,77021.6272409183,197213.21376973778,96328.6748363639,276883.20621223364,279486.1714566056,289250.13590532594,488437.3709163775,170253.8594107737,238342.56686790317,121537.21335891695,89217.1502939361
2026-03-31,223857.61363344162,77021.6272409183,196755.01285865565,96328.6748363639,275250.6122132065,279486.1714566056,289250.13590532594,482612.6568893491,170253.8594107737,238342.56686790317,120917.32639099067,88658.1485042378
2026-04-01,219185.2285439215,76201.01472529859,196755.01285865565,96328.6748363639,275250.6122132065,279486.1714566056,289250.13590532594,482612.6568893491,170253.8594107737,243480.44808373842,120917.32639099067,88658.1485042378
2026-04-02,219185.2285439215,76070.19207898962,204512.9611510603,96328.6748363639,286200.22349966405,279486.1714566056,289250.13590532594,497438.50064440107,170253.8594107737,245903.4268757046,119966.67631671645,87944.14550360771
2026-04-06,219185.2285439215,76070.19207898962,209079.726087078,96328.6748363639,284344.5825964294,290581.2976501633,300780.89329732314,509346.9881046101,170253.8594107737,245903.4268757046,119966.67631671645,87944.14550360771
2026-04-07,225369.2889368322,76994.73991725087,207821.9925925977,97035.83958985604,284344.5825964294,290581.2976501633,300780.89329732314,506145.1570691307,169137.8021157538,245903.4268757046,119966.67631671645,87735.22387856289
2026-04-08,223396.0101874215,76474.64640629207,214309.19674930722,95567.14558206733,284344.5825964294,290581.2976501633,300780.89329732314,500900.89191265294,169137.8021157538,242412.76530184766,126124.15474222403,86238.11858140079
2026-04-09,223396.0101874215,76474.64640629207,216816.50220769848,95567.14558206733,284344.5825964294,300996.2921346716,311749.16759180545,497081.60121740296,168527.32327476644,240954.23384951966,126124.15474222403,86238.11858140079
2026-04-10,222119.3452426101,76474.64640629207,213931.29838322115,95567.14558206733,290678.76454724674,300996.2921346716,311749.16759180545,503114.8159478857,168527.32327476644,240954.23384951966,126124.15474222403,86238.11858140079
2026-04-13,222119.3452426101,76474.64640629207,213679.65708886166,95567.14558206733,290271.0197770218,300996.2921346716,311749.16759180545,520784.60869442107,172017.38549410168,248457.10065276994,126124.15474222403,85774.41001097749
2026-04-14,222119.3452426101,76474.64640629207,213883.17270780573,95567.14558206733,290271.0197770218,299936.25876911555,311369.5810974822,517753.96658278565,171054.23249813452,248457.10065276994,126124.15474222403,85774.41001097749
2026-04-15,222119.3452426101,75682.43765077945,212792.47287852044,95567.14558206733,289523.8667818807,299936.25876911555,311369.5810974822,517753.96658278565,170314.37853400272,248457.10065276994,126953.0760510433,85470.23295982563
2026-04-16,222119.3452426101,75682.43765077945,212792.47287852044,95567.14558206733,288760.8069412348,299936.25876911555,311369.5810974822,517753.96658278565,170314.37853400272,253622.59730218523,126953.0760510433,85470.23295982563
2026-04-17,220165.96187381222,75003.33260415404,208445.4664171258,95567.14558206733,287374.3935504129,299936.25876911555,311369.5810974822,513454.79982208967,170314.37853400272,248663.08190474828,126631.04837590076,84597.12007023617
2026-04-20,225051.0227497239,76718.28413395779,208445.4664171258,95567.14558206733,287374.3935504129,299936.25876911555,311369.5810974822,513454.79982208967,170314.37853400272,248663.08190474828,126631.04837590076,84258.74538712035
2026-04-21,229758.57415496898,77471.98981129505,208445.4664171258,95280.28146039176,287374.3935504129,299936.25876911555,311369.5810974822,522948.0138548843,170314.37853400272,248663.08190474828,125883.90397677234,87343.71469186046
2026-04-22,229758.57415496898,77471.98981129505,208445.4664171258,94911.07222800677,293508.6715630881,299936.25876911555,311369.5810974822,518504.2053521643,170045.8352390048,248663.08190474828,125883.90397677234,87090.1996449047
2026-04-23,229758.57415496898,77471.98981129505,214878.70335316056,94911.07222800677,293508.6715630881,299936.25876911555,311369.5810974822,518504.2053521643,176846.3497872924,259573.30754402708,127981.2367412714,86596.44845266452
2026-04-24,227509.92313738735,78526.08208737949,214878.70335316056,94911.07222800677,293508.6715630881,299936.25876911555,311369.5810974822,527416.1656838228,176846.3497872924,259573.30754402708,127981.2367412714,86549.66189868125
2026-04-27,225768.75233125055,78526.08208737949,214878.70335316056,94911.07222800677,293508.6715630881,299936.25876911555,311369.5810974822,523379.76314933324,176846.3497872924,257292.24323640397,127981.2367412714,86549.66189868125
2026-04-28,225768.75233125055,78526.08208737949,214814.88726999375,95252.34705316366,290501.0758562772,299936.25876911555,311369.5810974822,523379.76314933324,175508.94502422566,252911.5501959722,127416.12536662794,86549.66189868125
2026-04-29,225232.0586998536,77621.62732442915,214342.98402583215,100472.09024618274,290501.0758562772,299402.38425293355,309883.95776869054,532059.9812805433,172179.19752166892,252911.5501959722,132334.27109762278,86487.33830090915
2026-04-30,225232.0586998536,77621.62732442915,214342.98402583215,100472.09024618274,290501.0758562772,299402.38425293355,309883.95776869054,556824.5377112811,170763.0341751166,252911.5501959722,132334.27109762278,93406.93311829356
2026-05-01,225232.0586998536,79171.18710962532,218343.61478814177,102448.99647309237,290501.0758562772,299402.38425293355,309883.95776869054,576858.387297749,169676.38258643553,252911.5501959722,132334.27109762278,93406.93311829356
2026-05-04,229286.34823201786,79171.18710962532,222627.18477965973,102026.04893059618,290501.0758562772,299402.38425293355,309927.8764359446,576858.387297749,169424.13680016587,252430.9040190596,132334.27109762278,93221.81077792782
2026-05-05,230849.03234202004,82306.30858466969,221788.6400640522,102026.04893059618,290501.0758562772,298699.00343323953,309431.1109502953,587474.0730412824,169136.6120007169,270827.41135774204,137328.78759835154,93221.81077792782
2026-05-06,226434.2397976839,81092.96899785289,221788.6400640522,105821.6993008254,287456.7440643995,297711.83418647136,306109.3123637509,592899.3471741779,172632.52626270615,274182.24025868834,138397.99214892744,96482.17055402524
2026-05-07,233189.3200024145,84545.3756482973,221788.6400640522,105821.6993008254,283552.63857529295,296330.1219168744,305133.4726089329,607759.115608841,172632.52626270615,264532.50992470677,142814.09939093931,96236.12492517491
2026-05-08,231050.61415147936,83779.44021635746,226920.3569092949,105821.6993008254,283162.2253259207,293680.52527309355,302649.6640978664,602282.3546021108,170487.1175211168,264532.50992470677,142814.09939093931,96236.12492517491
2026-05-11,229017.5069257909,83779.44021635746,225409.1964284705,107941.27213916692,283162.2253259207,293680.52527309355,302649.6640978664,629586.7618332972,168843.86630014476,260063.593954173,152903.56854047303,96236.12492517491
2026-05-12,224184.07399170802,83274.61470676404,225409.1964284705,105623.63433709586,283162.2253259207,293680.52527309355,302649.6640978664,615465.3083486785,168843.86630014476,260063.593954173,154596.60568980075,96236.12492517491
2026-05-13,222080.54453725938,82493.24517535826,225409.1964284705,105623.63433709586,283162.2253259207,292790.1008633949,301716.095430538,612595.4454175045,167442.12030121603,260063.593954173,153452.66808104573,96236.12492517491
2026-05-14,221517.60852265023,82493.24517535826,225409.1964284705,105623.63433709586,281485.68066835887,303644.42324463825,312934.69798425736,609001.9845931648,166018.2143393853,260063.593954173,151860.36387476837,96236.12492517491
2026-05-15,221517.60852265023,81754.18546023584,223991.92455614472,105623.63433709586,280113.8725390523,302056.8824939763,311298.58499381447,597469.5587987965,165663.19474928235,260063.593954173,150296.97836948713,96236.12492517491
2026-05-18,218824.49191265833,81058.78558135446,221670.84752029547,105623.63433709586,278507.247760944,300624.05827976065,309821.92223166366,578709.3573689165,165663.19474928235,256720.57045583226,146796.09709634664,96236.12492517491
2026-05-19,217192.6168691071,80452.61511133998,220310.1862433859,104968.07103099038,275695.1881716574,300624.05827976065,309821.92223166366,563051.8968512114,162786.60208233912,253304.3036493852,144312.34858815913,96236.12492517491
2026-05-20,217192.6168691071,80452.61511133998,220310.1862433859,104968.07103099038,275695.1881716574,300624.05827976065,309821.92223166366,563051.8968512114,162786.60208233912,257932.27955133948,144312.34858815913,95011.85492168141
2026-05-21,217192.6168691071,80452.61511133998,220310.1862433859,104428.94148953544,275397.701344449,300624.05827976065,309821.92223166366,562119.5007357127,162786.60208233912,257932.27955133948,144312.34858815913,94032.67368886688
2026-05-22,217192.6168691071,80452.61511133998,220310.1862433859,104428.94148953544,275397.701344449,307467.45934792317,316905.531201405,562119.5007357127,162786.60208233912,265996.6607055341,143827.138603289,94032.67368886688
2026-05-26,217192.6168691071,79614.57447249943,220310.1862433859,104428.94148953544,282567.7215639413,307467.45934792317,318295.98240957526,596740.8264369833,162786.60208233912,271962.24047825387,151172.28013272132,93156.91718726496
2026-05-27,215153.93080273914,77438.6403907202,228494.59506727222,104428.94148953544,281413.91454301274,307467.45934792317,318295.98240957526,612579.7970938463,161011.74776634714,266981.3490567004,148466.53165696823,96238.27362766195
2026-05-28,215153.93080273914,77438.6403907202,233287.35071622694,104428.94148953544,274828.60767186456,307467.45934792317,318295.98240957526,606257.8450757,161011.74776634714,266981.3490567004,148466.53165696823,95693.21835256838
2026-05-29,215153.93080273914,77438.6403907202,230109.17678043206,104428.94148953544,272177.0152855551,313639.1093788059,324872.6138912889,602112.2259286098,161011.74776634714,275605.9710004424,152301.32670067638,95693.21835256838
2026-06-01,215153.93080273914,77438.6403907202,228750.94525966703,102631.79322348774,270298.2977965641,313706.3167977892,324872.6138912889,599324.7483072132,161011.74776634714,280163.497385667,150738.5845343392,95139.42109929635
2026-06-02,214107.57494659437,77049.96478493277,228750.94525966703,105385.0037778738,276701.5352051954,313706.3167977892,327731.6815501032,607495.8405341334,161011.74776634714,280163.497385667,162445.88139202984,95139.42109929635
2026-06-03,214107.57494659437,76896.2687252855,226820.1393745326,104657.2856153644,276701.5352051954,313127.4079923275,327731.6815501032,615689.8877898535,161011.74776634714,278858.8214110999,161253.68137330562,94648.91449160111
2026-06-04,214107.57494659437,76896.2687252855,226820.1393745326,104657.2856153644,273902.0842362353,313127.4079923275,327731.6815501032,606919.8607758125,161011.74776634714,276255.1557379197,160357.84441289777,94648.91449160111
2026-06-05,212495.59127673612,75699.14405501554,227506.39360201923,103863.91787184951,268182.0175047617,313127.4079923275,327731.6815501032,578097.5046321643,161011.74776634714,273487.60560154123,159787.2025388544,94336.8750743404
2026-06-08,211292.92144234263,74918.73202248219,227506.39360201923,103863.91787184951,266428.8855754497,313127.4079923275,327731.6815501032,572137.6717407308,161011.74776634714,273487.60560154123,159511.13462483368,94336.8750743404
2026-06-09,210590.63738905548,74394.13893293678,226179.26110164088,103863.91787184951,264239.0550899209,309396.6613717327,322839.50527578226,559990.9804265448,161011.74776634714,269006.5573428833,162153.8998259349,94022.13687020831
2026-06-10,210590.63738905548,74394.13893293678,223832.56020974804,103361.53460730625,261526.78150817577,309396.6613717327,322839.50527578226,548027.7479623298,161011.74776634714,265671.66522853076,161976.24170329486,93697.31005961896
2026-06-11,210590.63738905548,74394.13893293678,223832.56020974804,103361.53460730625,261526.78150817577,309396.6613717327,322839.50527578226,548027.7479623298,161011.74776634714,265671.66522853076,161976.24170329486,94606.65122068605
2026-06-12,210590.63738905548,75900.55403103764,232758.7643399479,103361.53460730625,269670.40188023366,309396.6613717327,322839.50527578226,563407.4027173737,161011.74776634714,265671.66522853076,161976.24170329486,94606.65122068605
2026-06-15,215993.97312966024,79315.56550860497,238719.1948608377,104150.15359468157,271730.7823276886,309396.6613717327,322839.50527578226,590446.5469378614,159489.27452522065,265671.66522853076,168261.93679990902,94477.2856526976
2026-06-16,214496.52161930045,79668.62283779336,236254.43810101313,107286.46351734898,274704.1761140054,309396.6613717327,322839.50527578226,590446.5469378614,159489.27452522065,265671.66522853076,166759.47656406285,94477.2856526976
2026-06-17,214496.52161930045,79668.62283779336,234786.20828462415,106342.98957515412,273342.67227002955,309396.6613717327,322839.50527578226,590446.5469378614,159489.27452522065,263443.31825204287,165689.8674384561,93571.83703519705
2026-06-18,217293.44659688123,78898.51099054633,241559.77795773445,106342.98957515412,272301.867069356,309396.6613717327,322839.50527578226,590446.5469378614,159489.27452522065,262214.6622411312,165081.40033159123,93571.83703519705
2026-06-22,217293.44659688123,78898.51099054633,240554.47765956193,107586.33653837659,272301.867069356,309396.6613717327,322839.50527578226,590446.5469378614,159489.27452522065,268900.82641989365,171502.6947299038,93571.83703519705
2026-06-23,215290.41029546157,78171.21532601022,238642.06792981055,106622.77729161104,268655.0335887856,309396.6613717327,322839.50527578226,590446.5469378614,159489.27452522065,267763.97270872124,164488.7377296983,93425.14089221488
2026-06-24,215290.41029546157,81045.80390659816,237104.4282732676,106622.77729161104,267705.9914160235,310971.25802991976,324474.82442160824,601957.6944298816,159286.72173306614,270942.14188331424,163787.2167444643,93425.14089221488
2026-06-25,215290.41029546157,81045.80390659816,236072.2529034859,106622.77729161104,267705.9914160235,310971.25802991976,324474.82442160824,601957.6944298816,159286.72173306614,270942.14188331424,168945.8700873847,92941.95813145909
2026-06-26,214919.3018244948,80471.52948886355,234050.6047150228,106622.77729161104,269869.1269172647,319353.98559374316,331785.3307531276,589934.1638899943,162186.5434657554,270942.14188331424,166549.88920518247,92710.3699321533
2026-06-29,214919.3018244948,80471.52948886355,232860.89348893205,106622.77729161104,269869.1269172647,319353.98559374316,331785.3307531276,579243.7748840792,160533.57715010998,270942.14188331424,164826.9825388937,91727.11272493633
2026-06-30,219066.19850025224,79898.15295783282,231662.25024724737,106622.77729161104,269869.1269172647,325802.545693559,338515.5691266277,579243.7748840792,159744.2014921774,270942.14188331424,176948.63463211892,91727.11272493633
2026-07-01,217516.84413540165,81108.11510395467,231662.25024724737,106622.77729161104,271261.33309099986,325802.545693559,338515.5691266277,569483.1518276595,158499.76796884395,278952.1665622982,172352.4681273796,91727.11272493633
2026-07-02,213775.2178281196,80776.10498536311,228568.72426247734,106622.77729161104,267446.998517445,325802.545693559,338515.5691266277,554335.6102471872,155074.66851028852,284055.70950132224,168398.55437005166,91121.4548748502
2026-07-06,213775.2178281196,80776.10498536311,228568.72426247734,106622.77729161104,267143.8550051332,325802.545693559,338515.5691266277,548210.082759321,155074.66851028852,290905.28991203825,166767.1462878813,90804.48374789653
2026-07-07,211709.83099312638,80323.14912450837,223572.3076655684,110316.63666215741,267143.8550051332,330762.35975149623,343819.6167358095,539915.3663505113,155074.66851028852,290905.28991203825,166067.0228368258,90804.48374789653
2026-07-08,211709.83099312638,80323.14912450837,223572.3076655684,110316.63666215741,265222.1913983583,330762.35975149623,343819.6167358095,539915.3663505113,154129.10484383118,289733.08754007885,161865.5281899506,90380.9189902069
2026-07-09,209775.3999516465,79592.21404942799,223572.3076655684,110316.63666215741,265222.1913983583,330762.35975149623,343819.6167358095,534899.2376207443,153246.5090212777,289733.08754007885,159657.86491365358,90188.87390312823
2026-07-10,209775.3999516465,79592.21404942799,223572.3076655684,110316.63666215741,265222.1913983583,329660.03230078385,342669.13873853395,528647.3077125173,153246.5090212777,289733.08754007885,156561.32254665013,90188.87390312823
2026-07-13,208353.09264822293,79036.14213887419,223572.3076655684,109218.25814491407,263481.1899663369,329660.03230078385,342669.13873853395,524990.4380134128,153246.5090212777,286752.3959599052,153883.98419020345,93775.70711658422
2026-07-14,206526.28239403982,78374.59795764991,223572.3076655684,114791.17167287308,263481.1899663369,329660.03230078385,342669.13873853395,524990.4380134128,158871.65758744036,286752.3959599052,153883.98419020345,93492.6036512169
2026-07-15,204707.36703544325,77125.3269456746,221372.36789083685,114791.17167287308,263481.1899663369,327801.4188666702,340681.529117196,520111.31422554713,158871.65758744036,286752.3959599052,153158.72796977297,93279.5524330648
2026-07-16,204707.36703544325,76496.61832199382,224205.57848542428,114791.17167287308,263481.1899663369,325489.76428282197,338209.435239182,517466.1161051848,158871.65758744036,286752.3959599052,152400.2273262069,93279.5524330648
2026-07-17,204707.36703544325,76496.61832199382,220854.31285475614,114122.83205149845,263481.1899663369,325489.76428282197,338209.435239182,517466.1161051848,158574.905020183,286752.3959599052,150829.63977226504,95094.80251205842
2026-07-20,204707.36703544325,76496.61832199382,220854.31285475614,113951.0582697727,263481.1899663369,324105.34932759556,337092.38549944607,517466.1161051848,157487.46586711513,286752.3959599052,150269.90479566608,95094.80251205842
2026-07-21,203004.2480374777,75374.58180474168,220854.31285475614,113951.0582697727,263481.1899663369,324105.34932759556,337092.38549944607,517466.1161051848,157487.46586711513,285434.4563339183,149372.7130291543,94015.05419577817
2026-07-22,203004.2480374777,75374.58180474168,229732.85371466965,112825.02479336484,262272.2164263646,324105.34932759556,337092.38549944607,515818.8372111308,157487.46586711513,285434.4563339183,147064.8168210714,96606.28149269873
2026-07-23,203004.2480374777,75374.58180474168,228367.27631649005,112497.28141600655,260379.20735952788,324105.34932759556,337092.38549944607,515818.8372111308,157057.03194679832,285434.4563339183,146631.88176782939,95979.48978705413
2026-07-24,203004.2480374777,75374.58180474168,228367.27631649005,112497.28141600655,260379.20735952788,324105.34932759556,337092.38549944607,515818.8372111308,157057.03194679832,287992.37295062264,146631.88176782939,95979.48978705413
2026-07-27,203004.2480374777,74880.2237478204,227495.5045715501,112353.679747624,259230.75494639904,324105.34932759556,337092.38549944607,515818.8372111308,157057.03194679832,285433.34830606065,145443.51091521303,95507.68402230697
2026-07-28,202050.53706635642,74880.2237478204,224859.4299877506,111458.20228070611,259029.80185416815,324105.34932759556,337092.38549944607,515818.8372111308,157057.03194679832,282000.26456165535,144850.29351640565,97301.99747930038
2026-07-29,198940.40771593555,74360.30581835491,224282.36963429739,111458.20228070611,258272.32344248728,324105.34932759556,337092.38549944607,515818.8372111308,156755.41844013074,280803.56668355403,144343.75156125074,97026.30122088786
2026-07-30,202715.59930806104,77387.82972158896,224282.36963429739,111458.20228070611,258272.32344248728,324105.34932759556,337092.38549944607,523774.52908146963,155556.74996990018,293790.0635246664,144343.75156125074,96628.24075095277
2026-07-31,201135.6447291825,75898.18784695878,224282.36963429739,111374.26841633355,258272.32344248728,324105.34932759556,337092.38549944607,519444.4526393677,155556.74996990018,287952.8161463783,144343.75156125074,96628.24075095277
2026-08-03,199616.46919772314,75105.68936668485,224282.36963429739,111374.26841633355,258272.32344248728,324105.34932759556,337092.38549944607,512143.51387006824,155299.42898715992,287952.8161463783,144343.75156125074,96628.24075095277
2026-08-04,199616.46919772314,73942.84204397419,228987.87690792867,113454.56661879737,262569.030007514,324105.34932759556,337092.38549944607,512143.51387006824,155299.42898715992,287952.8161463783,147728.93162247888,96208.96270485267
2026-08-05,197747.8392029163,73942.84204397419,230156.2159242441,112278.73835393589,257169.41541959476,324105.34932759556,337092.38549944607,512143.51387006824,155299.42898715992,287952.8161463783,146866.31932055907,96208.96270485267
2026-08-06,197747.8392029163,72283.72061032959,230156.2159242441,116679.60939573057,249878.83433375563,321649.5569859929,335110.8681908699,542551.7276540314,159086.11802468012,300385.84769132,145013.28959072466,96149.3206209391
2026-08-07,197747.8392029163,72283.72061032959,224301.42569039948,116878.54066773219,249878.83433375563,321649.5569859929,335110.8681908699,542551.7276540314,159086.11802468012,290647.31025664305,145013.28959072466,96149.3206209391
2026-08-10,197747.8392029163,72283.72061032959,224301.42569039948,116878.54066773219,249347.224733167,321649.5569859929,335110.8681908699,542551.7276540314,159086.11802468012,288298.1256387313,144471.63441059398,96149.3206209391
2026-08-11,197747.8392029163,72283.72061032959,222336.58981332977,119408.37998286691,246160.13713259393,319310.42599249555,332680.6829251076,536937.9766246352,159086.11802468012,286217.1716551106,144471.63441059398,99895.5205370416
2026-08-12,197747.8392029163,72283.72061032959,222336.58981332977,119408.37998286691,246160.13713259393,319310.42599249555,332680.6829251076,536937.9766246352,158289.78149410008,285939.5961348238,143343.3358571706,99895.5205370416
2026-08-13,197855.46951301198,72283.72061032959,222336.58981332977,119408.37998286691,246160.13713259393,320323.6842167777,333724.9426977968,536937.9766246352,158289.78149410008,285939.5961348238,143343.3358571706,98908.57345868867
2026-08-14,197855.46951301198,72283.72061032959,225858.97506117803,119408.37998286691,246160.13713259393,327144.69655732956,339228.646649408,536937.9766246352,158289.78149410008,293670.2601272067,142435.10227662543,98908.57345868867
2026-08-17,203119.9568651727,72871.30837219342,225858.97506117803,122324.88955295504,246160.13713259393,327144.69655732956,339228.646649408,545508.6245886033,158289.78149410008,293670.2601272067,141181.81649617865,98908.57345868867
2026-08-18,203119.9568651727,72871.30837219342,225858.97506117803,122324.88955295504,246160.13713259393,326012.5508596926,338061.8619339885,545508.6245886033,158289.78149410008,293670.2601272067,139187.9892978995,98678.71092872685
2026-08-19,203119.9568651727,72318.71832435115,225858.97506117803,119793.02359055004,254321.88022853422,326012.5508596926,338061.8619339885,556589.5587137834,158289.78149410008,296126.42214655725,138410.29799582445,98641.29217772462
2026-08-20,203119.9568651727,71446.40616939127,225858.97506117803,119696.16798196682,253167.1923550185,326012.5508596926,338061.8619339885,540558.0491350034,158289.78149410008,296126.42214655725,137700.4127455167,98395.75654423752
2026-08-21,203119.9568651727,71446.40616939127,225858.97506117803,118669.8856865189,253167.1923550185,323345.36351821263,335313.0695924245,540558.0491350034,158289.78149410008,296126.42214655725,137152.03596951297,98010.60184419983
2026-08-24,201728.86030337744,70947.33641723802,224557.58037639668,118510.19470546913,251591.13334462422,321167.3502159628,333068.4180106099,530722.616059157,158289.78149410008,295415.3286644428,137152.03596951297,98010.60184419983
2026-08-25,201728.86030337744,70947.33641723802,224126.10606743314,118349.84373354523,250366.04768098381,321167.3502159628,333068.4180106099,528383.7291110819,158289.78149410008,294925.3131248696,137152.03596951297,97522.18494153551
2026-08-26,201728.86030337744,70947.33641723802,224126.10606743314,116893.5185493263,249180.65508754007,319706.4206682759,331506.09333793574,528383.7291110819,158289.78149410008,294925.3131248696,135910.80467343275,97522.18494153551
2026-08-27,200196.42786139064,70947.33641723802,224126.10606743314,116893.5185493263,249180.65508754007,313537.051889224,325125.0550348183,528383.7291110819,157832.83358904693,288949.80301108956,134858.7073468399,97252.43886186046
2026-08-28,200196.42786139064,70947.33641723802,224126.10606743314,116566.92711194602,249180.65508754007,313537.051889224,325125.0550348183,528383.7291110819,157832.83358904693,288949.80301108956,132412.06941768777,96245.94787899344
2026-08-31,200196.42786139064,70475.87301268025,222616.07984075212,116328.9517314993,249180.65508754007,310993.53335315315,322487.53070064716,519929.4523623518,156764.61975513623,288949.80301108956,131995.05840574089,96038.21455078958
2026-09-01,200196.42786139064,70475.87301268025,222149.32575209797,113968.53414902864,247186.44250807766,307926.9811790197,319307.64194946206,516032.2540397735,156062.20656339714,285331.03922427574,130018.93915559299,95070.99282397826
2026-09-02,198786.6478107306,70475.87301268025,222149.32575209797,113968.53414902864,247186.44250807766,307926.9811790197,319307.64194946206,516032.2540397735,155471.35082505294,279929.66590697574,130018.93915559299,95070.99282397826
2026-09-03,196772.78596038808,70475.87301268025,221686.59909881346,113968.53414902864,247186.44250807766,308895.8622003531,320594.3380365203,510743.9184622575,155471.35082505294,284077.4211765698,130018.93915559299,95070.99282397826
2026-09-04,196772.78596038808,70475.87301268025,221686.59909881346,113968.53414902864,247186.44250807766,308895.8622003531,320594.3380365203,510743.9184622575,154590.58713987848,284077.4211765698,129574.59559049373,95070.99282397826
2026-09-08,198549.14202840996,70094.25099665836,221686.59909881346,112469.44171051355,255375.9434201942,308895.8622003531,320594.3380365203,510743.9184622575,154263.1098518421,284077.4211765698,128217.80589243432,95070.99282397826
2026-09-09,198549.14202840996,70094.25099665836,220943.1644109609,112469.44171051355,255375.9434201942,305142.3732938537,316065.09518053115,510743.9184622575,153061.29898127276,281394.4409541408,128167.08672726352,94838.48810747665
2026-09-10,198549.14202840996,70094.25099665836,219967.8690452721,112991.05005874448,252148.73908156098,304472.3193295685,315353.50552607776,508655.2162644276,152894.3801141749,280105.6642065196,127622.74714629086,94151.39958628293
2026-09-11,198549.14202840996,70094.25099665836,219967.8690452721,112991.05005874448,252148.73908156098,304472.3193295685,315353.50552607776,508655.2162644276,152070.99721030012,280105.6642065196,127223.35670480729,96467.86839887322
2026-09-14,198549.14202840996,70094.25099665836,218580.90010197004,111831.70564233273,250687.74028455847,301340.0549848504,312109.120232887,501176.48630430934,151490.23361639722,276551.4887172671,126205.24420001797,96467.86839887322
2026-09-15,197273.46488029353,69428.7767441661,221961.54952573605,111064.35711383814,250687.74028455847,301340.0549848504,312109.120232887,495899.141695908,151490.23361639722,276551.4887172671,125572.27774850713,96304.86567776505
2026-09-16,197273.46488029353,69428.7767441661,220763.29824406074,110385.51184805571,250488.37558728436,301340.0549848504,312109.120232887,495899.141695908,150468.74170048276,276551.4887172671,125572.27774850713,96304.86567776505
2026-09-17,197273.46488029353,70647.63360060607,220763.29824406074,111412.8698818422,262886.9813352048,301340.0549848504,312109.120232887,500892.01567141,150468.74170048276,278702.0894301631,125572.27774850713,96304.86567776505
2026-09-18,197273.46488029353,70647.63360060607,219947.194675829,111412.8698818422,261731.84858803547,300291.87178839865,311020.51507131866,495727.431073511,150468.74170048276,276187.60119913815,125017.17358154674,96304.86567776505
2026-09-21,197273.46488029353,70647.63360060607,219947.194675829,108525.02842528165,261731.84858803547,299422.5834911591,310120.11017035216,495000.4215094388,149081.52387668827,276187.60119913815,124504.31787354902,96304.86567776505
2026-09-22,194201.77805731192,71294.26721893738,219792.67321339803,107902.08636004741,260679.10825359952,299422.5834911591,310120.11017035216,490731.6773005299,148908.01706900814,280203.566051562,124340.93474418449,96304.86567776505
2026-09-23,195711.86738470595,71741.7139548452,218853.87332084833,107992.6567645942,259050.68027922005,299422.5834911591,310120.11017035216,503989.409876427,148908.01706900814,286202.71421610186,123870.9767289273,96304.86567776505
2026-09-24,194234.13087474415,71741.7139548452,218853.87332084833,107153.65330045551,258323.68924517801,297901.06640594325,308549.570668302,503989.409876427,148908.01706900814,286202.71421610186,123870.9767289273,95884.84785563279
2026-09-25,194234.13087474415,71741.7139548452,218853.87332084833,107153.65330045551,258235.4410642477,297901.06640594325,308549.570668302,503989.409876427,148908.01706900814,286202.71421610186,123870.9767289273,95632.4208271066
2026-09-28,195407.10279101855,71741.7139548452,217586.93480552116,106082.12626093978,258235.4410642477,297221.7792404344,307848.1560779685,503989.409876427,151832.48551451432,285399.24597882526,123726.75921059534,94935.91644896736
2026-09-29,195407.10279101855,71039.84377283706,217223.89180002137,105922.83721702246,258235.4410642477,297221.7792404344,307848.1560779685,503989.409876427,151832.48551451432,285399.24597882526,123602.80055224616,93841.04392782052
2026-09-30,193438.71434619796,71039.84377283706,221264.09697915567,105922.83721702246,258235.4410642477,299794.0514246374,310514.0819235164,503989.409876427,151832.48551451432,292953.2202237781,123302.99651311268,93009.03968973111
2026-10-01,193438.71434619796,71039.84377283706,221264.09697915567,104853.46942545359,256786.07828581656,294334.6609170106,304442.11512858374,503989.409876427,151166.356436942,292953.2202237781,122956.76364130508,93009.03968973111
2026-10-02,193438.71434619796,71039.84377283706,221264.09697915567,104853.46942545359,256786.07828581656,293779.92026370164,303839.9490671124,503989.409876427,151873.79163195158,292953.2202237781,127994.80853951628,92649.84897589417
2026-10-05,193438.71434619796,71039.84377283706,223883.1125369642,104853.46942545359,259827.79620972998,294427.48887775966,304515.80399725906,503989.409876427,151873.79163195158,292953.2202237781,132857.56008694967,92649.84897589417
2026-10-06,193438.71434619796,71039.84377283706,223725.90649567198,104853.46942545359,256222.89793480278,294427.48887775966,304515.80399725906,515856.28871299257,151873.79163195158,290019.4867566126,132857.56008694967,92288.25767510803
2026-10-07,200920.47148431189,75606.37814566126,228332.00140768554,106283.66424576072,264476.48815971555,285897.0781176485,295695.338026791,528251.9893529348,158432.49594889214,287831.82259949617,136489.01813609232,93959.88064568797
