entry,filter,exit,IS_n,IS_per_yr,IS_win,IS_avgR,IS_medR,IS_pf,IS_t,IS_R_per_yr,IS_avg_ret,OOS_n,OOS_per_yr,OOS_win,OOS_avgR,OOS_medR,OOS_pf,OOS_t,OOS_R_per_yr,OOS_avg_ret
donchian_20,all,oneil_20_8,69729,5813.402704861904,0.3219463924622467,0.16966036137094667,-1.036520004272461,1.2311103694825747,21.79978298274403,986.3040037017093,0.006381549209173404,78107,8915.181796875,0.2959273816687365,0.0424162964961395,-1.0335450172424316,1.0557952930825765,6.220842775822851,378.1489944132357,0.0033265523663068277
donchian_20,early_stage,oneil_20_8,36652,3055.7276877425247,0.342464258430645,0.21882910346807133,-1.0322016477584839,1.3083924983189072,20.606764992810987,668.6821503512592,0.008793356307912786,47166,5383.55671875,0.30897256498325065,0.07963340059530677,-1.0316219925880432,1.1069709253239273,9.10780182403165,428.710928811774,0.005312341959672816
donchian_20,mkt_ok,oneil_20_8,57837,4821.950296735905,0.32088455486972006,0.16751605594374652,-1.0378284454345703,1.227640825392213,19.563150791933996,807.7540956659769,0.006717758987900099,61621,7033.459453125,0.2919783839924701,0.03909784544448943,-1.0341743230819702,1.0509839182344551,5.046405244666254,274.99311063836444,0.0032209523574577054
donchian_55,all,oneil_20_8,47703,3977.064768317736,0.3137328889168396,0.14901702731950803,-1.038556456565857,1.2005834339374009,15.76278401628789,592.6503692318569,0.005146097071725112,50716,5788.7559375,0.28673396955595865,0.015573772745584545,-1.034942090511322,1.0202169694963736,1.838960804083483,90.15276945027821,0.0018843203414993974
donchian_55,early_stage,oneil_20_8,19743,1646.0010842273452,0.33794256192068073,0.2190221722841907,-1.0348232984542847,1.307083405078527,14.918177952055972,360.51073304960636,0.008107340003888314,23752,2711.0681250000002,0.3001431458403503,0.058682931551676525,-1.0337017178535461,1.077862622896191,4.737759267939988,159.09342521130702,0.004184286510917349
donchian_55,mkt_ok,oneil_20_8,40483,3375.123430723579,0.3106489143591137,0.13561933076958232,-1.0395225286483765,1.181620109992526,13.248115184466991,457.7319809394685,0.004883249978529093,40600,4634.109375,0.28492610837438426,0.021698782748006556,-1.0354502201080322,1.0280208073747639,2.2645364540714645,100.55453255862544,0.002289156986811341
donchian_20,early_stage,sma50_close,36539,3046.306722209541,0.30657653466159446,0.14026250472580787,-0.5934248566627502,1.2437372740513655,12.656171551409441,427.28261102017603,0.005308018586706109,47166,5383.55671875,0.28957299749819787,0.07286054170447097,-0.6353050172328949,1.1235653931546592,6.85252478522736,392.2488588248693,0.0067276478644437135
undercut,all,oneil_20_8,23188,1933.21547591874,0.1971709504916336,0.27195657392409023,-1.0912258625030518,1.2799065909936718,10.858547860034156,525.7506574878901,0.005340092473373609,26315,3003.610546875,0.17940338210146303,0.083351923222658,-1.0842100381851196,1.0849196270794665,3.960762923084652,250.3567156938908,0.002613546859824473
donchian_20,all,sma50_close,69437,5789.058262953664,0.2979391390757089,0.08156392426323077,-0.7134696841239929,1.133053966838776,10.213401872348664,472.17830971498284,0.0027822371293141,78107,8915.181796875,0.2815240631441484,0.03656408184848234,-0.7529759407043457,1.0583754161678727,4.389168271611459,325.9754369150374,0.004406954421223122
ema_retest,all,oneil_20_8,14528,1211.2193563113444,0.24862334801762115,0.228179304820197,-1.0631815195083618,1.2660034935529345,9.591286672798315,276.37519070788903,0.005244991417665154,15673,1788.926015625,0.22382441140815415,0.03996335831864459,-1.0566246509552002,1.0455541650229125,1.9699537125038677,71.49149136796707,0.0018195648147167458
donchian_55,early_stage,sma50_close,19649,1638.1641748459256,0.3254618555651687,0.15230472363535116,-1.0210011005401611,1.2363682215830458,9.525618176648695,249.5001419192418,0.005166199262145483,23752,2711.0681250000002,0.3045638262041091,0.09667344238285165,-1.0248987078666687,1.143494095723804,5.536896266705409,262.0882881781732,0.008827431207251277
donchian_20,mkt_ok,sma50_close,57602,4802.358023282356,0.2980625672719697,0.0777042331001235,-0.7342596352100372,1.1256800899575152,8.845996646618186,373.1635472713805,0.0032224352324431824,61621,7033.459453125,0.276999724120024,0.03978950794723572,-0.7737245559692383,1.0627500394671554,4.115511652361087,279.8578908066774,0.0046532396104896
donchian_20,early_stage,donchian_10low,36662,3056.5614015065053,0.34760787736621024,0.08407184568025435,-0.6323359310626984,1.146342372325712,8.834469296834763,256.97075845967686,0.002337816298053133,47166,5383.55671875,0.3402238900903193,0.03737421969415985,-0.6740716099739075,1.063813596297334,4.36816249078356,201.20623154253283,0.0037089331862277344
ema_retest,early_stage,oneil_20_8,5850,487.7225519287834,0.27025641025641023,0.324278967847777,-1.0595040321350098,1.3896413752996313,8.654725510197103,158.1581657355497,0.008572346946153926,6804,776.6128125,0.24265138154027044,0.13428209496554983,-1.0562952160835266,1.1574703722495823,4.217371227855401,104.28519543958774,0.005175013237105041
ema_retest,mkt_ok,oneil_20_8,12247,1021.049246747318,0.24454968563729892,0.21454813996008362,-1.064436912536621,1.2494070674228643,8.30074207874181,219.06421669728152,0.005064372933456363,12391,1414.316484375,0.22427568396416755,0.05720028399087181,-1.0577009916305542,1.065060513997673,2.4638729561003454,80.89930455922142,0.0026239584602741613
donchian_20,early_stage,chandelier_3atr,36668,3057.061629764894,0.3531417039380386,0.0760246088587537,-0.6149260699748993,1.1340763644301544,8.254925525622165,232.4119146599802,0.002187234443912601,47166,5383.55671875,0.3456939320697112,0.03217520845473306,-0.6421844959259033,1.0559910265136816,4.065603616425833,173.21705965365996,0.0031149233115465406
donchian_20,early_stage,fixed_3r_20d,36930,3078.9049303811917,0.44768480909829406,0.056551835719371904,-0.35473400354385376,1.1052770980851931,8.126011584691406,174.11772581848132,0.002061469934863995,47166,5383.55671875,0.42568799559004367,0.046780535303802655,-0.646870493888855,1.082872744118013,7.29967208862118,251.8456651415084,0.0034832291196884206
donchian_20,early_stage,trim_ema,36540,3046.390093585939,0.33355227148330596,0.0619362653817577,-0.518365740776062,1.1147364762506466,7.93908325559977,188.6820252926964,0.0018015093115910333,47166,5383.55671875,0.32570071661790273,0.039260420193187616,-0.5338408946990967,1.0719532479954044,5.5565428332126725,211.36069891198335,0.003656538145383979
donchian_20,all,fixed_3r_20d,70363,5866.260157498288,0.4382843255688359,0.038579412898949714,-0.45671963691711426,1.070117656336934,7.604077145907874,226.31687278878422,0.0012030676415152035,78107,8915.181796875,0.4137785345743659,0.014313244277216145,-1.017927646636963,1.024645971921739,2.875079965833015,127.60517483446264,0.0015829794211962675
undercut,early_stage,oneil_20_8,6988,582.5991782698014,0.20520892959358902,0.35059936064960245,-1.0938842296600342,1.3607788697208612,7.348118088533407,204.25889941637612,0.00752817752676488,8326,950.33484375,0.17295219793418207,0.06209854972388827,-1.0881149172782898,1.06292878127618,1.6858634311966822,59.01441554895297,0.002395273172436335
donchian_20,rs80,oneil_20_8,19647,1637.9974320931294,0.30360869343920194,0.09981359377451703,-1.0330536365509033,1.1338949949119743,7.112516601031424,163.49441029064565,0.004209540063793643,22612,2580.9478125,0.2928975765080488,0.04138324095467096,-1.0304957628250122,1.0543242887118747,3.2756183842309623,106.80798521611844,0.0033551051497804317
donchian_55,all,sma50_close,47449,3955.8884387126227,0.30795169550464707,0.0697380004710741,-1.0257450342178345,1.1047199312914833,7.013465437159076,275.87574980245745,0.0018852387625863491,50716,5788.7559375,0.28973105134474325,0.03378584455804275,-1.026688039302826,1.048770592883135,2.9313906070207025,195.57800828882205,0.0045048933765770415
donchian_20,all,chandelier_3atr,69840,5822.6569276420905,0.3447308132875143,0.04572084672167048,-0.6332125663757324,1.0797020772389383,6.925509940445846,266.21680490159684,0.0009403455599774073,78107,8915.181796875,0.33399055142304784,0.0019197490997613501,-0.6755518913269043,1.0032758837479785,0.3116563536852387,17.114912228759557,0.0012548490435619155
donchian_20,rs80_mkt,oneil_20_8,15282,1274.0813741154986,0.30382148933385683,0.10890547284205604,-1.0340907573699951,1.1459716957012043,6.79431766200533,138.75443448730488,0.00505769477855768,16968,1936.738125,0.29066478076379065,0.049237904568893175,-1.030917763710022,1.0641579072844496,3.3205771131190676,95.3609269736871,0.003816362451853324
undercut,all,chandelier_3atr,23211,1935.1330175758958,0.24186807978975486,0.1515236484528835,-1.0737144947052002,1.175965978457711,6.5986932232648545,293.2184150647377,0.002563179364703045,26315,3003.610546875,0.23074292228766863,0.08596617554304657,-1.0702650547027588,1.0988545497964401,3.9341025605706963,258.2089115356024,0.0028744065778386852
pocket_pivot,all,oneil_20_8,49369,4115.961481396941,0.1520792400089125,0.11819284904924197,-1.1249229907989502,1.1106331101551525,6.584136150858403,486.4772140632431,0.0017647890460701088,48059,5485.484296875,0.1331280301296323,-0.07204812872879332,-1.116613745689392,0.9342802360479432,-4.318768728310661,-395.21887876102437,-0.0006246961843638022
undercut,all,donchian_10low,23213,1935.2997603286922,0.23676388230732778,0.15457620465169242,-1.0756984949111938,1.1777986769217852,6.519638818617243,299.1512918149392,0.0023281911835836963,26315,3003.610546875,0.22473874216226486,0.07886502528684357,-1.0711437463760376,1.0900182223932093,3.557994542629312,236.87982173112692,0.0025627304209773624
donchian_55,early_stage,trim_ema,19649,1638.1641748459256,0.35940760344037864,0.07334763633444108,-0.8753876090049744,1.119077572764182,6.364148456605046,120.1554701527087,0.001954267223478415,23752,2711.0681250000002,0.3494021556079488,0.04679120431769966,-1.0181307792663574,1.0736118169891165,4.237508739858321,126.85414255607792,0.004628005362545367
donchian_20,mkt_ok,fixed_3r_20d,58419,4870.472437799589,0.438401889796128,0.0352083461619737,-0.45519158244132996,1.0639511125403838,6.333950334297104,171.48127956239983,0.001495190226988196,61621,7033.459453125,0.40893526557504745,0.003691932270638566,-1.0185445547103882,1.006310196484364,0.6576314001208341,25.96705592922007,0.0009462566236610807
multi_touch,all,oneil_20_8,12630,1052.9804839077835,0.22486144101346,0.1772150961589105,-1.0704795718193054,1.192906925469305,6.085139645480097,186.60403770917398,0.003946115894799954,10634,1213.7714062500002,0.1945646041000564,-0.08067342511939439,-1.0651150345802307,0.9152514326806784,-2.8998866197228095,-97.91909665417141,-0.0019308109470422435
donchian_55,rs80_early,oneil_20_8,4661,388.59398539146315,0.33404848744904525,0.16984159394058565,-1.0280638933181763,1.2416889189591287,6.03691371426686,65.99942187461076,0.007837256826040414,6393,729.7010156250001,0.32035038323165965,0.13488221015440222,-1.0280776023864746,1.1859480049438331,5.688664732575273,98.42368573941198,0.009134846535563167
pocket_pivot,early_stage,oneil_20_8,17367,1447.910693905501,0.15938273737548223,0.18675560292010757,-1.122955560684204,1.1766169637803048,5.983078712055663,270.40543461479314,0.0027937013623063416,18386,2098.58953125,0.13755031001849233,-0.018916475860833358,-1.1172104477882385,0.9826958767274244,-0.6873271899945114,-39.69791820968822,0.00025855279791891296
stage2,all,oneil_20_8,5998,500.0615156356996,0.25841947315771924,0.2377375732217153,-1.06122487783432,1.2747123296869103,5.892634808703342,118.88341118880406,0.006321474133756283,4842,552.6689062500001,0.20983064849235852,-0.12143076966510985,-1.0561584830284119,0.8679047794196507,-3.235484651292492,-67.11101065591194,-0.002948784721372722
donchian_55,rs80,oneil_20_8,17092,1424.9835653960283,0.29879475778141823,0.08839943704423683,-1.034376084804535,1.1177806404518607,5.863163364623951,125.96774497829834,0.003680413748078398,19274,2199.94640625,0.2930891356231192,0.05442190206983984,-1.0311862230300903,1.0714804617153397,3.9368084738721,119.7252678798336,0.004128180772951598
undercut,rs80,oneil_20_8,5216,434.865099292399,0.21587423312883436,0.2715022229814318,-1.0650757551193237,1.294237119431958,5.731880476032012,118.06684115492737,0.006839399378782637,6453,736.549453125,0.1963427863009453,0.10690625073540047,-1.065717339515686,1.1130662978609478,2.6812710428449034,78.74174051480335,0.003518476123426628
ema_retest,early_stage,sma50_close,5821,485.304782013239,0.2789898642844872,0.2304520428369807,-1.053408145904541,1.2932643617433286,5.673350285655495,111.83947841350653,0.006438660798198972,6804,776.6128125,0.25587889476778364,0.1538771355457178,-1.0509637594223022,1.1932762035038604,3.9832115421512477,119.50295501560363,0.006881022546295037
donchian_20,all,donchian_10low,69790,5818.4883588221865,0.3355638343602235,0.03868912264411071,-0.6786098182201385,1.0656297737959333,5.6674868646079055,225.11220971780202,0.0005379116185634322,78107,8915.181796875,0.32770430307142767,0.002843886363962508,-0.7193836569786072,1.0047402720666774,0.4296573948800291,25.353763944379583,0.0015730554851044426
donchian_20,mkt_ok,chandelier_3atr,57950,4831.371262268888,0.3433132010353753,0.0403500352248918,-0.6369909346103668,1.0700951363367528,5.5759223118299435,194.94600061707962,0.0012576426730116163,61621,7033.459453125,0.32943314779052596,-0.0050434588041054235,-0.6774972677230835,0.9914296639579524,-0.7306109194374518,-35.4729630021818,0.0007825807763082381
donchian_20,rs80_early,oneil_20_8,5503,458.7926843186487,0.3329093221878975,0.14091135304269378,-1.026678442955017,1.1991340212068462,5.54790034004852,64.64909791343027,0.006346463837131596,7612,868.8384375,0.3239621650026274,0.13462210795261884,-1.0270987749099731,1.1855758514677408,6.196233456998953,116.96486192650968,0.0089994817234656
donchian_20,all,trim_ema,69413,5787.057349920109,0.3368389206632763,0.03157043441889527,-0.6355316638946533,1.0542959824939329,5.461516024449878,182.69991454403865,0.0006714821331192687,78107,8915.181796875,0.3260655254970745,0.010142116415097236,-0.6502270698547363,1.01729314054183,1.8060324038881208,90.41881164566202,0.0019376040887874367
undercut,early_stage,donchian_10low,6997,583.3495206573841,0.24496212662569672,0.2560736077300963,-1.077499270439148,1.295104177049304,5.424730913332164,149.38041632235868,0.004743156803851187,8326,950.33484375,0.2164304588037473,0.03583635720029498,-1.0753202438354492,1.040511619054667,0.9586414747654184,34.05653892051152,0.0013234084602349744
donchian_55,mkt_ok,sma50_close,40269,3357.2819561743895,0.3055700414711068,0.05612239462460539,-1.0273388624191284,1.0837461413372254,5.260066069344033,188.4187028104862,0.0019004751890267899,40600,4634.109375,0.2897536945812808,0.05863646285914221,-1.0270342230796814,1.0843693732565611,4.338328365159056,271.7277822523902,0.006115282960975843
donchian_55,early_stage,donchian_10low,19765,1647.8352545081032,0.33807235011383757,0.06548306336917523,-0.6619827747344971,1.1119831232051578,5.0217764773501266,107.90530039291511,0.0009683939200500027,23752,2711.0681250000002,0.33146682384641296,0.017006444178779914,-0.7140783071517944,1.0284523469761544,1.365395602668373,46.10562873268203,0.002809284404741046
multi_touch,early_stage,oneil_20_8,5005,417.27373887240356,0.23676323676323677,0.22796825203257468,-1.066360354423523,1.2521117531553354,4.987131824921209,95.12516486983885,0.00478431660390474,4914,560.8870312500001,0.2039072039072039,-0.01671454022577094,-1.0628930926322937,0.9821725156883996,-0.39756700117014154,-9.374968845941368,-0.000580776041458316
multi_touch,mkt_ok,oneil_20_8,9844,820.7078292627255,0.22328321820398211,0.1610749150453796,-1.0718014240264893,1.1741928701609423,4.877999151568716,132.1954438755714,0.004046844088057336,7751,884.703984375,0.18462133918204102,-0.11777385110826159,-1.066161870956421,0.877576750206731,-3.647221754439636,-104.19499533066706,-0.0033542708968605428
undercut,early_stage,chandelier_3atr,6993,583.0160351517918,0.2471042471042471,0.21361974711729612,-1.0755367279052734,1.2478367358332136,4.81607081083297,124.5437379944544,0.004233733308283981,8326,950.33484375,0.22639923132356474,0.03762963085804096,-1.0743771195411682,1.0428410050247543,1.0251836900449316,35.760749361846536,0.0018325622574676382
stage2,mkt_ok,oneil_20_8,4531,377.75570645971237,0.25866254689913926,0.21876125860907084,-1.0629998445510864,1.251267329148167,4.768491743905418,82.6383137918854,0.007008176007549016,3383,386.13773437500004,0.19923145137451967,-0.16077937398273356,-1.0585217475891113,0.8278260761799955,-3.6583532857939565,-62.082983203923554,-0.003992427436647602
donchian_55,rs80_mkt,oneil_20_8,13618,1135.3514037890893,0.2953443971214569,0.07948724280971416,-1.0352144837379456,1.1053396744443282,4.704913023582608,90.24595270733316,0.003625807665962485,14787,1687.797421875,0.29282477852167443,0.06746340234551645,-1.0316733121871948,1.088195857224233,4.202464356338883,113.8645565496785,0.004853770517674233
ema_retest,all,sma50_close,14457,1205.2999885870806,0.25759147817666184,0.11536224183698915,-1.056719183921814,1.1429659251280462,4.568374486475514,139.04610876950304,0.0023192115769509933,15673,1788.926015625,0.23913736999936197,0.037097315299345915,-1.0512042045593262,1.0452855883518295,1.5291857028500437,66.36435244884325,0.002428324915625944
stage2,early_stage,oneil_20_8,2730,227.60385756676558,0.2681318681318681,0.26027728823378626,-1.054937481880188,1.3089275863742558,4.546403373427709,59.24011483902668,0.006903711704736842,2681,306.011015625,0.226781051846326,-0.041592875559583346,-1.0507384538650513,0.9538178394916436,-0.7972133345201311,-12.72787809275234,-0.0008001293892927008
donchian_20,mkt_ok,donchian_10low,57906,4827.702921707372,0.3330915621869927,0.03373210608449373,-0.6823742091655731,1.0569840569726774,4.509768743233357,162.8485870994534,0.0009427784394510937,61621,7033.459453125,0.32256860485873323,-0.005231400266921496,-0.7183155417442322,0.9913236267869646,-0.701403085711947,-36.794841660459646,0.0009907545965152785
random_uptrend,early_stage,oneil_20_8,11113,926.5061059118923,0.13398722217223072,0.18205320998683705,-1.1487494707107544,1.1659482369494234,4.400638324719423,168.6734106536644,0.002202501343104996,13152,1501.1775,0.12135036496350365,0.021607376029205094,-1.1347904205322266,1.0194963952472584,0.6157195306253952,32.43650672908203,0.0006503793282299872
high52_fresh,all,oneil_20_8,8213,684.7291143574527,0.21258979666382563,0.1529398100999699,-1.0819332599639893,1.164507451486762,4.332625538026165,104.72234071974938,0.004690654214005974,8413,960.2650781250001,0.19351004397955546,0.005837738526686162,-1.0681216716766357,1.0062267748458633,0.18123002071456318,5.605776442401609,-0.00038134387735257804
donchian_20,mkt_ok,trim_ema,57579,4800.4404816252,0.33710206846246027,0.026253140352945077,-0.6548472046852112,1.044678082148271,4.128949960338788,126.02663772006562,0.0009502163122266277,61621,7033.459453125,0.323136593044579,0.005692617530917848,-0.6660782694816589,1.0096073550072888,0.8934092266400435,40.03879458585924,0.00165303318908973
undercut,early_stage,qull_sma20,7027,585.8506619493266,0.40059769460651773,0.11256347569535347,-0.5853376388549805,1.1778373636073094,4.101245357638419,65.94538674743977,0.002296508409384595,8326,950.33484375,0.36584194090799904,-0.02500033524863727,-1.0434235334396362,0.9631359661143744,-1.0829483234640795,-23.75868969221132,-3.974856002199863e-05
donchian_55,early_stage,chandelier_3atr,19771,1648.3354827664916,0.3431288250467857,0.05084670137028418,-0.643313467502594,1.0882935960056166,4.07571063078393,83.81242205027101,0.0006035117206073542,23752,2711.0681250000002,0.33723475917817447,0.004929410748687203,-0.684025913476944,1.0083863455607422,0.44287773931336494,13.363968355798264,0.0018712454913352048
undercut,rs80,chandelier_3atr,5222,435.36532755078747,0.2596706242818843,0.18199197248871749,-1.050606369972229,1.2253273921597096,4.070442820227257,79.23299471416439,0.003110103504051109,6453,736.549453125,0.24050829071749574,0.0996469343607358,-1.053741216659546,1.1191585614471211,2.3500289360819493,73.39489500898273,0.004189667363730286
undercut,early_stage,qull_sma10,7031,586.184147454919,0.39681410894609587,0.10799782000779255,-0.6022483706474304,1.1696597731029503,4.030623169157474,63.30661004825767,0.0022855732960120434,8326,950.33484375,0.35911602209944754,-0.03790909183771917,-1.0438995361328125,0.9444562703958095,-1.7235907742172807,-36.02633086830325,-0.0004410167078187218
donchian_20,rs80_early,sma50_close,5477,456.6250285322986,0.30965857221106446,0.11515236573086257,-0.8067440390586853,1.1857114727520135,4.013613099630478,52.5814522874168,0.004775232783845826,7612,868.8384375,0.31437204414083025,0.25832615343470294,-0.9027388393878937,1.4097022358854447,6.427339476799297,224.4436915155926,0.020308032923352187
ema_retest,mkt_ok,sma50_close,12183,1015.7134786578407,0.25346794713945664,0.1086925475314783,-1.0582666397094727,1.1339628199697889,3.9065706062102725,110.40048555738052,0.002494128756107984,12391,1414.316484375,0.23920587523202325,0.05857653225744818,-1.0519999265670776,1.0713993430606636,2.1016989076701855,82.8457551692329,0.0034921788691410233
vcp,all,oneil_20_8,1304,108.71627482309975,0.4156441717791411,0.17150034383341078,-1.024999976158142,1.2952060986525458,3.8958711953395646,18.644878512449186,0.00867711474473845,880,100.44375000000001,0.36022727272727273,0.002379376761911606,-1.024999976158142,1.0036971768372585,0.04737636270131732,0.2389935246292589,0.002141169305733373
pocket_pivot,early_stage,sma50_close,17324,1444.3257247203835,0.17951974139921495,0.12402064673717168,-1.1138886213302612,1.1253296996908582,3.534350274964338,179.12621047895615,0.0016386305866141239,18386,2098.58953125,0.1605025562928315,-0.03577474634141984,-1.109601080417633,0.9650065151905916,-1.0963752854775246,-75.07650815522793,0.0002336124161184162
multi_touch,early_stage,sma50_close,4982,415.3561972152477,0.24889602569249297,0.1724853387085263,-1.059790313243866,1.2042711154918855,3.4460300429976396,71.64285436135745,0.0040379553592846664,4914,560.8870312500001,0.21998371998372,0.028802141963351117,-1.0578656196594238,1.0328360398223786,0.5478894587717728,16.154747899465058,0.001598160533247726
undercut,mkt_ok,oneil_20_8,8726,727.498630449669,0.19459087783635112,0.12646167862893762,-1.0874402523040771,1.131416089238559,3.417326761565993,92.00069800691828,0.0038027018106595372,10996,1255.0903125,0.16878865041833394,-0.030191496753360143,-1.0860686302185059,0.9695029908678049,-0.9780605915151138,-37.893055095017516,0.0005162567031887187
undercut,rs80,donchian_10low,5220,435.1985847979913,0.2545977011494253,0.1526802538895455,-1.0536714792251587,1.1859415439156977,3.342517945093362,66.44623041932822,0.002675721709054143,6453,736.549453125,0.23043545637687898,0.0809005286119834,-1.0558815002441406,1.094820950642832,1.840560520377835,59.58724010667979,0.0031544974601032732
ema_retest,early_stage,donchian_10low,5848,487.55580917598724,0.29497264021887826,0.10892221329830636,-1.04227614402771,1.150399041238855,3.3324200188211854,53.10565784189523,0.002225608656426045,6804,776.6128125,0.28497942386831276,0.03390968148168839,-1.0410058498382568,1.0469080474607089,1.135099602740844,26.33469310647319,0.0023836177877473177
stage2,rs80,oneil_20_8,2394,199.59107509700982,0.25605680868838765,0.20121889545834323,-1.0522821545600891,1.2369715419701506,3.318918797140455,40.16149567436355,0.005835142170093933,2291,261.496171875,0.22435617634220864,-0.06028294828414458,-1.0477136373519897,0.9321761688164004,-1.1245017573788518,-15.763760205642408,-0.0012174807633755882
donchian_55,early_stage,fixed_3r_20d,19941,1662.5086167541658,0.442705982648814,0.030755253237462116,-0.38675254583358765,1.0568206428167488,3.31182084721197,51.13087351773722,0.0005400677313496055,23752,2711.0681250000002,0.41693331087908386,0.012483185940989351,-0.8137409389019012,1.021751133222002,1.4007785819348584,33.84276750306436,0.0013675762127579039
undercut,rs80_early,oneil_20_8,1170,97.54451038575668,0.23247863247863249,0.329740948535693,-1.060042917728424,1.3647522777249508,3.2679514222799644,32.164419379049164,0.010371940999896799,1767,201.68648437500002,0.1941143180531975,0.12523761896988936,-1.0669119358062744,1.133611720874722,1.65106556664619,25.258735081532798,0.00472125182030791
ep_gap5,rs80_mkt,oneil_20_8,606,50.523054097238074,0.334983498349835,0.3258331088240108,-1.0285139679908752,1.4498097305429325,3.265159593028383,16.462083783786756,0.011884575874862422,736,84.00750000000001,0.29483695652173914,0.05714081450497341,-1.024999976158142,1.0775510082715882,0.805301436726967,4.800256974526554,0.0016598599068711195
donchian_55,rs80_early,sma50_close,4634,386.3429582287149,0.3193785066896849,0.09877826939404974,-1.0203937888145447,1.153929657680127,3.2415703068256922,38.1622888064101,0.003667290901701372,6393,729.7010156250001,0.32050680431722195,0.28950486287110483,-1.0215758085250854,1.4431348732556906,6.144882710891093,211.25199246542155,0.022900182546622565
random_uptrend,all,oneil_20_8,31095,2592.432949098379,0.12484322238301977,0.07658663999481259,-1.1526094675064087,1.068905658024478,3.2041022607316787,198.5457289832879,0.0010118459073454082,34126,3895.1629687500003,0.11662661900017582,-0.045100061915603534,-1.1321550011634827,0.9591667906974979,-2.1500592703088555,-175.6720910619911,-0.0001415955779861522
undercut,rs80,fixed_3r_20d,5237,436.61589819675874,0.3488638533511552,0.0798697450113717,-1.0463980436325073,1.107869838282794,3.1969204698750517,34.87240045688614,0.0019102071961247336,6453,736.549453125,0.32682473268247325,0.041163390910274364,-1.048647165298462,1.05371619185359,1.7800552904962514,30.31887306373318,0.0018627328392801527
pocket_pivot,mkt_ok,oneil_20_8,36139,3012.958171650308,0.1432524419602092,0.06644767079059129,-1.131567120552063,1.0612631433119495,3.1709522055669144,200.2040526956415,0.0011204323504399208,33716,3848.3653125,0.1286629493415589,-0.0844659319067003,-1.121483862400055,0.923913879066225,-4.167130396820161,-325.0557624377325,-0.0008834183208749957
high52_fresh,rs80,oneil_20_8,3341,278.54376854599406,0.22478299910206526,0.163780254034219,-1.0618952512741089,1.1850507514908701,3.1588693150587823,45.61996917211161,0.006507171894140309,4203,479.733046875,0.2131810611467999,0.08094519484236477,-1.0544965267181396,1.0897832670502228,1.8271450923815795,38.83208495161819,0.0014578284143791833
donchian_55,all,trim_ema,47437,3954.887982195846,0.34974808693635767,0.02310091605153944,-1.0190540552139282,1.0363842708328048,3.1583889181588187,91.36153526994843,6.767399266648017e-05,50716,5788.7559375,0.34007019481031625,0.001560034489364765,-1.022352159023285,1.0023912207818175,0.20935307318257024,9.030658913015063,0.0016146576452142206
high52_fresh,mkt_ok,oneil_20_8,7055,588.1850604884729,0.2069454287739192,0.1194248156305231,-1.0853065252304077,1.1269908263200272,3.150208413189897,70.24389240546395,0.004303033723772129,6665,760.7472656250001,0.18649662415603901,-0.00502307692336118,-1.0713520050048828,0.9947211919503025,-0.1362816545083738,-3.821292034471055,-0.0009576280967088516
ep_gap5,all,oneil_20_8,1872,156.0712166172107,0.2980769230769231,0.15934653961772305,-1.0312674045562744,1.2074451906369594,2.974991881703774,24.8694083018806,0.005580411568477065,2322,265.03453125,0.2885443583118002,0.05350387425379369,-1.0282139778137207,1.0701177399255553,1.288394952743758,14.180374232913154,0.0028716963724616505
ema_retest,early_stage,chandelier_3atr,5856,488.22278018717185,0.3000341530054645,0.0954705143403324,-1.0390474796295166,1.132220826062578,2.9690246223489587,46.61087993713634,0.0020099304006907168,6804,776.6128125,0.29027042915931806,0.04609108681303482,-1.0374303460121155,1.0643396185347382,1.5562121390740038,35.794928561052636,0.0026204342538297073
ep_gap5,rs80_mkt,sma50_close,603,50.27293996804382,0.3250414593698176,0.5068967451509798,-1.0242297649383545,1.757707393351067,2.9537856020853925,25.48318963897202,0.018715195936594115,736,84.00750000000001,0.28940217391304346,0.30274913481907395,-1.020515501499176,1.4475307860921214,2.039900791306992,25.433197943313353,0.01568032873902943
ep_gap5,mkt_ok,sma50_close,1153,96.12719698698928,0.3070251517779705,0.31842831175464165,-1.024127721786499,1.4691972088476326,2.95159137752319,30.609621050272867,0.013258137011387429,1473,168.12914062500002,0.2769857433808554,0.12447058674528466,-1.0221457481384277,1.180428459704165,1.4805606996018605,20.927132782574226,0.006598908652947269
ep_gap5,all,sma50_close,1868,155.73773111161836,0.3083511777301927,0.21447338766133717,-1.0199072360992432,1.3265958091346008,2.9309919123052266,33.40159877819921,0.00857411091760842,2322,265.03453125,0.29112833763996554,0.17706392553338537,-1.0210660696029663,1.2634515456436932,2.703329340403564,46.928054505025706,0.012080022234592397
undercut,early_stage,fixed_3r_20d,7029,586.0174047021228,0.3458528951486698,0.06493485591647348,-1.0655429363250732,1.0843235215383267,2.8968694308226137,38.052955738878076,0.0018221114208774726,8326,950.33484375,0.30951237088638,-0.03155177057248795,-1.0669033527374268,0.9607855819749664,-1.5773222736134271,-29.98474695704119,-6.427508948333678e-08
ep_gap5,rs80_mkt,chandelier_3atr,610,50.8565396028304,0.35081967213114756,0.3496844952559618,-0.6802071034908295,1.595554041902475,2.8863375082374736,17.78374338148058,0.011777542605538104,736,84.00750000000001,0.31929347826086957,0.10319321826397715,-0.730460911989212,1.1756567017510369,1.174604159426249,8.669004283311061,0.004931252158692824
ep_gap5,rs80,oneil_20_8,957,79.78640721296507,0.3113897596656217,0.2170483076379536,-1.0295228958129883,1.2903223050719352,2.8414804360431227,17.317504658086683,0.007616227522341324,1107,126.353671875,0.3080397470641373,0.12399890561710268,-1.024999976158142,1.1711608083452794,2.086242918571256,15.667717033202488,0.005706573194957391
ep_gap8_neglected,all,oneil_20_8,612,51.02328235562657,0.3300653594771242,0.27129589195372356,-1.0277683734893799,1.3639165280486245,2.8348144520695238,13.842406897076394,0.012185792979627188,934,106.60734375,0.3019271948608137,0.13861893975917988,-1.027243196964264,1.186534692681288,2.0577667941850932,14.77779696116743,0.005649722308829207
stage2,rs80_early,oneil_20_8,955,79.6196644601689,0.27853403141361255,0.2588513126665073,-1.0458502769470215,1.3141029366716073,2.8023532143262093,20.60965465958158,0.008422271688883216,1099,125.44054687500001,0.2456778889899909,0.026230625218578562,-1.0420914888381958,1.0301154345909413,0.32814021975593716,3.2903839722916612,0.0018229759081605694
multi_touch,all,sma50_close,12576,1048.4784295822872,0.23711832061068702,0.08524622230753214,-1.064228117465973,1.098884536388677,2.799743827701481,89.37882529282382,0.0019185401584202982,10634,1213.7714062500002,0.20697761895805905,-0.09002439964394326,-1.0598924160003662,0.8994337381404393,-2.7825847651313826,-109.26904215264102,-0.0019497925763277955
ep_gap5,rs80_mkt,trim_ema,605,50.43968272083999,0.3884297520661157,0.2522828614585533,-1.0188571214675903,1.4165961060236885,2.765713014479732,12.725067487875059,0.012156307339968453,736,84.00750000000001,0.35190217391304346,0.12457080365097879,-1.018860101699829,1.198867336993835,1.6440140366886487,10.4648817877096,0.007174010399150733
stage2,all,sma50_close,5974,498.06060260214565,0.2629728824907934,0.11404210953121029,-1.0546398162841797,1.140169843861329,2.7033830906948815,56.79988179513449,0.0030476528360981587,4842,552.6689062500001,0.21685254027261464,-0.13281690361391205,-1.0511711239814758,0.8460712454539633,-3.2365654627539673,-73.40377285181245,-0.0029599055791890557
ep_gap8_neglected,rs80,oneil_20_8,234,19.508902077151337,0.3717948717948718,0.38497082981615305,-1.024999976158142,1.57124636406309,2.7012530311388616,7.510358221443021,0.018840331797021378,324,36.9815625,0.3549382716049383,0.34519255338806415,-1.024999976158142,1.5121149836959624,2.9233086276481997,12.765759987655281,0.01525200424225887
random_uptrend,early_stage,sma50_close,11088,924.4218215019401,0.15674603174603174,0.12291035845848526,-1.1408028602600098,1.118472468413488,2.6392336014694076,113.62101744764935,0.0013373943509301725,13152,1501.1775,0.14514902676399027,0.061172758169629984,-1.1275058388710022,1.0582146791085107,1.249294351050354,91.83116817718972,0.0022958274693447535
ep_gap5,rs80_early,oneil_20_8,328,27.345811458571102,0.35060975609756095,0.37307915167610456,-1.025591492652893,1.524156542264685,2.6316798963251067,10.202152140858406,0.013257680815735423,463,52.847109375,0.3412526997840173,0.25969816868553913,-1.024999976158142,1.3795991627816178,2.7091054795859977,13.724297525011888,0.014604201071542368
undercut,all,qull_sma10,23353,1946.9717530244236,0.3826489102042564,0.035768065087492196,-0.796015202999115,1.055062035327671,2.5994947005033575,69.63941238568636,0.0006047501182036057,26315,3003.610546875,0.362758882766483,-0.0158896293130294,-1.037776231765747,0.9764802839857585,-1.2307381430585218,-47.726258190549274,7.918916277162528e-05
donchian_55,all,chandelier_3atr,47814,3986.3189910979227,0.335529342870289,0.02059300412924476,-0.6595242023468018,1.0353131749434803,2.590629300255179,82.09028344416632,-0.00043972261685525945,50716,5788.7559375,0.3245721271393643,-0.027872509780197913,-0.7134847044944763,0.9533323830955509,-3.65662940700319,-161.3471564831475,-0.00032121655982780877
ep_gap5,rs80_early,sma50_close,325,27.095697329376854,0.3507692307692308,0.5656740849579756,-1.021124243736267,1.8613392357030387,2.580537586587356,15.327333793093516,0.022910051905693344,463,52.847109375,0.3282937365010799,0.4008784184803619,-1.0175225734710693,1.6483270088623883,2.3830583711154185,21.18526562750871,0.02993594987791124
ema_retest,early_stage,trim_ema,5825,485.6382675188313,0.36686695278969955,0.06424924811262382,-1.042758584022522,1.0926299216838762,2.559045143150587,31.20189354280217,0.0021540439778865443,6804,776.6128125,0.3636096413874192,0.061634614382079886,-1.0403072834014893,1.0895372005169666,2.5799886563266767,47.86623122262001,0.0031501147382157492
donchian_55,all,fixed_3r_20d,48218,4020.0010271627484,0.43236965448587666,0.015533285070995212,-0.5210234224796295,1.0278852561767766,2.557658955845449,62.44382194061254,-6.833329058677332e-05,50716,5788.7559375,0.4030483476614875,-0.018739085429053618,-1.0205384492874146,0.9683565902308012,-3.061397672802174,-108.47599204075387,-0.00041824682467202657
ep_gap8_neglected,rs80,trim_ema,233,19.425530700753253,0.4334763948497854,0.3220293529235754,-0.4970526099205017,1.6056242383329271,2.5541312013889113,6.255591081760618,0.014771150397096837,324,36.9815625,0.41358024691358025,0.3503936753136876,-0.7786441147327423,1.633137563074216,2.942644043400844,12.958105603217847,0.018786700364823144
ep_gap5,early_stage,oneil_20_8,775,64.61281670851403,0.3109677419354839,0.2204708136251617,-1.0299872159957886,1.2900301798653817,2.543844786821145,14.245240270339531,0.00839660368668246,1107,126.353671875,0.3089430894308943,0.11441013645497006,-1.0276851654052734,1.1576028750354541,1.9343954612205425,14.456140840805263,0.008571774245066792
ep_gap8_neglected,rs80_early,oneil_20_8,119,9.921193791371833,0.4117647058823529,0.4964497337008224,-1.024999976158142,1.7887252651899392,2.538240431687729,4.925374015720799,0.029082717272226048,187,21.344296875,0.35294117647058826,0.3253188151247741,-1.024999976158142,1.4897023287508708,2.1029876982928406,6.943701369046419,0.013653856811394366
stage2,rs80_mkt,oneil_20_8,1636,136.39557178726318,0.2616136919315403,0.17986744792516,-1.0548259615898132,1.2102354671336486,2.5296368018728,24.533123405667983,0.007689168489960672,1494,170.52609375,0.2182061579651941,-0.06961535055795262,-1.0492587089538574,0.9220140255401192,-1.066756780369069,-11.871233795684544,-0.001331115464324549
ep_gap8_neglected,rs80_mkt,oneil_20_8,144,12.005478201323898,0.3958333333333333,0.45967159591317697,-1.024999976158142,1.7169223800965596,2.5283899202384283,5.518577324503413,0.024236770188104453,203,23.170546875,0.33497536945812806,0.21540147721979397,-1.024999976158142,1.3142795539294738,1.5409162048639518,4.990970024865481,0.008374026121752254
ema_retest,rs80,oneil_20_8,3909,325.89871034010497,0.2368892299820926,0.10347275448218274,-1.0504132509231567,1.1209366314566025,2.517874026019358,33.72163724108167,0.002345193085496796,4466,509.75203125,0.23510971786833856,0.07618478765653633,-1.046507716178894,1.0895964978119825,2.0859172118858282,38.83535025826932,0.0036242004596730225
undercut,rs80,qull_sma10,5247,437.44961196073956,0.4000381170192491,0.06774561914618839,-0.5841773748397827,1.11101882360616,2.5118369786685757,29.63529480754016,0.001132999596285272,6453,736.549453125,0.3700604370060437,0.031477896005368,-1.0226255655288696,1.0488357557779926,1.1882123266894054,23.185027088279423,0.0009924512688731489
ep_gap5,mkt_ok,oneil_20_8,1155,96.29393973978544,0.30303030303030304,0.1746104891653862,-1.0318939685821533,1.2268378524737518,2.5115880701408537,16.813931921626157,0.0067282165197839,1473,168.12914062500002,0.28241683638832316,0.03625734805944583,-1.027584433555603,1.0474618883660725,0.7011347698321326,6.09591677057614,0.0018506814944683437
ep_gap5,rs80_early,trim_ema,325,27.095697329376854,0.40923076923076923,0.3171273135107297,-0.7635093331336975,1.5326402497240452,2.5111554207148474,8.592785701765136,0.016733273908925744,463,52.847109375,0.38660907127429806,0.2770497432586055,-0.7970225214958191,1.4826368045170604,2.883518233664526,14.641278084303195,0.019229050724441286
ep_gap8_neglected,rs80_mkt,trim_ema,144,12.005478201323898,0.4513888888888889,0.4379507431036068,-0.44163714349269867,1.864916392023599,2.5099922160265633,5.257808099583954,0.021713618421927094,203,23.170546875,0.3842364532019704,0.2868600987228267,-0.8661339282989502,1.5018091466148729,1.7791565504910565,6.646705364024383,0.014570103465061029
undercut,all,qull_sma20,23345,1946.304782013239,0.3893767402013279,0.03547353977616371,-0.767948567867279,1.0549087537694115,2.4998600997721248,69.04232010128426,0.0005573978370061723,26315,3003.610546875,0.3698650959528786,-0.012754539018221262,-1.0372207164764404,0.980995812005139,-0.9689373449851865,-38.30966791565809,0.0002377546329532135
ep_gap8_neglected,rs80,fixed_3r_20d,237,19.75901620634558,0.48523206751054854,0.2309466192168714,-0.11456655710935593,1.474423834338458,2.4870802363954985,4.563277991906885,0.010069425507863189,324,36.9815625,0.4444444444444444,0.13495813595076425,-0.30730313062667847,1.26581116580435,1.7635817404713643,4.990962739546685,0.0071615065946254485
ep_gap5,early_stage,sma50_close,771,64.27933120292171,0.3164721141374838,0.2834954813739403,-1.0232230424880981,1.4163564327539238,2.4780456221909652,18.22289994176723,0.012817126719628964,1107,126.353671875,0.3044263775971093,0.23993016879390605,-1.0206557512283325,1.3640856121656115,2.576726096396763,30.31605782069857,0.019666886458831002
ema_retest,rs80_early,oneil_20_8,1128,94.0429125770372,0.26773049645390073,0.1798400453007813,-1.0423781275749207,1.222495220445386,2.477194231562257,16.912681658071786,0.005817506862152037,1546,176.46140625,0.26714100905562743,0.21028698650869465,-1.0428171753883362,1.2608039173073238,3.3377911981484814,37.10753735539904,0.009886554358573751
high52,early_stage,oneil_20_8,8167,680.8940310431408,0.18623729643688014,0.09136015323952143,-1.095529556274414,1.0945024186935945,2.4734915421314634,62.20658301597681,0.002194818956563941,9514,1085.93390625,0.16922430103006098,-0.06358591589173351,-1.0824217200279236,0.9357341453928312,-2.011470755397771,-69.05010202679412,-0.0010108602454748485
ep_gap8_neglected,rs80_mkt,fixed_3r_20d,146,12.172220954120064,0.5136986301369864,0.2793003891735044,0.0860682986676693,1.6430212578601344,2.4593483421200926,3.3997060495916194,0.014107065335911226,203,23.170546875,0.45320197044334976,0.13816070971492073,-0.21609927713871002,1.2835235981538848,1.4631574539232475,3.2012592007328387,0.008093087379049322
donchian_20,early_stage,ema21_close,36779,3066.315852545081,0.34141765681503033,0.0189091415597478,-0.46083366870880127,1.0383521429108846,2.451686854253421,57.9814005226737,-0.00032041961628076607,47166,5383.55671875,0.3380401136411822,0.019382452051190685,-0.4831004738807678,1.0384889793451377,2.715403898282928,104.34652996603734,0.002259237570211903
ep_gap5,rs80,sma50_close,952,79.36955033097466,0.3130252100840336,0.27891692078864094,-1.0240722298622131,1.4155278833573854,2.431969128807286,22.13751058269451,0.009813530517824213,1107,126.353671875,0.3044263775971093,0.38599829544088626,-1.0198999643325806,1.5891822380078742,3.3370640375305203,48.77230196644705,0.02462500403167229
ep_gap10,rs80_mkt,trim_ema,193,16.090675644829947,0.40932642487046633,0.4499349535438063,-1.017719030380249,1.7825006959079193,2.3932194649674465,7.239757398745018,0.02251663826251586,337,38.465390625000005,0.35311572700296734,0.248055106576101,-1.0194824934005737,1.3928785209773402,1.8295542588046445,9.541536570975731,0.014912630434808507
multi_touch,rs80,oneil_20_8,4560,380.17347637525677,0.2212719298245614,0.10375077643680893,-1.0609577894210815,1.1146790111283047,2.3555729596467807,39.44329335461373,0.0032267815439194747,3995,455.99179687500003,0.2132665832290363,0.0007321326843042099,-1.0552064180374146,1.0007952239472577,0.016332213609296486,0.3338464982667938,0.0004284733373121602
ep_gap8_neglected,all,sma50_close,612,51.02328235562657,0.33986928104575165,0.27919370715933994,-0.8655893802642822,1.4420531893068769,2.3544474486952134,14.24537935230512,0.012010009313396748,934,106.60734375,0.32119914346895073,0.2629454923886905,-1.0194772481918335,1.4139045478402454,2.5954810394007777,28.031920494594143,0.013475325953659117
stage2,early_stage,sma50_close,2724,227.1036293083771,0.26798825256975034,0.1357632152502929,-1.0487309098243713,1.17112942602422,2.3134780520683678,30.832318909915923,0.00405008861964979,2681,306.011015625,0.2320029839612085,-0.037965488149056745,-1.0462080240249634,0.9547984388924908,-0.6626102883274553,-11.617857587191757,-0.0003065831667514527
high52_fresh,rs80_mkt,oneil_20_8,2696,224.76923076923077,0.21847181008902078,0.13101499215616824,-1.0644733309745789,1.1463224984611875,2.2872239592140664,29.448139006178742,0.0065276080892574685,3222,367.76109375000004,0.2063935443823712,0.06866569907729435,-1.0567164421081543,1.075001028915314,1.3402835603974232,25.252572595774136,0.0006260287850418932
high52,all,oneil_20_8,30337,2529.2374457886326,0.17186933447605235,0.04422634552029784,-1.1004180908203125,1.044606743070755,2.2802312100706668,111.85892918032366,0.0011004041901637998,29116,3323.3184375,0.15980903970325594,-0.0847974155185555,-1.086170732975006,0.9151611627260521,-4.6764752073957645,-281.80881444516416,-0.0013485558236192097
ep_gap8_neglected,early_stage,oneil_20_8,311,25.928498059803697,0.3408360128617363,0.302162819676748,-1.0284394025802612,1.412205615052406,2.2725879666193634,7.834628083733376,0.015847417723591113,523,59.695546875000005,0.29636711281070743,0.10891282155565268,-1.0271716117858887,1.1489295460625024,1.2375675631420784,6.501610444463975,0.004378658030993004
vcp,mkt_ok,oneil_20_8,1070,89.20737274594842,0.3990654205607477,0.1075419461758259,-1.024999976158142,1.1791671221822921,2.2592375805110323,9.593534478331621,0.005463734040520683,694,79.21359375,0.3530259365994236,-0.018759106300631673,-1.024999976158142,0.971179424606269,-0.33280491775281457,-1.4859762256113027,0.00010549424821544461
ep_gap10,rs80_mkt,fixed_3r_20d,197,16.42416115042228,0.47715736040609136,0.23809731170194706,-0.1458907425403595,1.4818973562508553,2.2397466683154725,3.9105486168751025,0.011571801576626293,337,38.465390625000005,0.3857566765578635,0.06494110724087307,-1.017032265663147,1.1139842214660993,0.8308819138909058,2.4979850576401987,0.005330198832318803
multi_touch,rs80_early,oneil_20_8,1050,87.53994521798676,0.25047619047619046,0.2020978886682895,-1.0527763366699219,1.2335516092949168,2.2167779967319143,17.69163810269285,0.006130189047935779,1148,131.03343750000002,0.23257839721254356,0.07204168571568118,-1.05208820104599,1.080128342970388,0.8404413322955662,9.439869722620351,0.003208100590193709
ep_gap5,mkt_ok,trim_ema,1156,96.37731111618352,0.3633217993079585,0.13252918443778106,-1.0050378739833832,1.2120043153919695,2.216692230512928,12.772806440534092,0.00708551946923089,1473,168.12914062500002,0.34419551934826886,0.03812690029547974,-1.0177844762802124,1.0608003034247913,0.8054853068201703,6.410242981374068,0.002511676639746903
undercut,rs80,qull_sma20,5245,437.2828692079434,0.40648236415633937,0.06041620925792539,-0.5376078486442566,1.0998876036575993,2.196367595083957,26.418973330973127,0.0009525975175846117,6453,736.549453125,0.37641407097474044,0.047694574782480015,-1.0216126441955566,1.074555914524703,1.7754471117726607,35.12941297306507,0.001693730271409952
ep_gap10,rs80_mkt,chandelier_3atr,194,16.17404702122803,0.35051546391752575,0.5678371894797406,-0.6597168445587158,2.0104072506834783,2.1938798247923184,9.184225403047295,0.023418787421272184,337,38.465390625000005,0.3264094955489614,0.16521398925142314,-0.8921936750411987,1.272692231127986,1.2792377734111098,6.355020633270542,0.010087386164012798
ep_gap8_neglected,rs80,sma50_close,233,19.425530700753253,0.36909871244635195,0.4972621990055997,-0.6992480754852295,1.853290618661315,2.1877587028504974,9.65958211310735,0.02191554933342715,324,36.9815625,0.35802469135802467,0.6027865690138927,-0.9112716615200043,2.038005799844534,2.659115116210076,22.291989176147837,0.030469561636521206
ep_gap8_neglected,rs80_early,fixed_3r_20d,120,10.004565167769915,0.5,0.28598649019841105,-0.03597026551142335,1.6219924591027464,2.1686938093973884,2.8611704782917955,0.015976528627894972,187,21.344296875,0.44919786096256686,0.14594303622821914,-0.3095317780971527,1.291111466454129,1.4340938084916834,3.11505149209399,0.008487743170829839
ep_gap5,mkt_ok,chandelier_3atr,1161,96.79416799817393,0.3298880275624462,0.16209249263350062,-0.8293218612670898,1.2576060432068488,2.158607444537972,15.689607963209829,0.006114291627409173,1473,168.12914062500002,0.3061778682959946,0.01579596875605312,-0.8674089312553406,1.0251644250513658,0.28673082565192987,2.655762652294561,0.0013166209819845353
ema_retest,rs80_mkt,oneil_20_8,3022,251.9482994750057,0.23328921244209133,0.10050901300307735,-1.0513279438018799,1.1176528996171862,2.1572865793368634,25.323074908036578,0.0030350800243672906,3254,371.41359375,0.2455439459127228,0.1530134900062063,-1.0471521615982056,1.1816892321040469,3.436437227221886,56.831290215434784,0.006720611877621655
ep_gap8_neglected,rs80_early,trim_ema,117,9.754451038575668,0.452991452991453,0.43811392325621384,-0.5378777384757996,1.8159306924974905,2.150932539058475,4.273560813721035,0.02279079420507973,187,21.344296875,0.4117647058823529,0.40669747390211586,-0.7466705441474915,1.7458914065526845,2.3218189152124635,8.680671621279325,0.02280150545651422
multi_touch,mkt_ok,sma50_close,9794,816.5392604428213,0.23647130896467225,0.07323499483400049,-1.0661188960075378,1.084156995342696,2.127330320632988,59.7992485202886,0.002153647427467129,7751,884.703984375,0.1998451812669333,-0.10391785665460887,-1.0613139867782593,0.8850861227174611,-2.6615719507656754,-91.93654183004257,-0.0026507309638267914
ep_gap5,rs80_early,donchian_10low,327,27.26244008217302,0.36085626911314983,0.3636535179519325,-0.6552278399467468,1.6259770361697181,2.123131249246615,9.91408224383599,0.01152050200273391,463,52.847109375,0.37365010799136067,0.33253233021298184,-0.5777612924575806,1.6106622156221524,2.6511275786664057,17.57337242548907,0.02356498698315726
ep_gap5,rs80_mkt,donchian_10low,612,51.02328235562657,0.3382352941176471,0.22795199374576994,-0.7341108918190002,1.3826852215062955,2.111829022514243,11.630858940418442,0.0067569023985746685,736,84.00750000000001,0.3451086956521739,0.1396708946365676,-0.7513308227062225,1.2412862812805334,1.5885012187806749,11.733402681181452,0.009868234206153473
ep_gap5,rs80,chandelier_3atr,960,80.03652134215932,0.33125,0.17664966512420505,-0.7534243166446686,1.290969579420016,2.1086960955152456,14.138424692798736,0.004418939784060664,1107,126.353671875,0.33604336043360433,0.15546120593632745,-0.754235029220581,1.2660438873428501,2.2458082744283017,19.643094204170524,0.008403612883845682
ep_gap5,all,chandelier_3atr,1877,156.4880734992011,0.32605221097496007,0.11259807341850361,-0.8627757430076599,1.1787325728911866,2.0876090324836247,17.620255588983234,0.0038467353440405235,2322,265.03453125,0.3148148148148148,0.051088176295243974,-0.938555896282196,1.0803613353793011,1.1329290159563927,13.540130856827348,0.003934291385802219
ep_gap10,rs80_mkt,donchian_10low,195,16.25741839762611,0.3487179487179487,0.49629042334377,-0.694751501083374,1.8830631193769225,2.0868243527157118,8.068401059034658,0.019513211195440725,337,38.465390625000005,0.34124629080118696,0.3006107665229456,-0.9445526003837585,1.5037642109130782,1.9899042038200965,11.563110560385777,0.02116791780890195
ep_gap5,all,trim_ema,1869,155.82110248801644,0.3611556982343499,0.0906238081056085,-0.7886058688163757,1.1490244403122654,2.0829051030778807,14.121101690678357,0.004839463269827062,2322,265.03453125,0.35228251507321273,0.05720724066070455,-0.9858318269252777,1.0926019387734016,1.5127520045232838,15.161894212615772,0.004334088318471249
ep_gap10,rs80_mkt,sma50_close,192,16.007304268431866,0.3177083333333333,0.6732822778673532,-1.022732436656952,2.0321341887088886,2.0827637092985594,10.777434280365611,0.02938125475945223,337,38.465390625000005,0.3026706231454006,0.6766031146773555,-1.0203814506530762,2.015688541828417,2.341659583449736,26.02580310415615,0.0367224730085927
ep_gap8_neglected,rs80_mkt,chandelier_3atr,145,12.088849577721982,0.4068965517241379,0.5503283225513738,-0.41362741589546204,2.103122096563295,2.076752345387813,6.652836309683622,0.022678659530356526,203,23.170546875,0.3694581280788177,0.11379489984840448,-0.5168376564979553,1.2128607167810392,0.8471828611201215,2.6366900610733865,0.005766841524459531
ep_gap8_neglected,all,chandelier_3atr,615,51.273396484820815,0.34471544715447155,0.2060512145236797,-0.860000729560852,1.3273583623370742,2.0631637666277927,10.5649456184515,0.008363656968704829,934,106.60734375,0.3329764453961456,0.047860653283238026,-0.92999666929245,1.0769794440905713,0.783298757728198,5.1022971166657225,0.0023552082898637442
stage2,rs80_early,sma50_close,953,79.45292170737275,0.2780692549842602,0.21292534410200548,-1.0394667387008667,1.274477506094181,2.0523112497623806,16.917540694452043,0.005988353896562212,1099,125.44054687500001,0.23748862602365786,-0.005088361480982603,-1.03982412815094,0.9937446933931755,-0.059711121452665696,-0.6382868468721427,0.0006262400563385971
ep_gap8_neglected,mkt_ok,oneil_20_8,382,31.847865784067565,0.3298429319371728,0.2536262367225462,-1.028926134109497,1.3351605332044931,2.043241043921992,8.077454346457799,0.012752059794622912,560,63.91875,0.2982142857142857,0.11681843592516218,-1.0261990427970886,1.1577489530388045,1.3639742062795994,7.4668884012914605,0.0044572609970435296
ep_gap8_neglected,rs80_mkt,sma50_close,144,12.005478201323898,0.3888888888888889,0.7007167972624302,-0.6834613382816315,2.235973412022574,2.0389595111827825,8.412440234835604,0.03142180324519157,203,23.170546875,0.3399014778325123,0.600250590046675,-1.0172698497772217,1.9950579118576401,1.816348537928341,13.908134433422893,0.027402903886082963
donchian_20,rs80_mkt,sma50_close,15202,1267.411664003652,0.29088277858176553,0.03518241011415958,-1.0209130644798279,1.0533538759016023,2.0349019834414723,44.59059694644591,0.002011224928085264,16968,1936.738125,0.28483026874115985,0.11664294074883104,-1.0212302803993225,1.1721908218816772,4.908474718909801,225.9068303603771,0.010064944967978797
high52_fresh,early_stage,oneil_20_8,2936,244.7783611047706,0.2196866485013624,0.11427158004970972,-1.0790528655052185,1.125264360352612,2.030953012711169,27.971210085420548,0.003760003090793443,3665,418.325390625,0.19754433833560708,-0.01983575714117253,-1.0671563148498535,0.9787021707973047,-0.42056960682906114,-8.297800854423633,-0.00030339545686743834
ep_gap8_neglected,rs80_mkt,donchian_10low,145,12.088849577721982,0.41379310344827586,0.46142188542490375,-0.3466677665710449,1.948426898024184,2.022386679731863,5.578059764770528,0.018013875784978657,203,23.170546875,0.39901477832512317,0.20522843034286511,-0.44332677125930786,1.3961233698286244,1.1605371453355267,4.755254965342028,0.012628689665792354
ep_gap8_neglected,all,trim_ema,610,50.8565396028304,0.3819672131147541,0.14935441136781935,-0.6892458498477936,1.2528878389052396,2.0037971456437065,7.595648536584928,0.006832501805541544,934,106.60734375,0.3811563169164882,0.13476898383081948,-0.7590891420841217,1.2335222111063882,2.2895150790508034,14.367363386090366,0.0076506268405377945
ep_gap5,rs80_early,chandelier_3atr,327,27.26244008217302,0.3516819571865443,0.33047817264105384,-0.6380934715270996,1.561424314813009,1.9934943654347168,9.009641380092761,0.007926998330124965,463,52.847109375,0.37365010799136067,0.29680143457235963,-0.5424669981002808,1.5514501638044575,2.6146061052743605,15.685097875502398,0.017507874291778903
ep_gap5,rs80,trim_ema,954,79.53629308377083,0.3731656184486373,0.12915574381639497,-1.0206831097602844,1.2086100661688604,1.9907184374678846,10.272569093633212,0.0064776612570669415,1107,126.353671875,0.36224028906955735,0.16001858293939492,-1.018223524093628,1.2606678278960668,2.6721547520094817,20.21893552262678,0.009668638047933841
ep_gap8_neglected,rs80,chandelier_3atr,235,19.592273453549417,0.37446808510638296,0.3613229843881972,-0.6065402626991272,1.6542701377048314,1.986995714569627,7.079138715186127,0.013192462411454007,324,36.9815625,0.38271604938271603,0.21498215017426345,-0.5678189694881439,1.3947558959516404,1.9285755467286048,7.95037582305391,0.010254890121875998
ep_gap5,early_stage,trim_ema,771,64.27933120292171,0.364461738002594,0.14301353234353195,-0.8764879107475281,1.2276149572913768,1.981140241656877,9.192814212009646,0.008539665122872795,1107,126.353671875,0.3748870822041554,0.14938291077238744,-0.8643445372581482,1.251840355064705,2.604057731383217,18.875079291466648,0.012868635257073597
ep_gap8_neglected,mkt_ok,sma50_close,383,31.931237160465646,0.33159268929503916,0.33462320155568676,-1.019361138343811,1.503888569086343,1.9682296654181897,10.68493280826893,0.016539457641656246,560,63.91875,0.30892857142857144,0.3150626516842749,-1.0197668075561523,1.4850957849415158,2.1535862945670896,20.13841086734425,0.014120923025101158
ep_gap5,rs80_mkt,ema21_close,612,51.02328235562657,0.35294117647058826,0.20279680135746614,-0.6171635985374451,1.3556099560072703,1.9445323050479948,10.347358456479908,0.005636023825858727,736,84.00750000000001,0.3451086956521739,0.0647293586835076,-0.6319083571434021,1.1144231974623107,0.8622404781388203,5.4377515996047645,0.004862582454771437
ema_retest,rs80_early,sma50_close,1120,93.37594156585254,0.275,0.16774270434127955,-1.038679599761963,1.2205951339340424,1.9408729567202538,15.663132958669399,0.005581123681557594,1546,176.46140625,0.27749029754204396,0.38570066719806306,-1.0377039313316345,1.5165547348133461,4.004502723134713,68.06128212533346,0.01888331129426651
ep_gap10,rs80_early,trim_ema,115,9.587708285779502,0.40869565217391307,0.5115535501552665,-0.924201250076294,1.871062357674749,1.921576048605379,4.904626211443569,0.02588002833173327,237,27.051328125,0.42616033755274263,0.5022826442958684,-0.7602657079696655,1.9141846768114488,3.1721089038387382,13.5874126223402,0.035283414722628546
ep_gap5,rs80_mkt,fixed_3r_20d,616,51.3567678612189,0.4366883116883117,0.11029592990208974,-0.3506850302219391,1.2041584862989834,1.8972689266751575,5.664442468018895,0.005717226349455719,736,84.00750000000001,0.4157608695652174,0.04712761808079212,-0.5958969295024872,1.085747099550043,0.9200999014538097,3.959073375922144,0.0027356572198621743
donchian_20,rs80,sma50_close,19550,1629.9104085825154,0.29053708439897696,0.028471317274887185,-1.0178618431091309,1.043613555950058,1.8935389868083383,46.405696372393805,0.0008535862473816735,22612,2580.9478125,0.28467185565186626,0.08842676156102135,-1.0206058025360107,1.1313924624525853,4.576130259775379,228.22485681737714,0.008174731760330355
ep_gap10,rs80,trim_ema,300,25.01141291942479,0.38333333333333336,0.24459429015715917,-1.0214702486991882,1.4019463545263113,1.8636859369136929,6.117648788854306,0.013332848651334644,507,57.869296875,0.38461538461538464,0.33260823262917866,-1.0189214944839478,1.5511332816887908,3.1737402441215576,19.247804557087,0.02161162049248741
ep_gap5,rs80_early,fixed_3r_20d,330,27.512554211367267,0.4484848484848485,0.15070098162995596,-0.22795534878969193,1.289247080138174,1.8633081644743916,4.146168926800426,0.006925340768154428,463,52.847109375,0.4514038876889849,0.12451945562881155,-0.44332677125930786,1.2399702042172347,1.9176230404421528,6.580493290931263,0.009272224582469223
stage2,rs80,sma50_close,2385,198.84073270942707,0.2620545073375262,0.11931547157186234,-1.0478705167770386,1.1503486850772275,1.85482902486599,23.724775790919924,0.003196378094688413,2291,261.496171875,0.22566564818856394,-0.09366318564372164,-1.0439770221710205,0.8879309930525089,-1.6292821803439723,-24.49256449145067,-0.0019942521815458965
donchian_55,all,donchian_10low,47778,3983.317621547592,0.32592406546946295,0.015254387554511646,-0.7133449614048004,1.0253928967821433,1.8413275706729084,60.763070751802516,-0.0007669976550193052,50716,5788.7559375,0.31788784604464076,-0.025515244393396398,-0.7639330923557281,0.9583318602247409,-3.0681001889816413,-147.701522479037,-5.2492724630257686e-05
ep_gap8_neglected,rs80_mkt,qull_sma20,146,12.172220954120064,0.541095890410959,0.20123287176789895,0.04322354309260845,1.5834754174552472,1.8271318894388828,2.4494509783909755,0.01065025549706499,203,23.170546875,0.4876847290640394,0.08617559486106635,-0.028762979432940483,1.1939189449921324,0.7211615808667324,1.996735660209347,0.003977199840788636
stage2,mkt_ok,sma50_close,4511,376.0882789317507,0.26335624030148524,0.08745351446688429,-1.0573333501815796,1.1064968832355737,1.8110684649454485,32.89024174238348,0.003474619245596255,3383,386.13773437500004,0.20839491575524682,-0.1451725616167841,-1.0536165237426758,0.834370836252236,-2.8964368115413093,-56.0566040361201,-0.003327415338073555
vcp,early_stage,oneil_20_8,261,21.759929239899567,0.41762452107279696,0.17602856865445315,-1.024999976158142,1.3044599884777208,1.7932093465112608,3.8303691981217036,0.008416856896895844,226,25.79578125,0.37610619469026546,0.010216332724795931,-1.024999976158142,1.0164758187169711,0.10465542681348788,0.26353828414605235,0.0004327262101944256
ep_gap8_neglected,mkt_ok,trim_ema,383,31.931237160465646,0.3785900783289817,0.18016566982381557,-0.7933480143547058,1.2920527911625268,1.7886112842480935,5.752912731318403,0.00990471648999995,560,63.91875,0.36964285714285716,0.13378094484297826,-0.7726843953132629,1.2291234245723137,1.689582135024741,8.551110768182117,0.006683923563079068
ep_gap8_neglected,mkt_ok,chandelier_3atr,385,32.09797991326181,0.33766233766233766,0.2430925253378802,-0.8206449747085571,1.3831848794312867,1.7689484797765551,7.8027789953593665,0.011119836149268909,560,63.91875,0.32857142857142857,0.03264072863385081,-0.8731900155544281,1.0532689850619679,0.4151727402739007,2.0863545733649516,0.002284987838980409
ep_gap8_neglected,rs80_early,sma50_close,117,9.754451038575668,0.38461538461538464,0.6923214845104605,-0.924201250076294,2.1439648217877045,1.7526222169656083,6.7532160236113095,0.032841213119144626,187,21.344296875,0.34759358288770054,0.5411827798564246,-0.8811277747154236,1.9383214427146285,1.7035340568664503,11.551165916893297,0.03008394948061167
pocket_pivot,rs80,oneil_20_8,14333,1194.9619379137184,0.14344519639991626,0.05488497126605269,-1.10932195186615,1.0522653524373216,1.7510671582827895,65.58545162642108,0.0007717838936557857,14631,1669.991484375,0.14093363406465723,-0.020526618239569826,-1.1046615839004517,0.9808641450109373,-0.6941280338565184,-34.27927766309816,0.0008128669022678199
ep_gap5,early_stage,chandelier_3atr,775,64.61281670851403,0.3303225806451613,0.15750796265209155,-0.7796134352684021,1.2512378726338511,1.750239928784775,10.177033120971066,0.005766424590856918,1107,126.353671875,0.34417344173441733,0.14871513291283964,-0.7586398124694824,1.2543634581370076,2.190245251117899,18.790703106915952,0.01258155003555429
ep_gap10,rs80_early,sma50_close,115,9.587708285779502,0.3217391304347826,0.8159216461946135,-1.02397620677948,2.2267332841109115,1.7373223679789342,7.822818727766947,0.034692288906839876,237,27.051328125,0.3755274261603376,0.8471103323670693,-0.9405232667922974,2.4744343721403923,2.8652279308401067,22.915459558939403,0.06186537275298102
ep_gap10,rs80_mkt,qull_sma10,197,16.42416115042228,0.4873096446700508,0.23857697763782806,-0.02007201500236988,1.597795769929803,1.7118920392709094,3.9184267275043805,0.008638589614355194,337,38.465390625000005,0.44807121661721067,-0.008360429965401792,-0.1265324056148529,0.9821762745361936,-0.11439316228813891,-0.3215872044121352,-0.0010731312828359556
donchian_20,rs80_early,trim_ema,5477,456.6250285322986,0.34051488040898303,0.036061874508882874,-0.7639847993850708,1.059936723038301,1.7092776289544807,16.46675447654681,0.0005369547777180643,7612,868.8384375,0.3648187073042564,0.14981077156348852,-0.85093554854393,1.2465449637307333,6.9184178366732265,130.1613566858908,0.01187486883390984
high52_fresh,rs80_early,oneil_20_8,959,79.95314996576124,0.23983315954118875,0.15800454136085182,-1.054593801498413,1.1824196726753469,1.7089007336594486,12.63296079069551,0.007398247384071463,1573,179.54320312500002,0.22123331214240305,0.041608681828625524,-1.051161527633667,1.0467878616393855,0.6035478655486624,7.470556013320409,0.0013929709623163164
ep_gap10,rs80_mkt,ema21_close,196,16.340789774024195,0.3520408163265306,0.3694706966836785,-0.6326856911182404,1.6752918126010732,1.700470391906542,6.037442982170249,0.013774827996322918,337,38.465390625000005,0.3353115727002967,0.20860062709606034,-0.9523455500602722,1.3500317778195727,1.4832248437033457,8.023904605869921,0.013960240055602776
vcp,rs80,oneil_20_8,594,49.52259758046108,0.39057239057239057,0.11005565307988167,-1.024999976158142,1.1811473677836208,1.6990686117086768,5.450241818929812,0.005281377879067626,456,52.048125000000006,0.37280701754385964,0.06832114268674336,-1.024999976158142,1.1067083500785455,0.9419671441294679,3.555987374702454,0.0063142322408231465
ep_gap8_neglected,rs80_early,chandelier_3atr,118,9.83782241497375,0.3898305084745763,0.501490274381082,-0.5438612401485443,1.936517674952171,1.6971971973701825,4.933572262197544,0.023609183145631735,187,21.344296875,0.39572192513368987,0.2997973623242289,-0.6270512342453003,1.5523856756378125,1.8274323644954582,6.398963903790282,0.01511630860037783
ep_gap5,rs80_mkt,qull_sma20,615,51.273396484820815,0.5056910569105691,0.11626930558132159,0.004537342581897974,1.2699796254530689,1.6883051224940224,5.961522204085892,0.0036585735310282184,736,84.00750000000001,0.46467391304347827,0.051544632423310366,-0.045305775478482246,1.1114041972766961,0.8328982965624144,4.3301357083012455,0.0024092314826267957
ep_gap10,mkt_ok,chandelier_3atr,340,28.346267975348095,0.3088235294117647,0.2815153597976485,-0.9814667999744415,1.436448528790166,1.655236312430157,7.979909828000681,0.01142779828145154,585,66.772265625,0.3128205128205128,0.09499311641368091,-0.9523071646690369,1.150073876857343,1.0499107337175322,6.34290560172085,0.006483615783807368
ep_gap10,mkt_ok,sma50_close,338,28.179525222551927,0.2958579881656805,0.33134374676889483,-1.0255488753318787,1.4754608212054434,1.638437534685384,9.337109469408931,0.015477436331180669,585,66.772265625,0.294017094017094,0.40996120986966494,-1.021363615989685,1.6011161516652874,2.2961425724784448,27.374038801363643,0.02101748820051499
ep_gap8_neglected,early_stage,sma50_close,309,25.761755307007533,0.3333333333333333,0.3025541344882082,-1.023930311203003,1.4465955776688533,1.6302972815759462,7.794325579808669,0.01580103373506881,523,59.695546875000005,0.30592734225621415,0.30686392349522223,-1.0216312408447266,1.466382101408652,2.06794032700319,18.318409729255457,0.01866882157005864
ep_gap8_neglected,early_stage,chandelier_3atr,311,25.928498059803697,0.3536977491961415,0.2536142252556309,-0.8170336484909058,1.400302372360495,1.6280534676032894,6.575835947479243,0.013137774550396398,523,59.695546875000005,0.3422562141491396,0.10116296038556893,-0.8921936750411987,1.1697427949968242,1.1851652135690127,6.038978243710499,0.006980783012324996
ep_gap10,rs80_early,donchian_10low,116,9.671079662177585,0.3706896551724138,0.5505410065424854,-0.6975458264350891,1.9641882686850183,1.6264928351474324,5.324325931567807,0.02028529907291723,237,27.051328125,0.3924050632911392,0.5748973236761138,-0.5368751287460327,2.0695313977287433,2.923161878246455,15.551736140946888,0.04127656603487452
pocket_pivot,all,sma50_close,49214,4103.038918055238,0.1729385947088227,0.030959027461214466,-1.1150661706924438,1.0312489130666587,1.6243306817554428,127.02609453850381,0.0004490583884542945,48059,5485.484296875,0.15682806550281944,-0.07929064425019682,-1.1082879304885864,0.9221786833030255,-3.923856060024153,-434.94758392355664,-0.0005465526411783634
ep_gap8_neglected,rs80,donchian_10low,235,19.592273453549417,0.3872340425531915,0.25154699862320373,-0.5203484296798706,1.4644536276303826,1.6226883078941203,4.928377583445426,0.009036243782240026,324,36.9815625,0.39814814814814814,0.26764630979317944,-0.5108244717121124,1.5035226707388818,2.011225341542848,9.897978733510827,0.014693099123649989
ep_gap8_neglected,rs80_early,donchian_10low,118,9.83782241497375,0.4322033898305085,0.4295011441523241,-0.2883840352296829,1.8475583145918726,1.6218102441950553,4.225355983198606,0.02113461864212433,187,21.344296875,0.39037433155080214,0.39788738035542126,-0.5085134506225586,1.7486622803851308,1.914620249573767,8.492626369122155,0.02406459580733376
ep_gap5,rs80,fixed_3r_20d,968,80.70349235334399,0.4225206611570248,0.07450961042239154,-0.6340300738811493,1.132637005021965,1.6143110431978125,6.013185774974115,0.0034801542802984494,1107,126.353671875,0.4128274616079494,0.05575094347194598,-0.7216418385505676,1.100377985576222,1.3243618990726815,7.044336418175935,0.0032454741340484546
donchian_55,rs80_early,trim_ema,4636,386.50970098151106,0.3528904227782571,0.03714949233473253,-1.0188606977462769,1.059874702484143,1.610928578538934,14.35863917391241,0.0006307305058278657,6393,729.7010156250001,0.36868449867042075,0.15667358217808824,-1.0198519229888916,1.2513112752816806,6.48297300514606,114.32487203695788,0.012772456110714987
multi_touch,early_stage,donchian_10low,5017,418.27419538918053,0.2734702013155272,0.0647507120864968,-1.0512021780014038,1.0825004213401457,1.6070877497913965,27.083551998855935,0.00048226699494212247,4914,560.8870312500001,0.256003256003256,-0.00309643080606715,-1.0505456328392029,0.996169308003723,-0.04809131619919758,-1.7367478822860483,-0.00015931689690408565
multi_touch,rs80_mkt,oneil_20_8,3283,273.70822871490526,0.22113920194943648,0.08254062000036858,-1.0618218183517456,1.0903500446407233,1.6016911753638048,22.592046897330963,0.003509218330407553,2716,310.0059375,0.19992636229749633,-0.06318007582326766,-1.056111752986908,0.9320876425917707,-1.207844621656323,-19.586198636913178,-0.001360797546601639
ep_gap8_neglected,rs80,qull_sma20,237,19.75901620634558,0.5232067510548524,0.1430557162819218,0.029677240177989006,1.366131648652826,1.5994708859316424,2.8266402164248685,0.006406427990794496,324,36.9815625,0.4783950617283951,0.09254563747517862,-0.022275437600910664,1.205709182075693,1.039059638549333,3.4224822763906606,0.0038135123766236865
ep_gap10,rs80_mkt,qull_sma20,197,16.42416115042228,0.5076142131979695,0.2189867799253047,0.0028619503136724234,1.5094888820350176,1.5977324121699856,3.596674163305263,0.007744424250216204,337,38.465390625000005,0.4629080118694362,0.13312004743097627,-0.15758077800273895,1.270558635469111,1.2828877049468705,5.12051462445103,0.00802027624116769
ep_gap10,mkt_ok,trim_ema,339,28.26289659895001,0.35103244837758113,0.19766035469408233,-1.021592617034912,1.3102099760467725,1.593243173870814,5.586454166430632,0.010488713334608482,585,66.772265625,0.35213675213675216,0.16075285079244236,-1.0189214944839478,1.2575746552792013,1.7869906189592264,10.733832053088955,0.009278668080004824
base_50,early_stage,oneil_20_8,592,49.35585482766491,0.2905405405405405,0.14961921275165435,-1.0344142317771912,1.186709992298736,1.5734941910160414,7.384584144000164,0.007520892553509692,888,101.356875,0.29504504504504503,0.2930285701075116,-1.0331770181655884,1.3787061215866503,3.594035067144176,29.70046015181579,0.01335154878403488
ep_gap8_neglected,all,donchian_10low,612,51.02328235562657,0.33986928104575165,0.14933758916547696,-0.8163712918758392,1.2415590022903717,1.5728006543781248,7.619693978298691,0.005216840076982883,934,106.60734375,0.3436830835117773,0.09547310502119302,-0.9203197062015533,1.1558610083298646,1.2631074728824283,10.178134125874177,0.006417050942422829
ep_gap5,early_stage,donchian_10low,773,64.44607395571788,0.3260025873221216,0.14671982291340105,-0.8596600294113159,1.2309682364185783,1.569922892626278,9.455516558246874,0.005365964952684767,1107,126.353671875,0.35862691960252935,0.19810690434934367,-0.734180212020874,1.3414357798830034,2.562256705362771,25.031534788328983,0.017341548416127388
ep_gap10,rs80,sma50_close,299,24.928041543026705,0.2976588628762542,0.33582313175634,-1.02397620677948,1.501702315124189,1.5690562559895973,8.371412979531375,0.015143088715300462,507,57.869296875,0.32741617357001973,0.8069798800675474,-1.0195229053497314,2.267858509789596,3.611718107823049,46.6993582517808,0.05282168018829566
ep_gap10,rs80_early,fixed_3r_20d,119,9.921193791371833,0.4789915966386555,0.22421379136156386,-0.1458907425403595,1.431888332926441,1.5607551110608668,2.2244684747962866,0.010000146957243472,237,27.051328125,0.4388185654008439,0.20161847189414603,-0.358227401971817,1.3917787221848812,2.113987606050192,5.454047439269634,0.015085788603325842
ep_gap5,rs80_mkt,qull_sma10,616,51.3567678612189,0.487012987012987,0.09980266245687532,-0.012008705642074347,1.2516623756728233,1.5577069857671155,5.125542167729332,0.0030762400438579317,736,84.00750000000001,0.45516304347826086,-0.020574155533129513,-0.0819941908121109,0.9533065940658108,-0.4502838412002639,-1.7283833709493774,-0.002112735216186316
ep_gap8_neglected,rs80_mkt,qull_sma10,146,12.172220954120064,0.5068493150684932,0.16586353273245774,0.012638351181522012,1.487406271726731,1.5534468124751781,2.018927568650401,0.009220367530560158,203,23.170546875,0.4975369458128079,-0.02525968234664921,-0.01045434083789587,0.9376567358419627,-0.35333224539314667,-0.5852806538606455,-0.002073183807996308
stage2,early_stage,donchian_10low,2744,228.77105683633874,0.2889941690962099,0.08171940608256488,-1.0383843183517456,1.1116731643808084,1.5533744892350212,18.695034893546296,0.0004984218063465599,2681,306.011015625,0.2752704214845207,-0.086182816906515,-1.0386147499084473,0.8869845436287828,-1.8177782076428015,-26.37289133098608,-0.0021590399616001907
ep_gap5,rs80_early,qull_sma10,330,27.512554211367267,0.503030303030303,0.16277319137289217,0.0066311468835920095,1.400213734899434,1.5457644823509387,4.4783062518039545,0.004225463051151371,463,52.847109375,0.49676025917926564,0.06440854408415175,-0.007019706070423126,1.1607440485053877,1.183838506250152,3.403805373899677,0.005444541855919634
multi_touch,rs80_early,sma50_close,1044,87.03971695959827,0.25766283524904215,0.15260307456508782,-1.0480725169181824,1.1884906895972507,1.545308633991554,13.282528417309711,0.004285759739928953,1148,131.03343750000002,0.24041811846689895,0.1940798530004633,-1.046294093132019,1.2318842331576842,1.5624307336774939,25.430950288145397,0.007123300499539946
base_25,rs80_mkt,sma50_close,944,78.70257931979,0.2574152542372881,0.17242779075148343,-1.0314304828643799,1.2277634613954735,1.5397862540148395,13.570511878554777,0.010948867497865063,1096,125.09812500000001,0.23175182481751824,0.06048977239304698,-1.0317286252975464,1.0737777287467676,0.5975709269119086,7.56715710804694,0.002938802345686343
undercut,rs80_early,chandelier_3atr,1167,97.29439625656242,0.2442159383033419,0.1412897106849021,-1.0489411354064941,1.1713131827594845,1.5180739584781608,13.746697098351929,0.0021628649382003694,1767,201.68648437500002,0.23372948500282967,0.013993620117214452,-1.0570884943008423,1.016712650384283,0.18895737581351768,2.8223240451202583,0.0013983434157885599
stage2,all,donchian_10low,6026,502.3959141748459,0.28028542980418186,0.05702745950579661,-1.044167935848236,1.075627648993893,1.5048709062349215,28.650362651483697,0.00045513575756571243,4842,552.6689062500001,0.2579512598099959,-0.15178409630975803,-1.0421056747436523,0.8054338367343122,-4.31511767975833,-83.88635049365864,-0.0041876934029880615
ep_gap8_neglected,early_stage,trim_ema,308,25.67838393060945,0.37012987012987014,0.17040489160443667,-1.0172585844993591,1.2683299620425588,1.5039084895715948,4.375722230272612,0.01000414127121111,523,59.695546875000005,0.38049713193116635,0.1930033821509314,-0.8414722681045532,1.3301066147610519,2.211990161473477,11.521442446224464,0.01213091770325027
ep_gap8_neglected,rs80,ema21_close,237,19.75901620634558,0.4008438818565401,0.200818378346646,-0.3466677665710449,1.3973731939021588,1.5004035787734669,3.9679735922834176,0.007648777277213777,324,36.9815625,0.404320987654321,0.31497686575527983,-0.4197064936161041,1.6159543133979832,2.3933226565715873,11.648336646982992,0.017503420494763923
ema_retest,early_stage,ema21_close,5870,489.38997945674504,0.3056218057921635,0.043186407718883615,-1.0290207862854004,1.063357223008065,1.4929246076904923,21.134995186355066,0.0004523875060883893,6804,776.6128125,0.2980599647266314,0.021751306350850066,-1.029245138168335,1.0320349940460372,0.8277704772355863,16.89234320068278,0.002071566808455821
ep_gap8_neglected,rs80_early,qull_sma20,120,10.004565167769915,0.5333333333333333,0.20474367103306576,0.057968493551015854,1.5348797028214516,1.4859309914691283,2.048371399538752,0.012361981973178142,187,21.344296875,0.47593582887700536,0.1754012453151284,-0.022453654557466507,1.387884042634642,1.2881203172603575,3.743816252250804,0.008579993114971997
ema_retest,all,chandelier_3atr,14548,1212.8867838393062,0.2854687929612318,0.029660381078943192,-1.0408704280853271,1.040612814465641,1.484932061354092,35.97468421428761,-0.000412809251301871,15673,1788.926015625,0.2798443182543227,-0.023797082571507845,-1.0374267101287842,0.9673743272610419,-1.2889711116090186,-42.57122010814666,-0.00018058326794779053
pocket_pivot,early_stage,donchian_10low,17375,1448.5776649166858,0.2049496402877698,0.04243902371203353,-1.111124873161316,1.0440533885881456,1.4781905435228473,61.47622187012138,0.0003129924506901909,18386,2098.58953125,0.19057978896986838,-0.08519542313507493,-1.106430470943451,0.9142139509622776,-3.1697305712939254,-178.7902231016823,-0.0007266970267546006
ep_gap10,rs80,chandelier_3atr,302,25.178155672220953,0.31456953642384106,0.2565719225622763,-0.8855852782726288,1.416628986394188,1.4681353888709556,6.460007807394012,0.008552105296117914,507,57.869296875,0.3530571992110454,0.2598990252661345,-0.845441997051239,1.4403049617338723,2.498707928969308,15.040173850649065,0.01637571948243396
multi_touch,early_stage,chandelier_3atr,5018,418.3575667655786,0.2756078118772419,0.057420046651929756,-1.0478007197380066,1.073520335053947,1.4613790779450488,24.022111000867344,0.0006210989956723367,4914,560.8870312500001,0.254985754985755,-0.06197285315291803,-1.0482502579689026,0.9227229889570955,-1.6119586215745687,-34.7597696230324,-0.001377179017676451
undercut,rs80_early,donchian_10low,1167,97.29439625656242,0.2570694087403599,0.13545385562641596,-1.0506612062454224,1.1638439438898136,1.4538092102473843,13.178901103795711,0.0032896201950686466,1767,201.68648437500002,0.22410865874363328,0.006695676196512019,-1.0582634210586548,1.007891361114995,0.09164839845415224,1.3504273925878807,0.0003800488985186426
ep_gap10,early_stage,sma50_close,246,20.509358593928326,0.3048780487804878,0.3558221796226529,-1.0271735191345215,1.509921186752576,1.4453928309635675,7.297684677554164,0.016571969991858396,480,54.7875,0.33541666666666664,0.578644994693362,-1.0202412009239197,1.9064833643200765,3.246382836397099,31.70251264676257,0.039493922474207466
ep_gap10,rs80_early,chandelier_3atr,116,9.671079662177585,0.3275862068965517,0.49008747431096333,-0.6993880569934845,1.8150353136911201,1.435122192690824,4.739675005496737,0.017691578632742486,237,27.051328125,0.39662447257383965,0.4562316480945434,-0.6141069531440735,1.8343258207310216,2.8842392963411805,12.341672013615026,0.030301392545043354
ep_gap10,rs80_early,oneil_20_8,118,9.83782241497375,0.3389830508474576,0.28641357247607185,-1.025549829006195,1.4028363869185678,1.4312345669634174,2.8176858632578083,0.01307859037750227,237,27.051328125,0.379746835443038,0.40799478147540413,-1.024999976158142,1.6348753534078175,3.0830217377717233,11.036800706978829,0.023848686214017718
ep_gap10,early_stage,trim_ema,246,20.509358593928326,0.34552845528455284,0.21051546925209402,-1.0248754024505615,1.3257537026625765,1.4066547022520621,4.3175372484602885,0.012132473138532019,480,54.7875,0.3958333333333333,0.3514735745518313,-0.8927067220211029,1.6071344996053898,3.3841760780199572,19.25635846575846,0.023436033808926972
ep_gap8_neglected,rs80_mkt,ema21_close,146,12.172220954120064,0.4246575342465753,0.24975694718528285,-0.235975943505764,1.5386228917201312,1.3843325630272783,3.0400967459657577,0.009877581140568659,203,23.170546875,0.39408866995073893,0.2668966183955311,-0.44332677125930786,1.5165971627852133,1.4761828251091311,6.18414060731264,0.01618378324307961
ep_gap10,rs80_mkt,oneil_20_8,194,16.17404702122803,0.32989690721649484,0.209329081257594,-1.0255881547927856,1.2911433574658806,1.3801077461520757,3.3856984031707884,0.010276323846858186,337,38.465390625000005,0.3056379821958457,0.1256176942547656,-1.024999976158142,1.1748662543858837,1.2096434428037959,4.831933678921378,0.006844253376684531
stage2,all,chandelier_3atr,6027,502.479285551244,0.2828936452629832,0.04870141632797764,-1.0385011434555054,1.0651767912265058,1.3774351376130956,24.471452881815896,0.00019452341009063113,4842,552.6689062500001,0.2496902106567534,-0.16123137973020887,-1.038717806339264,0.7918152647447178,-4.83775967047888,-89.10757028867297,-0.004477494065093036
ep_gap5,rs80_early,qull_sma20,329,27.429182834969186,0.513677811550152,0.13707595875863224,0.012052963487803936,1.3204722598722765,1.351253984577729,3.759881535069219,0.0032987201392060037,463,52.847109375,0.5032397408207343,0.17819160486299435,0.0016581162344664335,1.4161060216300587,2.1678858969722627,9.416911231901445,0.012466903543036902
ep_gap8_neglected,rs80_early,qull_sma10,120,10.004565167769915,0.5333333333333333,0.16578708675612386,0.04965583607554436,1.442510645288059,1.3474800826708764,1.6586277134263658,0.011776543802261586,187,21.344296875,0.4919786096256685,0.05361403691467834,-0.012444214895367622,1.1338675248534467,0.6481435793769283,1.1443539205741036,0.0032056517470883264
ep_gap8_neglected,all,fixed_3r_20d,618,51.523510614015066,0.4223300970873786,0.07988319796333722,-0.5804747045040131,1.1389075028446376,1.3389450662434714,4.115862798145472,0.0033089434485023533,934,106.60734375,0.4004282655246253,0.08157145275187935,-1.01864492893219,1.1403385238890031,1.681566204582501,8.696115903706486,0.005160901583623982
ep_gap10,early_stage,chandelier_3atr,248,20.676101346724494,0.3185483870967742,0.2578211422810601,-1.0225409865379333,1.3964645160189095,1.323922793036556,5.3307360671314745,0.011350287971224808,480,54.7875,0.3541666666666667,0.3223565900848674,-0.828446626663208,1.5563884118466493,2.8250971299504286,17.661111679274672,0.020909412260607496
ep_gap8_neglected,all,ema21_close,619,51.60688199041315,0.3602584814216478,0.10484158327761264,-0.571153461933136,1.181334327661709,1.31103439545912,5.410547215895828,0.0035784166093244477,934,106.60734375,0.35224839400428265,0.1138895530249224,-0.6635051965713501,1.196358587825062,1.6844049801818708,12.141462728861756,0.006791157934645132
ep_gap10,rs80,fixed_3r_20d,307,25.59501255421137,0.4364820846905538,0.10947331324286444,-0.7464718818664551,1.1981911261511355,1.3069364919098878,2.8019708268022288,0.004466209455403872,507,57.869296875,0.398422090729783,0.11035661648130467,-1.01689612865448,1.1965740215994067,1.7001031255160148,6.386259801277138,0.007763367829217734
vcp,all,sma50_close,1298,108.21604656471125,0.3389830508474576,0.055424262011901385,-0.4505889117717743,1.1156365602249363,1.2891001978133814,5.997794518694677,0.002309360771145299,880,100.44375000000001,0.3159090909090909,-0.0847912520154337,-0.5188284516334534,0.8298910640610228,-2.0209682522632586,-8.516751319625218,-0.004370643832060688
ep_gap8_neglected,mkt_ok,donchian_10low,383,31.931237160465646,0.3394255874673629,0.16567693719918192,-0.8325415253639221,1.2655247065533335,1.2889886239088473,5.2902695737266505,0.0065265134375765204,560,63.91875,0.34464285714285714,0.04511011300679196,-0.7974448502063751,1.0745560032072952,0.5228002605494702,2.883382035752884,0.003353932403699998
ep_gap10,mkt_ok,donchian_10low,340,28.346267975348095,0.31470588235294117,0.20347183941973043,-0.9173220992088318,1.3181700236229175,1.2852241491391767,5.767667285628675,0.007093947393278701,585,66.772265625,0.3213675213675214,0.18463461614615864,-1.0169870853424072,1.2944878564847548,1.8048477414823365,12.32847163288122,0.014335597249040974
ep_gap10,early_stage,oneil_20_8,249,20.759472723122574,0.30120481927710846,0.19199198502373982,-1.0299320220947266,1.2505136764810099,1.2830951647025979,3.9856523761584848,0.007103748022986344,480,54.7875,0.31875,0.21317331870862594,-1.0251097679138184,1.3001229938023255,2.2848705449077737,11.679233198748843,0.010833678762234436
donchian_55,mkt_ok,trim_ema,40254,3356.031385528418,0.34617677746310926,0.010097980941884514,-1.0212414860725403,1.0157715043128859,1.2782082180067398,33.88914097143225,-1.739894952870078e-05,40600,4634.109375,0.3413793103448276,0.013381543869748882,-1.0226344466209412,1.0204655039196033,1.5753570504674341,62.01153789877707,0.002333013199565745
ema_retest,early_stage,fixed_3r_20d,5883,490.4738073499201,0.3768485466598674,0.027049982772152866,-1.043542742729187,1.039615696389395,1.276292560216376,13.267308039007563,0.00022951534494044913,6804,776.6128125,0.359347442680776,0.027906753565810138,-1.0422512292861938,1.0406704466042,1.39795612852429,21.672742374488216,0.0014377027455735308
ep_gap10,rs80_early,qull_sma10,119,9.921193791371833,0.47058823529411764,0.2733838924621584,-0.05666016787290573,1.5996087062773598,1.2742276400050536,2.712294576556631,0.009209774901206065,237,27.051328125,0.4810126582278481,0.06253554795589691,-0.05312056094408035,1.1447894693058076,0.8036240625744997,1.6916696272316405,0.0057580170761582635
base_25,rs80_mkt,oneil_20_8,948,79.03606482538233,0.270042194092827,0.0917513070201682,-1.0356407165527344,1.1129827217737152,1.2519387008805758,7.251662249459571,0.006416961498092369,1096,125.09812500000001,0.24817518248175183,-0.005784351990497026,-1.0336298942565918,0.9931913662071856,-0.08433812891466178,-0.7236115883511958,-0.0001287096901031986
ep_gap5,rs80_early,ema21_close,329,27.429182834969186,0.3586626139817629,0.178136626431877,-0.5464996099472046,1.3144149575042627,1.2512683689474173,4.8861420960045585,0.0037057051268539966,463,52.847109375,0.38876889848812096,0.3108473207950431,-0.49538567662239075,1.5919246631907233,2.8850773896497484,16.427382360981355,0.0226447378274166
donchian_20,rs80,fixed_3r_20d,19804,1651.0867381876285,0.4253181175520097,0.011364399553602937,-0.6129065155982971,1.020396994384491,1.2030227224472465,18.763609390419212,-6.290086704364003e-05,22612,2580.9478125,0.4020431629223421,0.0010300799144430136,-1.0197719931602478,1.0017329913124384,0.10948636952865198,2.658582501881883,0.0013870215867912352
high52_fresh,rs80_early,sma50_close,951,79.28617895457658,0.23554153522607782,0.13137875234629356,-1.0523401498794556,1.1574071015456715,1.1993181352667994,10.416519269357229,0.005462146435817937,1573,179.54320312500002,0.22822631913541006,0.19842277075701617,-1.048219919204712,1.2345435953589035,1.9556380978280605,35.62545983465227,0.011211086558634514
ep_gap8_neglected,rs80_early,ema21_close,120,10.004565167769915,0.44166666666666665,0.2675829670081536,-0.27942797541618347,1.539252036653239,1.1979725623099187,2.6770512312183,0.013079623079587084,187,21.344296875,0.4117647058823529,0.5129190400432058,-0.44332677125930786,2.0072344715982755,2.448565077197366,10.947896263522198,0.029840952595994674
stage2,rs80_mkt,sma50_close,1627,135.64522939968043,0.2661339889366933,0.0897872095508873,-1.0500686168670654,1.1121752082449459,1.1961837356029725,12.179206636687287,0.004550380748397,1494,170.52609375,0.2182061579651941,-0.07650072589797782,-1.0447987914085388,0.9091244349023586,-1.022619330460454,-13.045369956421618,-0.0021040810835200215
ep_gap5,all,fixed_3r_20d,1890,157.57190139237616,0.408994708994709,0.03985025725958323,-1.017694115638733,1.0678732920040523,1.1864591621719043,6.279280807367871,0.0017474911508851278,2322,265.03453125,0.3888888888888889,0.019917636471226952,-1.018860101699829,1.033142265983578,0.6563228180458898,5.2788614457595395,0.0020976965641773333
ep_gap5,mkt_ok,donchian_10low,1161,96.79416799817393,0.3186907838070629,0.08384621198395184,-0.9205623269081116,1.1314306956028155,1.1750137624944248,8.115824328785138,0.002129726497953327,1473,168.12914062500002,0.3292600135777325,0.04226712252263761,-0.8593447208404541,1.0684305239413756,0.778040219688321,7.106334986422644,0.0037612835137835116
stage2,early_stage,chandelier_3atr,2741,228.52094270714448,0.2907697920466983,0.057749543450799946,-1.0336799621582031,1.079467553595056,1.1737554676748407,13.196980110284006,-7.234284255178318e-05,2681,306.011015625,0.2607236105930623,-0.08667286838198926,-1.0341098308563232,0.8860528332140913,-1.7833445581256673,-26.522852480704483,-0.0024734471712848467
ep_gap10,early_stage,donchian_10low,247,20.59272997032641,0.32793522267206476,0.2255622946661011,-0.9729609489440918,1.3524637331807672,1.1706676046658302,4.6449434255462165,0.009176879889814386,480,54.7875,0.35833333333333334,0.46045425513899924,-0.7784321904182434,1.7963708184266018,3.1264078399862023,25.227137503427922,0.03242990827247164
high52,mkt_ok,oneil_20_8,25835,2153.8995092444648,0.16702148248500095,0.024595292767869224,-1.103959083557129,1.0245609071075654,1.16534229259618,52.97578902243745,0.0009302301810052776,23098,2636.42015625,0.15429907351285826,-0.08230532725608214,-1.0895404815673828,0.9186261803161692,-3.9569232628452293,-216.99142374468747,-0.0014869600091951649
ep_gap8_neglected,rs80,qull_sma10,237,19.75901620634558,0.4978902953586498,0.09187331793334665,-0.004730788990855217,1.2397341174227106,1.1545622432370781,1.8153263779757367,0.004887950561207794,324,36.9815625,0.49074074074074076,0.010571812385877158,-0.01706246379762888,1.0257238543797347,0.17680243809926935,0.3909621404865902,0.00010791240928494832
high52_fresh,all,sma50_close,8163,680.5605455375485,0.2180570868553228,0.04197311046797464,-1.076722264289856,1.0474740809440835,1.124976900220562,28.565242957992606,0.0015884866585415404,8413,960.2650781250001,0.20420777368358492,0.038515961570494764,-1.0638556480407715,1.0433364046059732,0.926132615416789,36.985532846550655,0.002072580014962534
base_25,rs80,oneil_20_8,1299,108.29941794110934,0.26250962278675904,0.06845005330277623,-1.0350133180618286,1.0844765563980399,1.118831575970431,7.413100930728574,0.00554179737205116,1503,171.553359375,0.26081170991350633,0.053739886302116784,-1.0325546264648438,1.064746219563402,0.9158286533686348,9.21925802755868,0.0030794561506296723
base_50,mkt_ok,oneil_20_8,1846,153.90356083086053,0.2573131094257855,0.06066505069958444,-1.0421208143234253,1.0724939863955114,1.11571961388832,9.336567320650731,0.0056063414105521426,2078,237.18421875,0.24687199230028875,0.06831727935587477,-1.0380600690841675,1.0807076892737135,1.2887215957411573,16.20378053114866,0.0020913117901015135
undercut,all,fixed_3r_20d,23327,1944.8040972380734,0.33283319758220087,0.013344328116442932,-1.0655429363250732,1.0170712542673974,1.1138214210222623,25.95210399574744,0.00034886982722625096,26315,3003.610546875,0.3167395021850655,-0.01451950898075157,-1.0631791353225708,0.9817461970642732,-1.2806100767659638,-43.610950310031704,0.0008079404962055631
random_uptrend,rs80_early,oneil_20_8,2802,233.60659666742754,0.13276231263383298,0.08290686898816278,-1.1136157512664795,1.0787491072009658,1.1115273676159325,19.367591504676998,0.0013713213230246747,3963,452.339296875,0.13802674741357557,0.04453200718363051,-1.1081130504608154,1.041836642474005,0.7560193899490396,20.143576817875875,0.0020923792016959188
ep_gap10,rs80,donchian_10low,303,25.261527048619037,0.31683168316831684,0.1726506678740995,-1.017719030380249,1.2783142490611328,1.0819248371811252,4.361419516463706,0.004566830196690657,507,57.869296875,0.358974358974359,0.38623402019755093,-0.8593447208404541,1.6613196071623033,3.1094696021047747,22.351091178036825,0.026691697668320916
flag_60,rs80_mkt,oneil_20_8,208,17.341246290801188,0.25,0.176889751607982,-1.0319397449493408,1.2181245544991406,1.0780368969434873,3.067488748952661,0.008051824250007765,371,42.346171875,0.2560646900269542,0.08448855004541958,-1.032903790473938,1.0970477979911573,0.6823693717682646,3.5777666616928765,0.004821175631547392
ep_gap5,rs80,ema21_close,963,80.28663547135358,0.3322949117341641,0.07809210624976175,-0.676628828048706,1.1337121673350368,1.0743550225880583,6.2697524676648335,0.0006507645855225702,1107,126.353671875,0.35411020776874436,0.13399207535992855,-0.5921013355255127,1.2403657182730572,2.1700876944586422,16.930390723878684,0.008449167400455334
flag_60,rs80,oneil_20_8,264,22.010043369093815,0.2537878787878788,0.14913329115193902,-1.0316585898399353,1.183687370852175,1.056596254546606,3.2824302060298725,0.007435191729614003,474,54.10265625,0.26582278481012656,0.1086099393948724,-1.0329691171646118,1.1286410003781175,1.0200251507641822,5.876086216414115,0.008039212696262113
ep_gap10,rs80,qull_sma10,307,25.59501255421137,0.4788273615635179,0.10281432130986806,-0.03322247788310051,1.2338403056884253,1.0561664752821036,2.6315338446787946,0.002848532263628292,507,57.869296875,0.45956607495069035,0.014200038266509655,-0.10520044714212418,1.0312173320606939,0.2497739977947873,0.8217462300810076,0.001029756350156436
stage2,rs80_early,donchian_10low,958,79.86977858936316,0.29331941544885176,0.09864202916033037,-1.0324179530143738,1.137448449552761,1.0524210332572297,7.878517028641091,0.0002674638688438407,1099,125.44054687500001,0.2820746132848044,-0.06382649661689231,-1.0337142944335938,0.9140728570722569,-0.9044913458339685,-8.006430640738309,-0.0013838586671505839
base_50,all,oneil_20_8,2290,190.9204519516092,0.25633187772925764,0.049859663273520996,-1.0414147973060608,1.0598967125980303,1.0428648914661012,9.51922944633568,0.00510655585938239,2664,304.070625,0.2511261261261261,0.06987778652688717,-1.0368828773498535,1.0838860278274212,1.5222926471645286,21.247782222847164,0.0025168924710686057
ep_gap5,all,donchian_10low,1876,156.404702122803,0.31609808102345416,0.05396722682101316,-1.0172072052955627,1.08465135066654,1.0374907386799959,8.440728035334308,0.0008700229239958741,2322,265.03453125,0.3298880275624462,0.09240603291709938,-1.0173946619033813,1.1469184803304329,1.893072997734873,24.49078961885551,0.007296417411588672
ep_gap10,all,sma50_close,534,44.520314996576126,0.29213483146067415,0.13789404683340034,-1.0240722298622131,1.2011614600289555,1.0316020494910139,6.139086401175604,0.007192747486813677,933,106.49320312500001,0.3129689174705252,0.48672906362894813,-1.02055823802948,1.738674548304063,3.59718078737919,51.83333703987863,0.030987794930144197
base_25,early_stage,oneil_20_8,668,55.6920794339192,0.2754491017964072,0.08667370356608205,-1.0297968983650208,1.1088374303426363,1.0295002094361152,4.827038783834206,0.005644761956008263,1042,118.93453125,0.27735124760076774,0.08391618744368287,-1.032450020313263,1.104191251687645,1.2379618858473826,9.980532417901559,0.006577777051976426
ep_gap8_neglected,early_stage,donchian_10low,309,25.761755307007533,0.35275080906148865,0.14798080765651267,-0.8002010583877563,1.2342727090147936,1.019563576244177,3.8122453569804264,0.0074797788839094026,523,59.695546875000005,0.34990439770554493,0.197172193891497,-0.816788375377655,1.3358415273394468,1.6718301787013299,11.770301942896449,0.014899597471824705
base_50,early_stage,fixed_3r_20d,593,49.439226204063,0.3794266441821248,0.06678819362997607,-1.024757742881775,1.1024574841604748,1.0006459328465986,3.301956612633146,0.004711514654723239,888,101.356875,0.39076576576576577,0.10155238712304544,-1.0227221846580505,1.1639916965202346,1.8570380492985934,10.293032607582127,0.0061735268713561655
ep_gap10,mkt_ok,ema21_close,344,28.679753480940423,0.313953488372093,0.13901235434283546,-0.8095555305480957,1.2245876205804636,0.9938666684414854,3.986840053357659,0.004037112281493623,585,66.772265625,0.3247863247863248,0.10962414855702629,-0.8971055746078491,1.1793456217847027,1.1702779056880652,7.31985276636422,0.007459942500990553
ep_gap8_neglected,mkt_ok,ema21_close,388,32.34809404245606,0.3556701030927835,0.10548469582563579,-0.563773512840271,1.177269802077696,0.9930512368333578,3.4122288606075384,0.004801912593562126,560,63.91875,0.35,0.08598208562247496,-0.648007333278656,1.1482515380017848,0.9852877268329436,5.495867435381572,0.005068570158979518
base_25,mkt_ok,sma50_close,1475,122.97278018717188,0.24813559322033898,0.08732797378390017,-1.033229112625122,1.112247614082202,0.9900857742036774,10.738963724318664,0.007074547499749746,1878,214.35609375,0.23588924387646432,0.13295651578973716,-1.0328466892242432,1.1643689033360616,1.6469010840517495,28.500039363298256,0.007939228696731691
undercut,rs80_early,qull_sma20,1172,97.71125313855283,0.39505119453924914,0.059091252169918285,-0.554288387298584,1.0967203665516154,0.9828296136187555,5.773880299048945,0.001633129027262026,1767,201.68648437500002,0.3571024335031126,-0.014829851554661365,-1.0343849658966064,0.9776353925781763,-0.2983365813808675,-2.990980623862779,1.9730097785294025e-05
ep_gap10,rs80_early,qull_sma20,118,9.83782241497375,0.4915254237288136,0.192698932765841,-0.03034065105021,1.4120166062273158,0.9803421298615527,1.89573788010531,0.005701101869956385,237,27.051328125,0.48945147679324896,0.22303171871344948,-0.0159694105386734,1.4927355755916605,1.8500436033799479,6.033304205200225,0.016803102028173766
random_uptrend,early_stage,donchian_10low,11109,926.1726204062999,0.17346295796201278,0.038979683497379625,-1.1392403841018677,1.0382132158448194,0.9802358704038173,36.10191560737629,-7.309508507772578e-05,13152,1501.1775,0.1659823600973236,-0.012917154068790078,-1.1249321103096008,0.9874002368546111,-0.3308153664156808,-19.390941052101116,0.0008360597600171797
flag_30_early,rs80,chandelier_3atr,719,59.94401963022141,0.2267037552155772,0.11915224155356721,-1.0471220016479492,1.1447214235989311,0.9779984662994738,7.142464306671917,0.0036144963325090676,1004,114.5971875,0.22709163346613545,-0.047765864055618584,-1.0459733605384827,0.9422920961996551,-0.5407778020093643,-5.473833679281234,-0.0025152631613715327
pocket_pivot,early_stage,chandelier_3atr,17368,1447.994065281899,0.2092929525564256,0.027387813700127623,-1.1079784631729126,1.02877538544647,0.9710028624300852,39.657391698831084,6.910444516096555e-05,18386,2098.58953125,0.1969433264440335,-0.10363283918756315,-1.103687345981598,0.8941116117722928,-4.172411740177383,-217.48279141273477,-0.0011115601840547427
ep_gap10,rs80,oneil_20_8,303,25.261527048619037,0.297029702970297,0.11490103986003611,-1.0272806882858276,1.1520218140844327,0.9640450348414621,2.9025757263387564,0.005067759368679311,507,57.869296875,0.3254437869822485,0.23239252698025437,-1.024999976158142,1.3307467830216668,2.621441643194674,13.448392135351789,0.01277495292520529
ep_gap5,mkt_ok,ema21_close,1167,97.29439625656242,0.32904884318766064,0.06349002523053456,-0.7050024271011353,1.1044212709031402,0.9592990813370106,6.177223673118775,0.001201641879744212,1473,168.12914062500002,0.3333333333333333,0.007170869654063635,-0.6833369135856628,1.0121222802294607,0.1477262923366755,1.20563215247161,0.001221705417925849
ep_gap5,early_stage,fixed_3r_20d,779,64.94630221410637,0.4159178433889602,0.0507839577791397,-0.5884820818901062,1.0874784194049323,0.9499629058180109,3.298230269552425,0.0024169407660453624,1107,126.353671875,0.4173441734417344,0.07219008663744945,-0.6994713544845581,1.1298659745151187,1.696581477365918,9.121482519616112,0.007605060990480727
donchian_20,rs80_early,fixed_3r_20d,5530,461.04371148139694,0.4352622061482821,0.0164578329309622,-0.4041702598333359,1.0307814735647483,0.9497068560355489,7.587780377431569,-0.00021399553286387287,7612,868.8384375,0.436022070415134,0.0828560576312235,-0.543666273355484,1.1498909684533847,5.121846890839552,71.98852764972219,0.006567160399476204
ep_gap5,rs80,donchian_10low,962,80.20326409495549,0.32432432432432434,0.07097832119651913,-0.8932432532310486,1.1148027136222514,0.9485634831365587,5.692693039941001,0.0005137274958330774,1107,126.353671875,0.34959349593495936,0.1926875503499451,-0.7569419145584106,1.3319677607950793,2.6436087228216305,24.34677951131451,0.012365871115890836
ep_gap8_neglected,all,qull_sma20,619,51.60688199041315,0.4717285945072698,0.05838658134731342,-0.046964604407548904,1.1209042874334503,0.9328495576149144,3.013149413414461,0.002474065799661423,934,106.60734375,0.4518201284796574,0.030094752272970406,-0.11530594900250435,1.0609634026819932,0.5700703821715029,3.20832160063565,0.0018267991171608956
stage2,mkt_ok,donchian_10low,4553,379.58987674047023,0.2780584230177905,0.04087541455363799,-1.0469449758529663,1.0537898854433343,0.9288046635959692,15.515893572131066,0.0012038489416054904,3383,386.13773437500004,0.2483003251551877,-0.1836576954679943,-1.043702244758606,0.7672992865613049,-4.557608357472282,-70.91716642854503,-0.005144946118668504
base_25,rs80_early,oneil_20_8,305,25.4282698014152,0.28852459016393445,0.11096942429659797,-1.0284008979797363,1.1436635704279392,0.9236350684531299,2.8217604607216122,0.006391076157327558,437,49.879453125000005,0.30663615560640733,0.14522232435797117,-1.0285868644714355,1.1896035369810791,1.4565698717986055,7.243610120516969,0.011573772169905341
high52_fresh,rs80,sma50_close,3318,276.6262268888382,0.22031344183242918,0.052350701380911496,-1.0576189756393433,1.0618920188169856,0.920189499504233,14.481576997985837,0.0018019989263896644,4203,479.733046875,0.21770164168451106,0.16389914374777928,-1.0508630275726318,1.1905346044089242,2.440318794060184,78.62783561032577,0.006376450993579283
ep_gap10,all,trim_ema,535,44.60368637297421,0.34392523364485983,0.07941980985837561,-1.0212814807891846,1.125127266639462,0.9198295596301085,3.542416290724231,0.005164237920995627,933,106.49320312500001,0.3729903536977492,0.21251411562274428,-1.0179846286773682,1.352377805460897,3.041977747402953,22.631308881942644,0.013497326312897231
donchian_20,rs80_early,chandelier_3atr,5495,458.125713307464,0.33230209281164697,0.021207321559279586,-0.6521961688995361,1.0371051044377189,0.9123938722300722,9.715619316685721,-6.136174287191663e-05,7612,868.8384375,0.3569364161849711,0.10324690582578973,-0.6351726651191711,1.1819594024129447,4.841889322049585,89.7048803343888,0.008391516700988774
vcp,all,trim_ema,1298,108.21604656471125,0.3474576271186441,0.03184119459033193,-0.44455356895923615,1.0671541605193469,0.8938372536412978,3.4457281964633926,0.0001744661228198078,880,100.44375000000001,0.33295454545454545,-0.05882516944389367,-0.5085220634937286,0.8817763075114311,-1.5215794021834081,-5.908620613330095,-0.0026282946353272897
ep_gap10,rs80,ema21_close,305,25.4282698014152,0.32786885245901637,0.13041792666524282,-0.7623316049575806,1.2210735336182723,0.8900469024374124,3.3163022261849764,0.003267792198896698,507,57.869296875,0.35700197238658776,0.2768826011712507,-0.7856563925743103,1.4824909703788043,2.546739681088302,16.02300144670133,0.018283518075239678
ep_gap10,rs80_early,ema21_close,118,9.83782241497375,0.3644067796610169,0.23337701937949318,-0.6269075870513916,1.4135614997784334,0.8845224333805018,2.295921672391341,0.005578636111749802,237,27.051328125,0.4008438818565401,0.5693915038632882,-0.4635116457939148,2.077462811256043,3.0505623235731885,15.402796402593014,0.03983701446844178
ema_retest,all,donchian_10low,14525,1210.96924218215,0.27869191049913944,0.0181341801472431,-1.0460642576217651,1.0244248711330353,0.8843107746733084,21.95993439050157,-0.000884962442744174,15673,1788.926015625,0.270592739105468,-0.030935655436650007,-1.041667103767395,0.958370857621764,-1.6131999415353595,-55.34159882103417,-0.0004521057199983411
htf,mkt_ok,sma50_close,42,3.5015978087194704,0.19047619047619047,0.6708862189026106,-1.0245346426963806,1.8675985033564961,0.8778859354322408,2.3491737140094724,0.0684910096627261,79,9.017109375,0.12658227848101267,-0.2046954828444161,-1.0300488471984863,0.7853649384581877,-0.5661306685106876,-1.8457615573765362,-0.01641691824468442
vcp,rs80_mkt,oneil_20_8,459,38.267461766719926,0.3769063180827887,0.0635731363136926,-1.024999976158142,1.1020582061035902,0.8693613649530605,2.4327825632747055,0.0031250952444188164,354,40.405781250000004,0.3644067796610169,0.023887754262735445,-1.024999976158142,1.0367141069908548,0.29362448935390884,0.9652033732938435,0.002715996242954401
undercut,rs80_early,qull_sma10,1173,97.79462451495093,0.38704177323103156,0.05040187449942804,-0.592556357383728,1.0811216000598622,0.865395773481072,4.929032391521245,0.0012812186020376036,1767,201.68648437500002,0.3531409168081494,-0.057931506646747385,-1.0353301763534546,0.9130932998425021,-1.2629424784104404,-11.684001910129426,-0.0010280313949994312
undercut,early_stage,sma50_close,7007,584.183234421365,0.3166833166833167,0.029157381751633828,-0.42506951093673706,1.0500872589391903,0.8634194731595521,17.033253578927933,0.0006435404174410526,8326,950.33484375,0.3067499399471535,-0.024608492901869186,-0.45159758627414703,0.957738280940106,-0.608623631002948,-23.38630825682084,-0.0002669066478284002
ep_gap8_neglected,early_stage,fixed_3r_20d,313,26.09524081259986,0.4249201277955272,0.07187283634782408,-0.49994707107543945,1.123646817154898,0.8400854961729386,1.87553897238105,0.004024716300001671,523,59.695546875000005,0.40535372848948376,0.06805523255765153,-1.0166722536087036,1.1211616432167832,1.08870616722826,4.062594325234313,0.005308963981630453
ep_gap5,rs80,qull_sma10,968,80.70349235334399,0.4772727272727273,0.038763058204555015,-0.02554382663220167,1.0915946432910657,0.8356790078470491,3.1283141714035336,0.0004027517640551654,1107,126.353671875,0.4634146341463415,0.0045592897208180366,-0.06059331074357033,1.010442933458632,0.12385063009681088,0.5760829973673026,3.711551793229656e-05
undercut,rs80_early,fixed_3r_20d,1172,97.71125313855283,0.34044368600682595,0.042586863932017806,-1.0440269112586975,1.0571899803013898,0.8255303023847207,4.161215842038497,0.0018079857687745612,1767,201.68648437500002,0.3044708545557442,-0.036269694754361564,-1.052902340888977,0.9538835105101289,-0.8589505843383256,-7.315107224361564,3.594883086964125e-05
flag_30_early,rs80_mkt,chandelier_3atr,477,39.768146541885415,0.21593291404612158,0.13140588717640572,-1.0509841442108154,1.1548794684637593,0.8186643158891947,5.225768577697764,0.006626093165609259,709,80.925703125,0.2143864598025388,-0.13922516678490154,-1.0471868515014648,0.8354444484504953,-1.3845250863605651,-11.266894514763553,-0.0061172295558136296
ep_gap10,all,chandelier_3atr,537,44.77042912577037,0.29981378026070765,0.09383152281683159,-1.0199294090270996,1.1407164859744,0.8169547354011646,4.200877542034064,0.0027424073086432304,933,106.49320312500001,0.3290460878885316,0.1535411054017494,-0.978367805480957,1.2449119382701481,2.0377863050255844,16.351084125585533,0.009623047690868053
flag_60,mkt_ok,sma50_close,266,22.17678612188998,0.22180451127819548,0.1849589948507404,-1.0309809446334839,1.230025140853025,0.8152542350414704,4.10179607012462,0.006238481995108698,490,55.928906250000004,0.21224489795918366,0.6153926551912208,-1.0334579944610596,1.6977580201460927,1.399706651723317,34.41823811912837,0.031210754261760763
base_25,early_stage,sma50_close,665,55.441965304724945,0.24661654135338346,0.11431408998017248,-1.0282702445983887,1.1475262687735854,0.8129964993775542,6.337797810521929,0.003965386167200128,1042,118.93453125,0.272552783109405,0.4997043516033288,-1.0273391008377075,1.668587704237832,3.549047695661902,59.432102821527096,0.03176351486059946
ema_retest,rs80_mkt,sma50_close,3000,250.11412919424788,0.23966666666666667,0.043337540466989594,-1.0475311279296875,1.0536153503233805,0.8121451433823096,10.83933119532158,0.00087380693443392,3254,371.41359375,0.2535341118623233,0.23012261236511222,-1.041580855846405,1.2913251534678973,3.712062802672491,85.47066646166452,0.011792146842566475
multi_touch,rs80_early,fixed_3r_20d,1054,87.87343072357909,0.36907020872865276,0.0447428565944211,-1.0393421649932861,1.064178534301253,0.804516593803731,3.9317083093248963,0.0023755569890949657,1148,131.03343750000002,0.34494773519163763,-0.05722671097999549,-1.039954960346222,0.9214987052168977,-1.1534509538197741,-7.498612656527803,-0.00015876129581325263
flag_30_early,early_stage,sma50_close,433,36.09980598036978,0.18937644341801385,0.14826075039485653,-1.0500929355621338,1.1725058528049932,0.7895357259950891,5.352184323758353,0.0035704954134920873,744,84.920625,0.21505376344086022,0.4240047228560152,-1.0495625734329224,1.4921360496443477,1.9876395382320229,36.0067460678846,0.017606095265804353
multi_touch,early_stage,ema21_close,5027,419.10790915316136,0.2902327431867913,0.02851961672641898,-1.0430326461791992,1.0382515291613335,0.7834354945365344,11.952796936058988,-0.0006857805041371062,4914,560.8870312500001,0.27024827024827025,-0.05542201811399257,-1.0459030270576477,0.9283770938861271,-1.4652763304137455,-31.085491205841016,-0.0013353776072577673
donchian_55,mkt_ok,chandelier_3atr,40592,3384.21091075097,0.33171560898699254,0.006701791114822301,-0.6725003719329834,1.0113943418090612,0.7809360083874873,22.68027461235554,-0.0006057017248057023,40600,4634.109375,0.32438423645320197,-0.017260473070448472,-0.7067310214042664,0.9710538461215779,-2.0002681467692343,-79.9869200727003,0.00024390445017844495
donchian_20,rs80_mkt,fixed_3r_20d,15422,1285.7533668112303,0.42536635974581766,0.008328490042721454,-0.6287899315357208,1.0148907805446874,0.7778279326117639,10.708384112882916,0.000404867124289076,16968,1936.738125,0.402050919377652,0.006000312943545189,-1.0194382667541504,1.0101070864799422,0.5471936616919079,11.62103483969494,0.0016619483953688463
donchian_55,mkt_ok,fixed_3r_20d,40946,3413.7243779958912,0.42993210570019047,0.0050311204711019925,-0.5399530529975891,1.008985404883348,0.7667403996460834,17.174858600835044,-0.00016783930128212455,40600,4634.109375,0.40123152709359605,-0.017630137716827844,-1.0206313133239746,0.9702788202455805,-2.561047815434687,-81.699986476093,-0.00041408293121778254
donchian_55,rs80_early,fixed_3r_20d,4687,390.76164117781326,0.43481971410283765,0.014300845040759822,-0.41158080101013184,1.0267528521875233,0.7626844190610156,5.5882216783569,-0.000290088540409077,6393,729.7010156250001,0.4326607226654153,0.06356474828648907,-0.5621061325073242,1.1150406853030064,3.6587116714575627,46.383261382598555,0.005050699897188559
htf,mkt_ok,trim_ema,42,3.5015978087194704,0.35714285714285715,0.28546637296676636,-1.0218852758407593,1.441602383410576,0.743674530257498,0.9995884260435242,0.02137978889402889,79,9.017109375,0.31645569620253167,-0.0026698463325259053,-1.0230000019073486,0.9962814166254484,-0.009864732560259595,-0.024074296394828706,-0.0020950573667459474
high52,rs80_early,oneil_20_8,3200,266.78840447386443,0.185,0.040451680249680065,-1.0758697390556335,1.0431166945265362,0.742741205727561,10.792039232099079,0.0018081917221127242,4731,539.999296875,0.18706404565630944,0.004002599316172706,-1.0659115314483643,1.0042120358038829,0.09214148320452802,2.1614008164056173,0.0009324165524217017
undercut,rs80_early,sma50_close,1170,97.54451038575668,0.31025641025641026,0.057458022868949285,-0.45039011538028717,1.099030496699063,0.7400415482485049,5.604714708485268,0.0019727903691277907,1767,201.68648437500002,0.29711375212224106,0.15343592755142907,-0.5390260815620422,1.2552889889193484,0.9815134009364355,30.945952804664934,0.004406668027190422
flag_60,rs80_mkt,sma50_close,208,17.341246290801188,0.23076923076923078,0.17832663458270523,-1.0317767262458801,1.2233566486738516,0.7323353648912387,3.0924060905083954,0.008932159299057765,371,42.346171875,0.20754716981132076,0.7864838025590399,-1.0328162908554077,1.8849652518543922,1.376947824731887,33.304578280068675,0.039245461208201105
base_50,rs80_mkt,oneil_20_8,1112,92.70897055466789,0.25359712230215825,0.04983677527207291,-1.0398197174072266,1.0602881223518432,0.7294407767178618,4.620316131238209,0.004565986851303547,1210,138.11015625000002,0.2396694214876033,0.04332626573433561,-1.036478340625763,1.0502987268503428,0.6087437894344211,5.9837973302981124,-0.0006930646299931013
ep_gap8_neglected,mkt_ok,qull_sma20,388,32.34809404245606,0.46649484536082475,0.0585743045763199,-0.033248042687773705,1.119578149778594,0.7220021635718485,1.8947671129062607,0.0034948001597250675,560,63.91875,0.45535714285714285,0.0044606596303180725,-0.12466497346758842,1.009058244128507,0.07011612843963388,0.2851197877453933,-0.00011263825535934302
flag_30,mkt_ok,oneil_20_8,892,74.3672677470897,0.23542600896860988,0.055234017376808844,-1.037858486175537,1.065867147166692,0.7186384217928035,4.107602959008548,0.004380795207279713,1380,157.5140625,0.2144927536231884,-0.029855833602124366,-1.0402833223342896,0.9664595442622195,-0.4708934135736907,-4.7027136399946174,-0.0002843319208941598
flag_60,rs80_mkt,fixed_3r_20d,210,17.50798904359735,0.32857142857142857,0.08615892346770991,-1.0275586247444153,1.1241850317619162,0.7142398119857567,1.5084694880808078,0.004599845712073147,371,42.346171875,0.32345013477088946,0.027771855209956592,-1.0295313596725464,1.0363853027342893,0.2878301375628806,1.1760317540084362,0.0031374118063659116
flag_30_early,all,chandelier_3atr,1215,101.29622232367039,0.2222222222222222,0.06295987592067248,-1.0485988855361938,1.076248220438702,0.7109528984615615,6.377597588731141,0.002312021910662307,1953,222.916640625,0.2339989759344598,0.0838613591733433,-1.0463749170303345,1.1008993274398235,1.1746199231850876,18.694092465168215,0.003498480276947844
flag_30_early,all,oneil_20_8,1215,101.29622232367039,0.1925925925925926,0.05350569936105744,-1.0524406433105469,1.0589900396217515,0.6954165340184267,5.4199252180611435,0.002146571786277027,1953,222.916640625,0.2048131080389145,0.16824807782113338,-1.0530095100402832,1.1858895751924956,2.570863337667121,37.50529629950063,0.005980324578083789
base_25,rs80_early,chandelier_3atr,304,25.34489842501712,0.29276315789473684,0.11423523839728564,-1.0221468210220337,1.1642418402787955,0.6941582591803602,2.89528051373682,0.002404356258155435,437,49.879453125000005,0.32036613272311215,0.12847108582929267,-1.0175281763076782,1.1949819874469858,1.0470799241902329,6.408067503540056,0.011477866972120904
base_25,rs80_mkt,trim_ema,944,78.70257931979,0.3654661016949153,0.04345389190859998,-1.0252752900123596,1.0656603808109237,0.693681618106006,3.419933374690171,0.00507206869483294,1096,125.09812500000001,0.3293795620437956,-0.01483094331597651,-1.0268059372901917,0.9793375449857264,-0.23457744041753814,-1.855323200809944,0.00011123060014049598
ep_gap5,early_stage,ema21_close,778,64.86293083770829,0.3329048843187661,0.05334158721685189,-0.6985035836696625,1.087313440138578,0.6874675729332268,3.4598916824202486,0.0015052603712764204,1107,126.353671875,0.36133694670280037,0.14636654924986633,-0.6365448832511902,1.2594157789630887,2.3021927748213113,18.493950937393638,0.013923100465834112
vcp,rs80,sma50_close,588,49.022369322072585,0.3282312925170068,0.046229873750624914,-0.4668753892183304,1.0934547307639317,0.6842387450314954,2.2662979447159235,0.002282519892018865,456,52.048125000000006,0.33771929824561403,-0.07010056172383197,-0.5270938873291016,0.8614404700616233,-1.229568432616783,-3.6486027991722225,-0.00271058673439384
htf,rs80_mkt,sma50_close,31,2.5845126683405617,0.16129032258064516,0.6198442611963518,-1.0259840488433838,1.7841955841269421,0.6817605978117524,1.6019953454601672,0.08457543289348964,59,6.734296875,0.13559322033898305,-0.025683476826397038,-1.0295566320419312,0.9724581490013321,-0.054543726391615796,-0.1729601577311405,-0.008722419448007467
vcp,rs80_early,oneil_20_8,85,7.086566993837024,0.38823529411764707,0.1168059716329855,-1.024999976158142,1.191026688622984,0.6815718664734081,0.8277533432573787,0.00557877408231006,88,10.044375,0.3181818181818182,-0.1891257828524844,-1.024999976158142,0.7363630507416726,-1.2471926081382037,-1.8996502851389232,-0.01581251159024594
flag_60,mkt_ok,oneil_20_8,266,22.17678612188998,0.24060150375939848,0.09410373984198821,-1.0310816764831543,1.1151084087493466,0.6805164756206961,2.086918511745749,0.0030212544247900184,490,55.928906250000004,0.2530612244897959,0.0699242461092618,-1.033881664276123,1.0805886846843302,0.661157303550435,3.9107866052468307,0.004057676616904079
htf,mkt_ok,qull_sma20,42,3.5015978087194704,0.4523809523809524,0.25511209259829704,-0.26675011217594147,1.504088267701191,0.6744929960654543,0.8932999444200356,0.010068033350675944,79,9.017109375,0.3291139240506329,-0.02398081621320187,-1.0189067125320435,0.9636737396075599,-0.0822366842943567,-0.21623764269621462,-0.007772668319329903
base_50,all,fixed_3r_20d,2298,191.58742296279388,0.3807658833768494,0.022105165567956317,-1.0298649668693542,1.0338219414804268,0.6737781479736411,4.235071705330634,0.0032178608820396643,2664,304.070625,0.3581081081081081,0.004121470433726624,-1.027697741985321,1.0061940319755298,0.1317019874027094,1.2532180907022759,0.00031124764688558444
ep_gap10,mkt_ok,qull_sma10,346,28.84649623373659,0.4479768786127168,0.061511864329182216,-0.20365190505981445,1.1320977934866947,0.6728642105440586,1.7744017627018709,-5.155035185747419e-05,585,66.772265625,0.4358974358974359,-0.005672050717199205,-0.19563782215118408,0.9882295657926354,-0.10121974376772269,-0.3787356771272971,-0.0014666388505317556
ep_gap10,mkt_ok,qull_sma20,345,28.763124857338507,0.463768115942029,0.06446813508071869,-0.19313295185565948,1.1285058651718107,0.6705583253322484,1.8543050186464765,0.0003995526390929666,585,66.772265625,0.4444444444444444,0.0678545456742828,-0.2890259623527527,1.1329294078930372,0.9426095838644563,4.5308017476269065,0.003762820592703811
htf,mkt_ok,donchian_10low,42,3.5015978087194704,0.19047619047619047,0.3937672373971769,-1.0244057774543762,1.5446684422739745,0.6698116723204648,1.378814495615474,0.03586878328739355,79,9.017109375,0.16455696202531644,-0.27131918900280816,-1.0265551805496216,0.6977053985684033,-0.8805455407773811,-2.4465148027746184,-0.02204074734480038
base_25,rs80_early,sma50_close,304,25.34489842501712,0.2598684210526316,0.13116319853457084,-1.0269067883491516,1.1740161633971182,0.6653700521429344,3.324317943959052,0.0037209928278140354,437,49.879453125000005,0.2929061784897025,0.6689709859603944,-1.023532509803772,1.9433039184757332,2.720324873604535,33.367906936196526,0.042644986073226504
ep_gap5,rs80,qull_sma20,966,80.53674960054782,0.489648033126294,0.03274831824409814,-0.012008705642074347,1.0730635558067927,0.6634908042710949,2.6374431062639836,-0.0002120807961730769,1107,126.353671875,0.4670280036133695,0.05465411003802078,-0.038136012852191925,1.1187810721366793,1.1585512108450144,6.905747486364222,0.0029918422659900284
ep_gap8_neglected,early_stage,ema21_close,313,26.09524081259986,0.36741214057507987,0.07933947845650748,-0.6866450905799866,1.129914892392703,0.6611595574020593,2.0703827962686416,0.004424444109665605,523,59.695546875000005,0.35564053537284895,0.19297334227272903,-0.724932849407196,1.3381509437910097,1.876686117097572,11.519649199267114,0.013371569636409683
multi_touch,rs80,sma50_close,4546,379.00627710568364,0.2300923889133304,0.03084947348911009,-1.056591808795929,1.0363018022476367,0.6544377996640518,11.6921440977781,0.0009063886890061424,3995,455.99179687500003,0.21602002503128911,-0.042539988191173564,-1.0516328811645508,0.9513357907845436,-0.791747662680939,-19.397885654334516,-0.00029781404762101643
ep_gap5,all,ema21_close,1884,157.07167313398767,0.3248407643312102,0.030693710707885614,-0.6606654822826385,1.0518500508067203,0.6485554330043511,4.821112495578187,-7.273651733066992e-05,2322,265.03453125,0.3341946597760551,0.042694286924859964,-0.6927199363708496,1.0718140687987616,1.0540423119118303,11.315460322183265,0.003692510928098606
base_25,mkt_ok,oneil_20_8,1482,123.55637982195846,0.25978407557354927,0.03741769227997353,-1.0370331406593323,1.045199167451244,0.6483850906156563,4.623194599405573,0.005074682734932124,1878,214.35609375,0.24494142705005326,-0.0155537001772747,-1.0359901189804077,0.9817207730520108,-0.3009170959161011,-3.3340304133592875,0.00020010359632396818
undercut,rs80,sma50_close,5234,436.3657840675645,0.3119984715322889,0.022014862227950772,-0.4025954157114029,1.0399526572833695,0.6456624130824,9.606532617239148,-0.00026298776488163774,6453,736.549453125,0.3215558654889199,0.046684908596893,-0.40086016058921814,1.0839229903489684,0.9256466398784305,34.38574389623215,0.0016399130962515122
flag_60,rs80,fixed_3r_20d,266,22.17678612188998,0.3233082706766917,0.06792845789875303,-1.0272135138511658,1.0977629687866197,0.6438813063056991,1.5064348824104539,0.0028810404377632346,474,54.10265625,0.3291139240506329,0.030452886863536976,-1.02913898229599,1.0410325304982744,0.3680240795420755,1.6475820697980816,0.00428172229260662
stage2,mkt_ok,chandelier_3atr,4550,379.33976261127594,0.27912087912087913,0.026063477621838492,-1.0427151918411255,1.034327567340705,0.643416114564856,9.886913413892517,0.0007695096343405356,3383,386.13773437500004,0.23884126514927578,-0.17674885382625283,-1.0400307178497314,0.7744182987971989,-4.381167985367975,-68.24940196984731,-0.0046053369448126845
random_uptrend,rs80,oneil_20_8,10110,842.8846153846154,0.12393669634025717,0.025421955515828598,-1.1276796460151672,1.023382454374312,0.6428938349059182,21.42777519728399,0.00027566903318164724,11586,1322.4332812500002,0.12687726566545832,-0.028759086875628566,-1.111498236656189,0.9731098952851807,-0.8551831476970153,-38.0319736226913,0.0005564014462996346
base_25,rs80,sma50_close,1294,107.88256105911893,0.250386398763524,0.05457031740655855,-1.0312640070915222,1.0721833220458425,0.6379740601702001,5.887185599628553,0.004416993868883074,1503,171.553359375,0.24218230206254157,0.15785479116723244,-1.0304875373840332,1.197790770095004,1.6196313080449303,27.080519718177804,0.009451215471740467
ema_retest,rs80_early,chandelier_3atr,1125,93.79279844784296,0.28,0.04566532230253021,-1.0307185649871826,1.064120404414838,0.6329382513649252,4.2830783707770035,-9.21337418904942e-05,1546,176.46140625,0.3130659767141009,0.16026708337672316,-1.023723542690277,1.2389073651061235,2.509185377382987,28.280954908242567,0.009682786132000118
htf,all,sma50_close,53,4.418682949098379,0.16981132075471697,0.386832502934168,-1.024701714515686,1.4806521406842115,0.6317542176682397,1.7092901848722568,0.045853595073633596,98,11.18578125,0.11224489795918367,-0.3329301744471399,-1.0299684405326843,0.6539189518748207,-1.1307061394612647,-3.724084102890047,-0.024204516474499692
ep_gap10,early_stage,qull_sma10,252,21.009586852316822,0.42857142857142855,0.07420647384539719,-0.34889569878578186,1.1482086627429264,0.6316513712549314,1.559047357259049,0.0014431284019207982,480,54.7875,0.46458333333333335,0.04131477950043821,-0.07261545583605766,1.090099138377101,0.7073483764240059,2.2635334818802586,0.002738284689470068
flag_30_early,mkt_ok,chandelier_3atr,857,71.44926957315681,0.22170361726954493,0.06897036533024653,-1.0505255460739136,1.082591784033742,0.6310931993632846,4.927882225039893,0.00420535435194944,1452,165.7321875,0.2238292011019284,0.023308340788462275,-1.048150897026062,1.0275972681154582,0.28910407671505284,3.8629423058673273,0.0012424233660647728
vcp,all,fixed_3r_20d,1327,110.63381648025565,0.49133383571966843,0.0178629106350221,-0.021927954629063606,1.0441961634033428,0.6285073091092207,1.9762419769982418,-0.0006659163623332283,880,100.44375000000001,0.4875,-0.00013507009478582239,-0.046642500907182693,0.9996836728934928,-0.003879203879405371,-0.013566946833143448,0.0012865944777910375
ema_retest,rs80_early,donchian_10low,1124,93.70942707144488,0.27580071174377224,0.04613335927002947,-1.0319793224334717,1.0645762662365037,0.6231270394805078,4.323130666075592,-0.0007087830515396801,1546,176.46140625,0.296248382923674,0.1523886909419225,-1.0281354188919067,1.2238858077377655,2.240994889193767,26.890722700208283,0.008905703633679955
ep_gap10,early_stage,fixed_3r_20d,251,20.926215475918738,0.4103585657370518,0.05807344903390246,-1.020672082901001,1.0980711321054704,0.6073495213425952,1.215257507913228,0.0027043250631967716,480,54.7875,0.4166666666666667,0.16576828324080756,-0.7209998965263367,1.3027242565630186,2.412132675794491,9.082029818055744,0.011202191877813069
vcp,mkt_ok,sma50_close,1066,88.87388724035608,0.324577861163227,0.028792438943957513,-0.47775571048259735,1.057989051391225,0.5943890540743527,2.558895972080117,0.001223550687407156,694,79.21359375,0.30403458213256485,-0.11659716982904403,-0.5197786688804626,0.7673422393152015,-2.491272024827364,-9.236080843237652,-0.0075040779170286315
ep_gap10,rs80,qull_sma20,306,25.511641177813285,0.49019607843137253,0.05658171719223188,-0.02677753660827875,1.121673723080411,0.5927207021811567,1.4434924662327286,0.00024120154809792606,507,57.869296875,0.46548323471400394,0.11464058536693134,-0.05369866266846657,1.2386371636773053,1.4824106736565927,6.634170068522731,0.007363724630771832
base_50,rs80,oneil_20_8,1451,120.9718671536179,0.25155065472088217,0.033870251951347664,-1.0390264987945557,1.041014654840764,0.5798220252581833,4.097347619517997,0.004120103711078456,1643,187.533046875,0.24589166159464396,0.048444238761740345,-1.0351366996765137,1.05737427606171,0.8175185493668529,9.084895698529145,0.0004894239146362171
donchian_20,rs80_early,donchian_10low,5495,458.125713307464,0.3288444040036397,0.01384726629616418,-0.671004593372345,1.0238641389675298,0.5795391400683054,6.343788749288621,-0.0009986841259081976,7612,868.8384375,0.3501050972149238,0.11675671796418209,-0.6598405241966248,1.2021757333362848,4.940107643990807,101.44272440362815,0.009801215792544836
vcp,rs80_mkt,sma50_close,454,37.85060488472951,0.31277533039647576,0.04700584136901448,-0.4963630735874176,1.0914282821773007,0.5780538388378271,1.7791995289328402,0.0031750722708014387,354,40.405781250000004,0.3220338983050847,-0.12920216655116634,-0.5332986116409302,0.7475122188359463,-2.1046979531817995,-5.220514478692494,-0.007936487310285822
ema_retest,rs80_early,trim_ema,1120,93.37594156585254,0.35446428571428573,0.032430539962453105,-1.0335079431533813,1.0473305980477732,0.5707284410718971,3.0282322044830665,0.001697287675577692,1546,176.46140625,0.37710219922380334,0.17059624032569232,-1.0287010669708252,1.2608509467186342,3.2483855168560565,30.10365246883463,0.00891318802602371
flag_30,rs80_mkt,oneil_20_8,600,50.02282583884958,0.23,0.053532444213827454,-1.0390928387641907,1.0630736029741268,0.5649330708736755,2.6778441336362215,0.004420179129422953,848,96.79125,0.22877358490566038,0.025421762698382703,-1.0377048254013062,1.0290046074166057,0.3114068291830864,2.460604188779835,0.002204158207190768
ep_gap5,mkt_ok,fixed_3r_20d,1172,97.71125313855283,0.4121160409556314,0.023768898678124338,-0.7343343496322632,1.0405210367290947,0.563224637978863,2.3224888755628212,0.0013271836368583493,1473,168.12914062500002,0.3978275627970129,0.04340119358627612,-1.01689612865448,1.0746361879699342,1.1434536150114791,7.297005379759867,0.0031035665456029837
base_25,rs80_early,trim_ema,304,25.34489842501712,0.3618421052631579,0.06786763517333097,-1.0228235125541687,1.1016914116785412,0.5556541004447925,1.7200983198141924,0.003698086591995027,437,49.879453125000005,0.37528604118993136,0.2344951820762261,-1.0206557512283325,1.359943111769487,2.081248779166349,11.69649144240946,0.018149959816553714
multi_touch,rs80_early,donchian_10low,1047,87.28983108879251,0.28557784145176696,0.046180148927206684,-1.042349934577942,1.0612625405654459,0.552365085514977,4.031057399511154,0.0002984360474936349,1148,131.03343750000002,0.2761324041811847,0.007334931219363332,-1.0414257645606995,1.0094981341586424,0.0940935156020753,0.961121251499244,0.001902974715496625
ep_gap10,mkt_ok,oneil_20_8,339,28.26289659895001,0.2861356932153392,0.06421255836796268,-1.0291186571121216,1.0809193896407203,0.5288066674496685,1.8148328975077717,0.0022519343260642703,585,66.772265625,0.28547008547008546,0.07637142102257946,-1.0253771543502808,1.101560314046357,0.9404813515298173,5.099492810678385,0.0034312186965671106
vcp,early_stage,trim_ema,261,21.759929239899567,0.3486590038314176,0.04135236548709458,-0.44420126080513,1.085746452427175,0.5261674779795875,0.899824546901643,0.0008917714949069238,226,25.79578125,0.3407079646017699,-0.04050622665760132,-0.44024209678173065,0.9154448821658596,-0.5210547231999406,-1.0448897621224025,-0.002542438527952418
stage2,early_stage,ema21_close,2750,229.27128509472723,0.29963636363636365,0.023823122266150843,-1.030312180519104,1.0341254962941406,0.5258459279156199,5.461957856929214,-0.0011287030116473033,2681,306.011015625,0.2823573293547184,-0.10172572953896318,-1.0354516506195068,0.8627962420446419,-2.3017248053570163,-31.129193811412186,-0.002726120765122587
ema_retest,rs80,sma50_close,3885,323.897797306551,0.24555984555984556,0.023991711413154017,-1.0458520650863647,1.029782142619057,0.5248753530033932,7.770862480335026,-0.0004384395819215131,4466,509.75203125,0.24496193461710702,0.13020449307770854,-1.0419819355010986,1.1630520862875118,2.598999563646418,66.3720048242385,0.0071151383757269895
multi_touch,all,donchian_10low,12659,1055.398253823328,0.2644758669721147,0.013579508744922928,-1.0561429262161255,1.0169350649380111,0.5238241381056832,14.331789817170272,-0.0002654698540671983,10634,1213.7714062500002,0.24384051156667294,-0.08274719574407464,-1.052670180797577,0.8995158810674112,-2.120811718882656,-100.43618014152949,-0.0025809499883171464
stage2,early_stage,fixed_3r_20d,2774,231.27219812828122,0.38139870223503963,0.01643641259001364,-1.0355152487754822,1.0243650198960585,0.5214862346614575,3.80128526903581,0.00024637290580823806,2681,306.011015625,0.3524804177545692,-0.09760256531663622,-1.0363646745681763,0.8623337576173804,-3.098776059506227,-29.86746014014925,-0.0020735099022082494
flag_60,rs80_mkt,chandelier_3atr,208,17.341246290801188,0.24519230769230768,0.10062768145312126,-1.0275586247444153,1.1356319687009149,0.5133841528512757,1.7450094077508622,0.00724859106965316,371,42.346171875,0.2398921832884097,0.1610918843389471,-1.029131293296814,1.1981187445056516,1.0152580639104103,6.821624621884676,0.013045096552650402
htf,rs80,sma50_close,39,3.2514836795252227,0.15384615384615385,0.37022344080301434,-1.0267499685287476,1.4543056359332118,0.5073511340976187,1.2037754755486734,0.060762255595853694,77,8.788828125,0.11688311688311688,-0.22017315383274833,-1.0298880338668823,0.7675564862960557,-0.6030161237297025,-1.9350640067752103,-0.01919319610679885
ema_retest,mkt_ok,chandelier_3atr,12264,1022.4665601460854,0.2809034572733203,0.010851651266897954,-1.0432226061820984,1.0147395603017084,0.501028695084193,11.09545054277006,-0.0007341633979348398,12391,1414.316484375,0.28197885562101527,-0.012925817642082256,-1.0376101732254028,0.9822181031388889,-0.623622416099179,-18.28119696522213,0.0005721085597822496
flag_30_early,early_stage,donchian_10low,433,36.09980598036978,0.24018475750577367,0.08755351423434311,-1.0489174127578735,1.1063274824184524,0.49902314567833683,3.1606648767593297,0.002690030575160466,744,84.920625,0.2446236559139785,0.13758517861095887,-1.048150897026062,1.1628568066837461,1.2254651341378824,11.68381935837926,0.007399391037510487
flag_30_early,rs80,oneil_20_8,719,59.94401963022141,0.18776077885952713,0.04848910841225583,-1.051543951034546,1.0533714434065626,0.48689936764539776,2.9066320665161975,0.0009770162791526656,1004,114.5971875,0.20019920318725098,0.11996409504774558,-1.0525827407836914,1.1330164793595674,1.361993795751047,13.747547893454321,0.0035475419288820242
flag_30_early,early_stage,chandelier_3atr,433,36.09980598036978,0.23787528868360278,0.07174394252187385,-1.0485988855361938,1.0878289890437125,0.4828675740795736,2.5899424053064473,0.00323494604750274,744,84.920625,0.2446236559139785,0.1979856157114589,-1.04777193069458,1.235382209370093,1.6231146423338025,16.81306222722691,0.009780674692905528
flag_60,all,oneil_20_8,335,27.929411093357682,0.23880597014925373,0.05666970775198581,-1.0310624837875366,1.0687023503578779,0.4726250574237542,1.5827515643456502,0.0015534316231288127,616,70.310625,0.25811688311688313,0.06605145685955302,-1.0339723229408264,1.0779005786475102,0.7233603725450665,4.64411921395571,0.005547999645516809
undercut,rs80_mkt,oneil_20_8,1494,124.55683633873545,0.1927710843373494,0.03701571781447573,-1.0650576949119568,1.0397145082340469,0.4712595870400493,4.610560705778468,0.003953628120145983,2175,248.255859375,0.19080459770114944,0.05420334684405604,-1.06511390209198,1.0574341958376214,0.8205732319727264,13.456298451772328,0.0029803944752222443
vcp,early_stage,sma50_close,261,21.759929239899567,0.34099616858237547,0.040293665784785805,-0.439816951751709,1.0825017712919878,0.4665758065950675,0.8767873162931012,0.0009795623118685865,226,25.79578125,0.3274336283185841,-0.03428408555455704,-0.48160921037197113,0.929662841624913,-0.37752828813920947,-0.8843847713216383,-0.002715551245965855
base_25,rs80_early,fixed_3r_20d,306,25.511641177813285,0.34967320261437906,0.04509836049397397,-1.0236047506332397,1.0683441557243225,0.46541431399733557,1.150533190629934,0.0031305041937979266,437,49.879453125000005,0.3890160183066362,0.08173780182900772,-1.0213103294372559,1.127723058922748,1.0504702426896273,4.0770368548705305,0.007435045079051067
stage2,early_stage,trim_ema,2722,226.9368865555809,0.35966201322556945,0.017546246706902937,-1.0360240936279297,1.0251147603013684,0.4641298467953753,3.981890598400667,0.0006938374930973305,2681,306.011015625,0.3319656844461022,-0.09237989274333677,-1.0362294912338257,0.8742712795447815,-2.4605725667976643,-28.269264801717057,-0.0018676698154917952
multi_touch,rs80_early,chandelier_3atr,1048,87.3732024651906,0.2786259541984733,0.03766701808679166,-1.0412641763687134,1.049746613284908,0.4587990460757924,3.291087997557244,-0.0002903205305988854,1148,131.03343750000002,0.2770034843205575,0.011282506709517214,-1.0391623377799988,1.014816589059245,0.14593964038165033,1.4783856377648545,0.001380916796838376
htf,mkt_ok,qull_sma10,42,3.5015978087194704,0.4523809523809524,0.14519174362621493,-0.11199024692177773,1.2979401414679625,0.4576387124852496,0.5084030913257133,0.0017498885669435065,79,9.017109375,0.3291139240506329,0.06493106647099875,-1.0172293186187744,1.1019800420096142,0.22478549066269635,0.5854905282043911,-0.002120369268710949
stage2,all,ema21_close,6046,504.0633417028076,0.2932517366854118,0.014431537492777995,-1.0342296361923218,1.0200906745737166,0.45207133009567557,7.274409014519033,-0.0006120739496462553,4842,552.6689062500001,0.2705493597686906,-0.16392002575680187,-1.0387723445892334,0.7820841233971618,-5.369458242176033,-90.59350134748352,-0.004445086771675978
flag_30_early,rs80_early,ema21_close,252,21.009586852316822,0.25,0.0815948155922963,-1.0432764291763306,1.1075510575083103,0.44813142124664135,1.714273364885124,0.002893158950356005,359,40.976484375000005,0.2757660167130919,0.10842449114266212,-1.0460983514785767,1.1377510102569974,0.7145242783654001,4.44285446717462,0.006632182636547284
stage2,rs80_early,chandelier_3atr,960,80.03652134215932,0.28958333333333336,0.036393368467300506,-1.02921462059021,1.0503260318324479,0.445290192152968,2.9127986120461653,-0.0017619762559964631,1099,125.44054687500001,0.27388535031847133,-0.05273266829889449,-1.0272347927093506,0.927803753828679,-0.7049975115500138,-6.614814749591301,-0.0013573491254004605
stage2,rs80,fixed_3r_20d,2423,202.00884501255422,0.37267849773008666,0.014992954836926933,-1.0339999198913574,1.0224373551093549,0.4427652536353038,3.028709489932998,0.00035562967035279074,2291,261.496171875,0.3531209079004801,-0.077220767592021,-1.0350350141525269,0.8898406577996293,-2.2665699823159975,-20.19293511456255,-0.0017160488121594642
stage2,rs80_mkt,donchian_10low,1640,136.72905729285552,0.27682926829268295,0.029749628672058263,-1.0394611954689026,1.040294684938488,0.4412282245471152,4.067638683143032,0.0019348941875494614,1494,170.52609375,0.2583668005354752,-0.15768379899031087,-1.037430763244629,0.7926365350456176,-2.72789492255878,-26.889202289477907,-0.004564654473466445
flag_60,rs80_mkt,trim_ema,208,17.341246290801188,0.3701923076923077,0.06448033989335482,-1.0252540707588196,1.0974651466223004,0.43910030541136585,1.118169455005239,0.004075575301472922,371,42.346171875,0.3504043126684636,0.29540077872032106,-1.027079701423645,1.4063996924887752,1.5178468068212176,12.509092147699558,0.016957889848220543
flag_30_early,early_stage,ema21_close,435,36.26654873316594,0.2689655172413793,0.05684438014059092,-1.046329140663147,1.075979577247342,0.4363869762484862,2.061549482575351,0.0031671120544986523,744,84.920625,0.2553763440860215,0.04992706684636012,-1.0433077216148376,1.0623352379494622,0.4849624263292322,4.239837721009681,0.004252417302366236
ep_gap10,early_stage,qull_sma20,250,20.842844099520658,0.448,0.05168343706056475,-0.36847271025180817,1.0980333236509925,0.43605253264858695,1.0772298211807394,0.00012583424558397383,480,54.7875,0.4666666666666667,0.17422256288276305,-0.06016712076961994,1.3634351418980521,1.9689042729824522,9.545218663939382,0.012137312871027461
base_25,rs80_mkt,chandelier_3atr,946,78.86932207258617,0.2917547568710359,0.035418032696588754,-1.0184721946716309,1.0524427369334104,0.4341093681751433,2.7933962279246463,0.0039901569784916964,1096,125.09812500000001,0.2572992700729927,-0.123447247623019,-1.0251437425613403,0.8344840887808005,-1.8549018092467273,-15.443019214050382,-0.005094732607973049
flag_60,mkt_ok,fixed_3r_20d,268,22.343528874686143,0.3208955223880597,0.0452584292628427,-1.0272192358970642,1.0647605582534925,0.43374223134947615,1.0112330210572664,0.00040404270177206664,490,55.928906250000004,0.32040816326530613,0.005247813029860964,-1.0302723050117493,1.00685576782285,0.0638958153353024,0.2935044429646223,0.0015691634177287318
ep_gap10,early_stage,ema21_close,250,20.842844099520658,0.328,0.06541193092335015,-0.9953399896621704,1.1027271475105838,0.43155618373162585,1.3633706784840016,0.00126482282433426,480,54.7875,0.3625,0.35084581045569696,-0.7187484204769135,1.620853747312285,2.9828299307258423,19.2219648403415,0.024154901290035013
ep_gap10,mkt_ok,fixed_3r_20d,344,28.679753480940423,0.4011627906976744,0.03330099913778953,-1.0173356533050537,1.056900058598631,0.42173729611509475,0.9550644459408134,0.0005609782630588512,585,66.772265625,0.38974358974358975,0.08808850996140549,-1.0177844762802124,1.1519645315685791,1.4261835308178188,5.8818693856534265,0.005841316249764835
htf,rs80_mkt,trim_ema,31,2.5845126683405617,0.3548387096774194,0.15169331239115807,-1.0227142572402954,1.2327889922891453,0.4172025208685002,0.3920532875774903,0.021181561293140534,59,6.734296875,0.3559322033898305,0.19154743976512198,-1.0233336687088013,1.277066275941615,0.5446824503447864,1.2899373250245116,0.007476808124427068
flag_60,mkt_ok,chandelier_3atr,266,22.17678612188998,0.22932330827067668,0.07990818924998823,-1.0269650220870972,1.105970897155972,0.41442098907132874,1.772106822384497,0.0029632859019001535,490,55.928906250000004,0.24081632653061225,0.12187560945321635,-1.0303882360458374,1.1505042418453375,0.8646584843126625,6.816369535270551,0.010238755775430852
htf,rs80_mkt,donchian_10low,31,2.5845126683405617,0.1935483870967742,0.24095650437858798,-1.0249524116516113,1.3313643499177845,0.4059788154740305,0.6227551380855186,0.04117760210177831,59,6.734296875,0.1694915254237288,-0.05311075560117172,-1.025946021080017,0.9392790404300747,-0.13044094858788344,-0.35766359547385945,-0.011655605587540037
htf,all,trim_ema,53,4.418682949098379,0.33962264150943394,0.12431417096335932,-1.0227142572402954,1.185779413840278,0.39798387724971,0.5493049075670967,0.010910423788821922,98,11.18578125,0.2755102040816326,-0.16103030802035817,-1.0236901640892029,0.788541678051142,-0.7236480688259639,-1.8012498001358472,-0.01202037260268948
ep_gap8_neglected,mkt_ok,fixed_3r_20d,387,32.26472266605798,0.4160206718346253,0.029473051719983573,-0.5775802135467529,1.0505733915633555,0.39717266704879434,0.9509398398676531,0.0021421942202306957,560,63.91875,0.4107142857142857,0.1127918822067191,-0.6591775715351105,1.2025726131541408,1.8145937800276337,7.209516120800727,0.006459386050742718
multi_touch,early_stage,fixed_3r_20d,5063,422.10927870349235,0.36342089670156036,0.009972912870034238,-1.0474427938461304,1.013737572136026,0.39335386980871667,4.209659058142928,0.0005407752027214833,4914,560.8870312500001,0.3306878306878307,-0.07385871578326811,-1.0476810932159424,0.9017919635316706,-3.02580402761816,-41.42639582761477,-0.0013470460889530014
high52_fresh,rs80_early,donchian_10low,956,79.703035836567,0.2594142259414226,0.035688638811342606,-1.0467187762260437,1.0458888728428974,0.3746503073945872,2.8444928581387354,0.002615182904492982,1573,179.54320312500002,0.25683407501589317,0.018105251897388132,-1.0406557321548462,1.0230820558692983,0.24603779585678262,3.2506749190420487,0.005602748751268353
base_25,rs80_early,qull_sma20,306,25.511641177813285,0.4542483660130719,0.03827131364731958,-0.06219324842095375,1.0736745035070843,0.37088081075499535,0.9763640211739657,0.0011246251366066966,437,49.879453125000005,0.4759725400457666,0.017969129773845696,-0.08621785789728165,1.033803450667723,0.22106298042020595,0.8962903662515783,0.0028560519962540524
multi_touch,all,chandelier_3atr,12664,1055.8151107053184,0.26650347441566646,0.009262310804919844,-1.0519999861717224,1.01167946437728,0.3693954901644424,9.779287707883512,-0.00035039059709221563,10634,1213.7714062500002,0.24628549934173405,-0.1247847220597387,-1.0493353009223938,0.8462049937259467,-4.975051460917749,-151.46012757296444,-0.003213214231874279
pocket_pivot,rs80_early,oneil_20_8,3672,306.1396941337594,0.1454248366013072,0.02127715175609208,-1.0992083549499512,1.020761863410038,0.36827876636881035,6.5137807306476105,0.0003810491932094493,4829,551.185078125,0.1490991923793746,0.036143836924614536,-1.0984680652618408,1.0340082752864115,0.6971593626765318,19.921943579030923,0.001956890694840722
high52_fresh,early_stage,sma50_close,2919,243.3610477060032,0.22439191503939707,0.02177874389113,-1.0741925239562988,1.02493721464499,0.36746496730669,5.300097931066114,0.0015534337241108552,3665,418.325390625,0.2092769440654843,0.03995139526151182,-1.0631494522094727,1.0453601802554586,0.688134277264924,16.712683028785705,0.004046628820455136
donchian_55,rs80,sma50_close,17006,1417.8136270257933,0.2928378219451958,0.005764100094454181,-1.0257858633995056,1.0085297644485458,0.36079191566447205,8.172419661457798,-0.0003942576375853398,19274,2199.94640625,0.2915845180035281,0.11383453387346827,-1.024832546710968,1.1640728370901536,4.9291644514635795,250.42987370208044,0.010032787488071106
multi_touch,rs80_mkt,sma50_close,3273,272.87451495092444,0.230980751604033,0.020106878179129612,-1.0581448078155518,1.0233986144837295,0.3595470649741209,5.486654630307321,0.0014121077569984796,2716,310.0059375,0.20618556701030927,-0.06273529299358949,-1.0523499250411987,0.9288279427556424,-0.9204773236233801,-19.44831331881489,-0.0010122694259256811
flag_30_early,mkt_ok,donchian_10low,857,71.44926957315681,0.220536756126021,0.041576890837533735,-1.0515161752700806,1.0494230644586897,0.3581788214034987,2.970638481464661,0.0024124663578798857,1452,165.7321875,0.2196969696969697,0.0315370360384862,-1.0489218831062317,1.0371258681640698,0.3942032691398027,5.226701969924652,0.00239480775543956
base_25,rs80,fixed_3r_20d,1302,108.54953207030358,0.369431643625192,0.015645176237673027,-1.0270220637321472,1.0240859569959193,0.3555808518676665,1.6982765597568399,0.003491736475802974,1503,171.553359375,0.3499667332002661,-0.01927505839827978,-1.0265623331069946,0.9721679106208947,-0.4580126356945176,-3.306701020374203,0.00029499202116850466
htf,all,donchian_10low,53,4.418682949098379,0.16981132075471697,0.16722878174118275,-1.0246423482894897,1.2186192228625674,0.35348592744298823,0.7389309664782586,0.020002019455445545,98,11.18578125,0.14285714285714285,-0.37906982367668224,-1.0290254354476929,0.5864978634964851,-1.4999679135536013,-4.240192126123438,-0.02807799209983145
base_25,rs80_mkt,donchian_10low,947,78.95269344898425,0.2893347412882788,0.027896060532056607,-1.0259850025177002,1.040125254601927,0.3476127869033246,2.2024691156217737,0.005581922783642805,1096,125.09812500000001,0.25821167883211676,-0.05388352727130001,-1.027879238128662,0.9291956105428919,-0.6415340890684174,-6.740728230025998,-0.0015005162395226742
ema_retest,all,fixed_3r_20d,14614,1218.3892946815795,0.367045299028329,0.004590648500450903,-1.0463795065879822,1.0066228147737264,0.3413361049923868,5.593196988595427,-0.00045737504605727116,15673,1788.926015625,0.34562623620238625,-0.01114337106933067,-1.0430220365524292,0.984195101845006,-0.8502587013245114,-19.934666407688614,-0.00016837313973915176
vcp,all,chandelier_3atr,1312,109.38324583428441,0.3589939024390244,0.010824008991820426,-0.31948915123939514,1.0270226068382133,0.3326886187116343,1.1839652364647986,-0.0008511370680724478,880,100.44375000000001,0.3715909090909091,-0.03230325228492306,-0.3243463784456253,0.9198205724925658,-0.905777461961265,-3.2446597966937407,-0.001315193953525357
ep_gap10,all,oneil_20_8,537,44.77042912577037,0.2756052141527002,0.03085350329871506,-1.0300084352493286,1.038550347836561,0.331755058418775,1.381324582716845,0.0009163910543868661,933,106.49320312500001,0.2904608788853162,0.10791901033920698,-1.025974988937378,1.14352608445344,1.6507554669784388,11.492641089102145,0.004759680983857007
stage2,rs80,donchian_10low,2399,200.00793197900023,0.2763651521467278,0.017515095340366747,-1.03855562210083,1.0237589281360122,0.32110080809207014,3.503157997441776,-0.0007108113985327094,2291,261.496171875,0.2636403317328677,-0.12496116912782693,-1.0370278358459473,0.8356518006947554,-2.4023501395568925,-32.676867359951174,-0.0034277696782528807
vcp,early_stage,donchian_10low,262,21.84330061629765,0.3702290076335878,0.024487545081051706,-0.341791108250618,1.0543894833731635,0.32008431295388406,0.5348888085605532,-0.0004013900303829262,226,25.79578125,0.39823008849557523,-0.059535672702719415,-0.2983316481113434,0.8637496069286932,-0.7435386688374611,-1.5357691896109464,-0.0037057608290934994
ep_gap5,mkt_ok,qull_sma20,1171,97.62788176215476,0.4671221178479932,0.014729665126900065,-0.04012853279709816,1.0304339602621964,0.3187898012377933,1.4380260054051337,-0.0001625757455812832,1473,168.12914062500002,0.4589273591310251,0.006231610256650922,-0.07813792675733566,1.0128346492023488,0.15590191153771724,1.0477152771606553,0.00011582022868769397
high52_fresh,rs80_mkt,sma50_close,2675,223.01843186487102,0.2160747663551402,0.01892286854404434,-1.0602985620498657,1.0221473667289742,0.298489961713364,4.220148469077864,0.001760293967977262,3222,367.76109375000004,0.21570453134698944,0.23389853485682163,-1.0528355836868286,1.2688092450209199,2.784618943463482,86.01878100546723,0.008484242752210646
high52_fresh,rs80,donchian_10low,3334,277.96016891120746,0.2525494901019796,0.014339567665488452,-1.0498372316360474,1.0184029926269256,0.29777525006788946,3.985828650412859,0.0009045169971669736,4203,479.733046875,0.24815607899119677,0.015303509817747304,-1.0446722507476807,1.0191978973596556,0.33702539702364476,7.341599392749391,0.0016021118917312358
flag_30_early,all,donchian_10low,1215,101.29622232367039,0.2222222222222222,0.027267634194658556,-1.0491999387741089,1.0328526825630902,0.2969124189828707,2.76210833562265,0.00020197445919920226,1953,222.916640625,0.22990271377368152,0.07839363597647449,-1.0473819971084595,1.0936862312272453,1.1176475911865256,17.475245978254836,0.004182227502632487
flag_60,mkt_ok,qull_sma10,268,22.343528874686143,0.4216417910447761,0.03462497772363974,-0.4810940772294998,1.0654537496358851,0.29178039578829884,0.773644189553509,-0.001555086427356061,490,55.928906250000004,0.39183673469387753,0.04937101724466703,-0.9524514973163605,1.0796675182431001,0.5201415064325403,2.761266994944116,0.002559150401329858
htf,mkt_ok,ema21_close,42,3.5015978087194704,0.2619047619047619,0.1320382458645673,-1.02241712808609,1.1960431339870752,0.29088819569484875,0.46234483238653157,-0.0022282947043311737,79,9.017109375,0.20253164556962025,-0.0795787313505064,-1.0258171558380127,0.9032205349489092,-0.2254401092143744,-0.7175701245112578,-0.010055952222098279
flag_30_early,rs80,ema21_close,720,60.027391006619496,0.24444444444444444,0.028026696300043518,-1.0440632700920105,1.0368586870409822,0.28872492088606155,1.682369457426488,0.0014528164901498207,1004,114.5971875,0.2400398406374502,-0.057639435635748845,-1.042566180229187,0.9269707708560259,-0.7147047220413177,-6.605317212944092,-0.002146421782421805
base_50,mkt_ok,fixed_3r_20d,1854,154.5705318420452,0.37971952535059333,0.010529766581575385,-1.0311302542686462,1.0160053060230179,0.28861965007224927,1.6275916206867012,0.0029131577613301226,2078,237.18421875,0.3517805582290664,-0.0014046661514198163,-1.028073251247406,0.9979230042076745,-0.03903853089766076,-0.33316464372907834,-0.000987105779591087
donchian_55,rs80_early,chandelier_3atr,4654,388.01038575667656,0.3311130210571551,0.007116166133178948,-0.6775288283824921,1.0123624676034213,0.28836146319171163,2.761146366443361,-0.000847682820268778,6393,729.7010156250001,0.34913186297512905,0.0953602530693988,-0.6474947929382324,1.1676103116541612,4.064573110539326,69.58447351499733,0.008224907477803155
ep_gap10,all,donchian_10low,537,44.77042912577037,0.3016759776536313,0.030296604227954504,-1.0191936492919922,1.0460408078975476,0.28396767597240613,1.3563919723391522,-0.0003769438355763094,933,106.49320312500001,0.3333333333333333,0.2696754730241433,-1.0172698497772217,1.4345910593439444,2.918128324773722,28.71860492659055,0.01933271277042992
flag_60,rs80_mkt,ema21_close,209,17.424617667199268,0.27751196172248804,0.05373415845094258,-1.0272583961486816,1.0745878488725122,0.28375583152862194,0.936297166676379,0.0015367302193047933,371,42.346171875,0.261455525606469,0.1320463517364466,-1.0271780490875244,1.168738956396461,0.8695045966158014,5.591657506098272,0.010440979380100322
flag_30_early,rs80_early,qull_sma20,252,21.009586852316822,0.3531746031746032,0.04551779079176615,-1.0373594760894775,1.0681807028199095,0.28131164131926534,0.9563099789651978,0.0008208134961333844,359,40.976484375000005,0.3816155988857939,0.020416846210889333,-1.0362788438796997,1.0301737511840217,0.1803407136296352,0.8366105797472847,0.004211027464767124
vcp,early_stage,fixed_3r_20d,268,22.343528874686143,0.4925373134328358,0.017597156222353676,-0.034204959869384766,1.0426055451922722,0.2791282543482275,0.3931825681665223,-0.001720671209466727,226,25.79578125,0.47345132743362833,-0.045993546983103505,-0.05711434781551361,0.8928711426556254,-0.6888009252134275,-1.1864394768877355,-0.0015939352883873879
flag_30_early,rs80,donchian_10low,719,59.94401963022141,0.2211404728789986,0.030270512461576804,-1.047957420349121,1.0365083026625452,0.26701015219268737,1.8145361932136217,0.0009329327834511509,1004,114.5971875,0.22709163346613545,-0.05224297458222006,-1.0468327403068542,0.9373707837065045,-0.6157083802951024,-5.986897953756407,-0.0019266513560663395
flag_60,mkt_ok,trim_ema,266,22.17678612188998,0.34210526315789475,0.03519996422293939,-1.0250836610794067,1.0513877703063008,0.2620435800569862,0.780622078070306,-0.0004192095333482734,490,55.928906250000004,0.3469387755102041,0.25534327059832157,-1.0278123021125793,1.3562326851622326,1.6038096888474107,14.281069842861907,0.0144968514627663
high52_fresh,rs80,fixed_3r_20d,3356,279.7943391919653,0.3462455303933254,0.007673621878021117,-1.0452702045440674,1.0107593700707218,0.2581844278221473,2.1470359625699262,0.0012215491471532685,4203,479.733046875,0.3328574827504164,-0.008709040214601206,-1.0406461954116821,0.9881836845957641,-0.3242276300405402,-4.178014397507541,0.0006932200835244811
htf,mkt_ok,oneil_20_8,42,3.5015978087194704,0.2619047619047619,0.07650786638259888,-1.024999976158142,1.1021718140233112,0.25481311426206427,0.2678997772751103,-0.000264784764675867,79,9.017109375,0.21518987341772153,-0.09344935718970963,-1.0300488471984863,0.8916952108727599,-0.40425604183703556,-0.8426430748030543,-0.004763365074803558
base_25,all,oneil_20_8,1927,160.65664231910523,0.2516865594187857,0.01240012686328453,-1.0361720323562622,1.0149975316423134,0.25050133793803875,1.992162746186231,0.0035798858154816897,2441,278.617265625,0.2576812781646866,0.053689039630120235,-1.0345078706741333,1.0645927180749435,1.1607144324664924,14.958693415776361,0.0031342882044355443
htf,rs80_mkt,chandelier_3atr,31,2.5845126683405617,0.22580645161290322,0.1440754965428383,-1.0227142572402954,1.2034715984473583,0.24913901275701458,0.37236494601242237,0.020818578740281445,59,6.734296875,0.22033898305084745,0.07220270737247952,-1.0258171558380127,1.089306038668728,0.1679800781369468,0.48623446662502834,-0.00043430776035381576
base_25,rs80_early,donchian_10low,304,25.34489842501712,0.3026315789473684,0.036630563663493376,-1.024886429309845,1.0523012722744944,0.24676431025256879,0.9283979153023626,0.001496830154576999,437,49.879453125000005,0.3295194508009153,0.26472361663727245,-1.0205340385437012,1.3979271007978722,2.03278492616908,13.204269227139303,0.02143168595826756
flag_30_early,rs80_mkt,donchian_10low,477,39.768146541885415,0.20964360587002095,0.03581846632459738,-1.0521842241287231,1.0418722899032153,0.23757661509946482,1.4244340177021764,0.0033984939774186684,709,80.925703125,0.2157968970380818,-0.11031875605609567,-1.048621654510498,0.8708732816925683,-1.1018785396295403,-8.927622901714894,-0.004316691231959183
base_25,rs80_early,ema21_close,306,25.511641177813285,0.31699346405228757,0.03366441994881123,-1.01908677816391,1.0503820040728158,0.23668722226757585,0.8588346021932917,-0.00015850748390863265,437,49.879453125000005,0.34096109839816935,0.14613691922937877,-0.9221389889717102,1.2307244436749571,1.313974574080323,7.289229612533709,0.012700637369187553
ep_gap8_neglected,all,qull_sma10,619,51.60688199041315,0.4555735056542811,0.012419479526729836,-0.1255398988723755,1.0272055876173332,0.2353516076787269,0.6409306143182988,0.00036742874318305014,934,106.60734375,0.4550321199143469,-0.002479913321421412,-0.11128782853484154,0.9946577748922361,-0.06130468917483208,-0.26437697192697673,-0.0007540629963526139
flag_30_early,early_stage,oneil_20_8,433,36.09980598036978,0.19861431870669746,0.030166158224638834,-1.0526560544967651,1.0327651002822062,0.23242609625497807,1.088992459082598,0.0021807731195905744,744,84.920625,0.22849462365591397,0.2939391762258545,-1.0528197288513184,1.3284066831511445,2.6348050705332065,24.961498557084706,0.009768565283006719
random_uptrend,rs80_early,sma50_close,2794,232.93962565624287,0.15139584824624194,0.018909104382412598,-1.108612596988678,1.018842755076262,0.22969140667107033,4.404679696334012,0.00023550704120725086,3963,452.339296875,0.151148120111027,0.20597763917705694,-1.1041827201843262,1.20160973368049,1.785668457378513,93.1717804773224,0.0064456974765310345
vcp,all,donchian_10low,1310,109.21650308148824,0.36335877862595417,0.00804184612352401,-0.32670220732688904,1.018192325705972,0.22862095173340058,0.8783023119307144,-0.0013551514729435773,880,100.44375000000001,0.36704545454545456,-0.04386680916648567,-0.3317452371120453,0.9017538119812192,-1.1011109670275638,-4.406146813216195,-0.0017415234979797458
stage2,rs80,chandelier_3atr,2403,200.34141748459257,0.2838119017894299,0.011362049575640052,-1.0333030223846436,1.0155628717361673,0.21985116100721105,2.2762891175139415,-0.0015886085087981042,2291,261.496171875,0.26058489742470536,-0.1393315849274355,-1.0322819948196411,0.8126979313658557,-3.0297418594285404,-36.43467607980084,-0.0038967033153434784
flag_60,mkt_ok,donchian_10low,266,22.17678612188998,0.23684210526315788,0.03888332022396021,-1.0275586247444153,1.0516244002540296,0.20416698923992813,0.8623070763157248,-0.0013121900023302568,490,55.928906250000004,0.24489795918367346,0.08432160563082719,-1.0320886969566345,1.1010176853543934,0.5996460144353178,4.716015176176007,0.006150478744233141
ep_gap8_neglected,early_stage,qull_sma20,313,26.09524081259986,0.45686900958466453,0.01703930462148195,-0.08406022936105728,1.0334027231858394,0.19103934706819173,0.4446447573768173,0.0017527137412883032,523,59.695546875000005,0.4588910133843212,0.08066263292076059,-0.0787094458937645,1.167818840595665,1.0260149650295014,4.815199984582182,0.005790455207331831
flag_30_early,rs80_mkt,ema21_close,477,39.768146541885415,0.2389937106918239,0.023252154413934804,-1.047777771949768,1.029838814347834,0.1846510475634833,0.9246950841479071,0.003721876536464622,709,80.925703125,0.22849083215796898,-0.11344234577914744,-1.0454679727554321,0.8600110783897137,-1.1686956698013609,-9.180401596326883,-0.004624456574920991
flag_30_early,mkt_ok,oneil_20_8,857,71.44926957315681,0.19019836639439908,0.016636333316390684,-1.055765986442566,1.018043803047559,0.18151110665964365,1.188653863831688,0.0023774043127107614,1452,165.7321875,0.1921487603305785,0.10962555348134238,-1.053840696811676,1.1189842069242641,1.46607599044258,18.168482784361114,0.004095130465339777
flag_60,rs80,sma50_close,264,22.010043369093815,0.22348484848484848,0.03532128800835573,-1.0316585898399353,1.043684486334279,0.18030901807958766,0.777423080916163,0.0016876257555629832,474,54.10265625,0.22362869198312235,0.6454298519784828,-1.0325692296028137,1.7538565982550558,1.4350328035466668,34.91946941508024,0.03495610235401386
stage2,all,fixed_3r_20d,6094,508.06516776991555,0.3762717426977355,0.00375572500872607,-1.0387879610061646,1.0054785160080373,0.17687131396271552,1.9081530566560783,0.0005808972546165865,4842,552.6689062500001,0.34283353985956216,-0.11901997851915866,-1.0402279496192932,0.8354842865205059,-5.116301474952217,-65.77864135008191,-0.003058460751900222
flag_60,all,sma50_close,335,27.929411093357682,0.21194029850746268,0.032126707605906385,-1.0310624837875366,1.0392113434941126,0.17517140415880592,0.8972800238014604,-0.0014062385111282677,616,70.310625,0.22077922077922077,0.4981188861768112,-1.0333471894264221,1.5827201189040747,1.4149580010266307,35.02305021139546,0.02774123239498011
ep_gap5,early_stage,qull_sma10,780,65.02967359050444,0.45256410256410257,0.009569426044860545,-0.09359986335039139,1.0209189003530552,0.17307073865586975,0.6222966521457532,-0.0010853879965091041,1107,126.353671875,0.4832881662149955,0.029831169142203563,-0.02254454232752323,1.0690313705048635,0.793348638137022,3.769277757441614,0.004293474381153697
high52_fresh,rs80,chandelier_3atr,3338,278.2936544167998,0.2585380467345716,0.008115110838232832,-1.0454256534576416,1.0106178911299086,0.172287086956171,2.2583838511691945,0.0010260812243710435,4203,479.733046875,0.25267665952890794,0.018701471453960374,-1.0399595499038696,1.0240701634223923,0.4243225104436894,8.971713881654248,0.0017663006764911465
ep_gap5,early_stage,qull_sma20,778,64.86293083770829,0.45629820051413883,0.009907363297535672,-0.07353461906313896,1.0201786082745865,0.1707542126528711,0.6426206203521058,-0.0008694771186362294,1107,126.353671875,0.4878048780487805,0.0846162037419676,-0.014490004628896713,1.18443978606382,1.6773802581614623,10.691568042920721,0.008492907686637243
flag_30_early,rs80,qull_sma20,720,60.027391006619496,0.36944444444444446,0.013907120685528046,-1.0364941954612732,1.0211334408294301,0.16839967453113255,0.8348081711664381,0.0007557519269577521,1004,114.5971875,0.3705179282868526,-0.04862451578094577,-1.0361881852149963,0.9273392029253907,-0.7867819948794071,-5.572232752045752,-0.0014967445741056878
htf,all,qull_sma20,53,4.418682949098379,0.41509433962264153,0.05052626812127682,-1.0206037759780884,1.0905600588725104,0.16525807999479092,0.2232595594290589,-0.0030372945947642876,98,11.18578125,0.2857142857142857,-0.18804274398681461,-1.0231058597564697,0.7365599987706841,-0.7888647073034751,-2.103404999886261,-0.017404722977591186
vcp,rs80,chandelier_3atr,595,49.605968956859165,0.36134453781512604,0.007553127732425302,-0.31910470128059387,1.0187696571675033,0.15729648664669532,0.3746802198218816,-0.001259201205190772,456,52.048125000000006,0.37719298245614036,-0.028776760572024312,-0.3018418252468109,0.9279380668876811,-0.5806200876945603,-1.4977764313477928,-0.0007542339967824917
high52_fresh,all,chandelier_3atr,8220,685.3127139922392,0.2541362530413625,0.004674027859734126,-1.062992811203003,1.0057922786687656,0.15180592087946476,3.2031707178297313,0.0005930802742999521,8413,960.2650781250001,0.2418875549744443,-0.03566994606471349,-1.0520434379577637,0.9555867037216628,-1.1831294124142535,-34.25260354454664,-0.0004250561760964168
base_25,early_stage,chandelier_3atr,666,55.52533668112303,0.27627627627627627,0.01564228655448793,-1.0222259163856506,1.0218537508952026,0.15167841223717568,0.8685432274005463,-0.00031958810852067236,1042,118.93453125,0.30230326295585414,0.14900388746854631,-1.021165668964386,1.2143483864773639,1.72894135106222,17.721707510499307,0.013048339516784217
stage2,rs80_early,fixed_3r_20d,967,80.6201209769459,0.3733195449844881,0.008221328763662999,-1.0309160947799683,1.012300770229063,0.14901212931971272,0.662804519517756,-0.00029895301728153983,1099,125.44054687500001,0.36578707916287534,-0.06128899806248595,-1.031414270401001,0.9107493397246574,-1.2374736039841499,-7.688125434379054,-0.00037920253183738775
htf,rs80,donchian_10low,39,3.2514836795252227,0.1794871794871795,0.06905624948633023,-1.0259840488433838,1.090311943116108,0.1435305759259919,0.22453526817402478,0.026266543940903667,77,8.788828125,0.14285714285714285,-0.2315578588417598,-1.029016375541687,0.7435341970200975,-0.7276279068032367,-2.035122222353239,-0.02060067785492578
flag_60,mkt_ok,ema21_close,267,22.260157498288063,0.2546816479400749,0.02365894563328684,-1.025293231010437,1.0325320629725883,0.14051164769298874,0.5266518560403997,-0.0028881817475774007,490,55.928906250000004,0.2571428571428571,0.09715508235504433,-1.0299609899520874,1.122982032817015,0.7077363852458274,5.433777492746303,0.007445725965864804
vcp,early_stage,chandelier_3atr,263,21.92667199269573,0.35361216730038025,0.010062528455438723,-0.3674600124359131,1.0241258897816679,0.1404672392616897,0.22063776085957207,-0.0017485384457078923,226,25.79578125,0.38495575221238937,-0.026678605870533306,-0.2808684855699539,0.933687467011429,-0.3560496279784112,-0.6881954810912431,-0.0014107964821654347
base_25,rs80_early,qull_sma10,306,25.511641177813285,0.45098039215686275,0.014187629795724563,-0.10130941495299339,1.0283734752791616,0.14023137037625327,0.36194972051217744,-0.0002732907906094767,437,49.879453125000005,0.4576659038901602,-0.037012252747241056,-0.21553170680999756,0.926520870034437,-0.5896311200188469,-1.8461509259566629,0.00029769268385738024
base_25,rs80_mkt,fixed_3r_20d,951,79.28617895457658,0.3764458464773922,0.0071535217873959,-1.026854395866394,1.011045466002432,0.1401049303632875,0.5671754085909338,0.003033376971987569,1096,125.09812500000001,0.3357664233576642,-0.05785304622790083,-1.0276945233345032,0.9185218072579191,-1.1688730149223014,-7.237307608648717,-0.0022629760736837495
pocket_pivot,rs80_mkt,oneil_20_8,9505,792.4449326637754,0.13066806943713835,0.005066081652832244,-1.1172195672988892,1.0047441649174256,0.13200598240205944,4.014590734247836,7.84905733014795e-05,9447,1078.286484375,0.13570445644119827,-0.01771712391808309,-1.1098910570144653,0.9837526222429979,-0.4670875734431862,-19.10413526286604,0.0006565260873403393
flag_60,early_stage,chandelier_3atr,153,12.755820588906642,0.1895424836601307,0.036064839364924266,-1.0281833410263062,1.0454085533874276,0.12833120259562883,0.46003662050671174,-0.0032520659498640587,295,33.671484375,0.2677966101694915,0.08399083099122774,-1.0277010202407837,1.1093112684745479,0.4802732004706738,2.8280959533643912,0.00856296297762606
donchian_55,rs80_mkt,sma50_close,13549,1129.5987788176215,0.2902059192560337,0.0022802461526250507,-1.027255654335022,1.0033433253505606,0.1269161155363237,2.5757632694088373,0.00039678065061858695,14787,1687.797421875,0.2944478257929262,0.1627686904230985,-1.024876356124878,1.2346909922031835,5.7210952901907834,274.72057605807566,0.013296753721847718
donchian_55,rs80_early,donchian_10low,4653,387.9270143802785,0.3230174081237911,0.002933430619887952,-0.688420295715332,1.005006107756931,0.11413470403290375,1.1379569822648228,-0.001719619151515478,6393,729.7010156250001,0.3433442828093227,0.1030232549806951,-0.6791287064552307,1.1774382315408112,4.122669864145156,75.17617379240656,0.009468628649365056
flag_60,rs80,trim_ema,264,22.010043369093815,0.36742424242424243,0.013479954534859367,-1.025180995464325,1.0203536221258556,0.1114067684976824,0.29669438392566755,0.0011784618673669738,474,54.10265625,0.36075949367088606,0.262092657968842,-1.0270186066627502,1.370536187017131,1.6633108568812789,14.179908979737084,0.017371695901793802
donchian_20,rs80,trim_ema,19549,1629.8270372061172,0.3395570105887769,0.0012307229769357067,-0.9790008068084717,1.0019570773635236,0.11024685239458694,2.0058655831206154,-0.00048214090729575056,22612,2580.9478125,0.3401291349725809,0.035300672495362236,-1.0195532441139221,1.0546802881003907,2.985492729527641,91.10919345668408,0.004041468916871808
donchian_20,rs80_mkt,trim_ema,15201,1267.328292627254,0.34017498848759953,0.0013969471398420502,-1.0204739570617676,1.0021943406303693,0.10923569968284771,1.7703906336265516,0.0002617464185474066,16968,1936.738125,0.3420556341348421,0.04818173291658014,-1.0204439759254456,1.0741913684771827,3.4328002761047762,93.3153990681082,0.004912749520399595
vcp,rs80,fixed_3r_20d,597,49.77271170965533,0.4991624790619765,0.004665813762181746,-0.00044766903738491237,1.0112242613391964,0.10784113342157929,0.23223020327601437,-0.0013971925965818215,456,52.048125000000006,0.48903508771929827,0.030313302663751273,-0.04527194984257221,1.0714195020884802,0.6045356730381989,1.5777505662057594,0.004470342312790882
base_50,early_stage,trim_ema,587,48.9389979456745,0.3679727427597956,0.0077884243991625775,-1.0252653360366821,1.0114111332396076,0.10769490960148435,0.38115768567065855,0.0016439670695466333,888,101.356875,0.3716216216216216,0.3121762938030811,-1.0227221846580505,1.4849441460292734,3.8937484954746853,31.641213588962167,0.0183852916935549
high52_fresh,mkt_ok,sma50_close,7009,584.3499771741612,0.21329718932800684,0.004240124686995173,-1.0806699991226196,1.0047415886443078,0.10539222280855678,2.4777167640612268,0.0011213371893753015,6665,760.7472656250001,0.20015003750937735,0.07629973286192022,-1.0667614936828613,1.0846501783333178,1.529655795458922,58.044813142623774,0.0030694004452033827
flag_60,mkt_ok,qull_sma20,268,22.343528874686143,0.4253731343283582,0.011848397919588458,-0.5747367441654205,1.0214539470273338,0.09866782880833726,0.26473502103509594,-0.001524631276513005,490,55.928906250000004,0.38979591836734695,0.04853887654426959,-1.022739052772522,1.075245178340033,0.4585585285771502,2.714726275724778,0.0026247396641486615
stage2,all,trim_ema,5971,497.81048847295136,0.3553843577290236,0.0025477313987235066,-1.0398130416870117,1.0035711511258036,0.0962667077697092,1.2682874120964245,0.0006236650850034458,4842,552.6689062500001,0.31825691862866584,-0.1515728130050212,-1.039796531200409,0.7983776425108222,-5.672269958692993,-83.76958078072084,-0.0038316401919930155
flag_30_early,rs80_early,donchian_10low,251,20.926215475918738,0.22310756972111553,0.015210842290722516,-1.046329140663147,1.0179193367261536,0.07724613698709541,0.3183053633458768,0.0008704589542550633,359,40.976484375000005,0.27019498607242337,0.23597898610807894,-1.0485881567001343,1.2883447548156939,1.4478780359031154,9.669589237086038,0.011230852511973434
htf,rs80,trim_ema,39,3.2514836795252227,0.3333333333333333,0.022227286528318357,-1.0227192640304565,1.0327804405627938,0.07397325544371113,0.07227165938695798,0.010757506657869387,77,8.788828125,0.2987012987012987,-0.04221489793294436,-1.0248873233795166,0.9436453764107045,-0.15290033028602512,-0.37101948224706577,-0.005967566017787178
ep_gap8_neglected,mkt_ok,qull_sma10,388,32.34809404245606,0.4587628865979381,0.004903213599859977,-0.08606844022870064,1.0107642665347876,0.0737882520554625,0.15860961463852005,0.0012298550737449255,560,63.91875,0.45714285714285713,-0.02055018731958366,-0.10028258338570595,0.9554590860057779,-0.40686366264863977,-1.313542285733638,-0.001838388742726238
flag_60,rs80_early,qull_sma10,113,9.420965532983336,0.415929203539823,0.014215502640710467,-0.4853444993495941,1.0257313033073816,0.06790608952820701,0.13392376041216691,-0.002009799393343088,208,23.74125,0.42788461538461536,0.04300276706663471,-0.4851958453655243,1.071100029119421,0.28174400483428474,1.0209394436207413,0.00554792173705629
flag_30_early,rs80_early,chandelier_3atr,251,20.926215475918738,0.23107569721115537,0.013124809351812795,-1.046026349067688,1.0156831085047693,0.06685275723844719,0.2746525885763879,-0.0005825059080266382,359,40.976484375000005,0.2618384401114206,0.2889408330669144,-1.048621654510498,1.354981073569251,1.5883139742333654,11.839779531465902,0.013030053189667695
flag_60,early_stage,sma50_close,153,12.755820588906642,0.21568627450980393,0.01902878557155335,-1.0314884185791016,1.0229829919678741,0.06539268617324596,0.24272777477550986,-0.002472580739242189,295,33.671484375,0.23728813559322035,0.836265201531982,-1.0320565700531006,2.014563522392676,1.185351755456904,28.15829066674036,0.04091028636834442
flag_60,all,fixed_3r_20d,337,28.096153846153847,0.3086053412462908,0.005530874092872489,-1.0272469520568848,1.0077787161271101,0.06041632177256381,0.15539628941705205,-0.0023471182792582923,616,70.310625,0.3262987012987013,0.004540387147964982,-1.0300783514976501,1.006087894775749,0.06379657010897544,0.3192374581153854,0.002308785809920617
flag_60,rs80,chandelier_3atr,264,22.010043369093815,0.23863636363636365,0.008458410811285969,-1.0273466110229492,1.011329537688339,0.05281048405213043,0.18616998879001614,0.00224067617879579,474,54.10265625,0.25738396624472576,0.14738884249668693,-1.02913898229599,1.18727155499988,1.1146223894151899,7.974127880683645,0.013305036913405711
vcp,rs80_early,chandelier_3atr,84,7.003195617438941,0.32142857142857145,0.007050528412773495,-0.4230677932500839,1.0151669846567513,0.04536516314695147,0.04937622968096408,0.0001815648671860496,88,10.044375,0.3409090909090909,-0.20623656507285143,-0.29524725675582886,0.526453897921779,-2.321503834202312,-2.071517398303622,-0.01405506641260052
donchian_55,mkt_ok,donchian_10low,40560,3381.5430267062316,0.3222879684418146,0.0003431990011928635,-0.7241323888301849,1.000566792730186,0.03866614800839257,1.1605421892562713,-0.000887832065883563,40600,4634.109375,0.3169704433497537,-0.016144976614610337,-0.7557649314403534,0.973651795766717,-1.728862671571596,-74.81758748892153,0.00044488056288413235
flag_60,rs80_mkt,donchian_10low,208,17.341246290801188,0.25,0.007054805603379814,-1.0291724801063538,1.0094851621615493,0.038201189193459155,0.12233912150193361,-5.53430614113145e-05,371,42.346171875,0.24258760107816713,0.12107370251593885,-1.0304580926895142,1.14428087655491,0.7649371932524975,5.127007816282567,0.00884433022971363
htf,rs80_mkt,qull_sma20,31,2.5845126683405617,0.41935483870967744,0.010799613240505419,-1.0216505527496338,1.0189842551121517,0.03506190793186257,0.027911737233264716,-0.0016630707973343951,59,6.734296875,0.3559322033898305,0.18355732389046983,-1.018864393234253,1.2895419330592883,0.47860478388635147,1.236129512658954,-0.00024248647574587898
flag_30,mkt_ok,sma50_close,889,74.11715361789545,0.22947131608548932,0.002977757030077639,-1.036673903465271,1.0036525059967127,0.030150680960348314,0.22070287523503251,0.0011041366072024321,1380,157.5140625,0.20072463768115942,0.35692464362937903,-1.0386462807655334,1.407262073762671,1.9433186880378859,56.22065062442824,0.018687765663523443
htf,rs80,chandelier_3atr,39,3.2514836795252227,0.20512820512820512,0.00939298058167482,-1.0227192640304565,1.0126047428299114,0.019966577660229596,0.03054112306341301,0.011816554153576875,77,8.788828125,0.19480519480519481,-0.15504696104046586,-1.027079701423645,0.815168120764254,-0.465615780735693,-1.3626810918882257,-0.01382433706531664
stage2,rs80_early,trim_ema,952,79.36955033097466,0.3550420168067227,0.0011048641157563495,-1.0317524671554565,1.001572824232898,0.01707487370155927,0.08769256804441139,-0.00011300773034801613,1099,125.44054687500001,0.3375796178343949,-0.08061465977782636,-1.0306559801101685,0.8871775616907431,-1.4410289667346825,-10.112347008672605,-0.00116479040786078
random_uptrend,early_stage,chandelier_3atr,11109,926.1726204062999,0.17787379602124403,0.0005101576898183624,-1.136655569076538,1.0005046110411528,0.013898663022492094,0.4724940843994971,-0.0003285834644978813,13152,1501.1775,0.16955596107055962,-0.05504700727293652,-1.1236934661865234,0.9459012368122774,-1.6627804462199223,-82.63532876046867,-0.0001965989543478797
ep_gap10,all,ema21_close,542,45.18728600776078,0.3118081180811808,0.0012915627107305996,-0.8468317687511444,1.0020589227641097,0.013640740229818517,0.05836221360674241,-0.0016020007345430652,933,106.49320312500001,0.3365487674169346,0.16224986794983642,-0.8031908869743347,1.2709210138609257,2.1962766209353566,17.278508144586358,0.010528420217820507
flag_30_early,mkt_ok,sma50_close,856,71.36589819675874,0.18808411214953272,0.0005204388289712369,-1.052686631679535,1.0005978464649845,0.004330589555931574,0.037141584486001626,0.0005990380724423095,1452,165.7321875,0.19352617079889808,0.2060846653159999,-1.0499258041381836,1.236021987210476,1.5972316149600385,34.15486239302604,0.009071643534864587
ema_retest,mkt_ok,donchian_10low,12242,1020.6323898653276,0.27332135272014374,-4.0395938713128485e-05,-1.0479419827461243,0.9999460438525888,-0.0018063501749035155,-0.04122940346963363,-0.0010481972890492646,12391,1414.316484375,0.2725365184408038,-0.016705056592018243,-1.0417829751968384,0.9774368219908433,-0.7781833509838033,-23.626236910508663,0.00014148289524927688
flag_30_early,rs80_early,oneil_20_8,251,20.926215475918738,0.19123505976095617,-0.0005925233620571425,-1.0511753559112549,0.9993633955429418,-0.0034744037930330447,-0.012399271548923578,0.00027678618244678376,359,40.976484375000005,0.2562674094707521,0.4415188705688732,-1.0526982545852661,1.514249173377066,2.695707278969014,18.09189110113308,0.015789378994769704
htf,mkt_ok,fixed_3r_20d,42,3.5015978087194704,0.3333333333333333,-0.0013751529511951265,-1.0235494375228882,0.9979986210819147,-0.005552752273352868,-0.004815232560558968,0.00037395481818488667,79,9.017109375,0.25316455696202533,-0.12330837981610358,-1.0248873233795166,0.8451635875330054,-0.6492308920484904,-1.1118851476558484,-0.006177215777997729
flag_60,all,qull_sma10,337,28.096153846153847,0.42729970326409494,-0.001154704744864023,-0.4772629141807556,0.9978045853263704,-0.011768611493282642,-0.03244276215858342,-0.0026772851810116286,616,70.310625,0.39935064935064934,0.016436250923331275,-0.9430050551891327,1.0270302158011568,0.20389681148352587,1.1556430750762492,0.0020240972214060683
vcp,rs80_early,sma50_close,83,6.919824241040859,0.3132530120481928,-0.0019626729526972197,-0.5103135704994202,0.9963236960402144,-0.0117739875428148,-0.013581351875309459,0.0005258875141615968,88,10.044375,0.2840909090909091,-0.2702843800441108,-0.5777015686035156,0.5272283377768084,-2.196960013374127,-2.7148376698055654,-0.01798679283158642
base_25,all,sma50_close,1919,159.98967130792056,0.24022928608650337,-0.001220263018544109,-1.0326666831970215,0.9984311542281702,-0.017290557528297477,-0.195229479246083,0.002112420713047314,2441,278.617265625,0.2458009012699713,0.20107581628740614,-1.0311999320983887,1.2551832729579846,2.6773535195938205,56.023194117311945,0.012153011948638484
flag_60,early_stage,qull_sma10,155,12.922563341702807,0.41935483870967744,-0.003372002131636104,-0.3901476263999939,0.9935896917874402,-0.02040665720987961,-0.043574911134424445,-0.003179552077105449,295,33.671484375,0.41694915254237286,-0.023178595172486,-0.4945310950279236,0.960736007928769,-0.20368073167832923,-0.7804577051848128,0.0013975218853220675
high52_fresh,rs80_early,chandelier_3atr,957,79.78640721296507,0.2601880877742947,-0.0029634455454902713,-1.0454124212265015,0.9961662414533047,-0.033266245734993885,-0.2364426730459342,0.001874758313151096,1573,179.54320312500002,0.2555626191989828,0.05040703284896399,-1.0383551120758057,1.0652561876734956,0.6699310498197031,9.05024013773009,0.005523613668767734
ep_gap5,mkt_ok,qull_sma10,1174,97.877995891349,0.4565587734241908,-0.0015534394748113872,-0.08722544461488724,0.9965326223036275,-0.03771046794067256,-0.1520475425330483,-0.0011236066633875694,1473,168.12914062500002,0.45621181262729127,-0.016615145623121847,-0.1023106798529625,0.9637861080203594,-0.5078168706558835,-2.7934901549747067,-0.0015533178370148882
base_50,rs80,fixed_3r_20d,1457,121.4720954120064,0.37542896362388467,-0.001520296810614728,-1.0288115739822388,0.9976554960816371,-0.038006769777030436,-0.18467363923356128,0.0024447002460943165,1643,187.533046875,0.3542300669506999,-0.011157244230335442,-1.0271507501602173,0.9834783416428624,-0.27599857245901777,-2.0923520052433195,-0.0002942864912206662
stage2,rs80_mkt,fixed_3r_20d,1660,138.39648482081716,0.3740963855421687,-0.001882474712679634,-1.0357255935668945,0.997202824615559,-0.045693117916458574,-0.2605278829989391,0.0016122827962102616,1494,170.52609375,0.3527443105756359,-0.05556809452597371,-1.0351225137710571,0.9203939982183433,-1.2758066642762036,-9.475810096645056,-0.000976665480414631
ep_gap5,all,qull_sma20,1888,157.40515863958,0.4661016949152542,-0.001582646351842845,-0.05232003144919872,0.9966955884365504,-0.04644308118265425,-0.24911670008217557,-0.0008495150074514965,2322,265.03453125,0.4517657192075797,0.008251098453958257,-0.11530594900250435,1.0165268752451389,0.25260523445475913,2.1868260110424265,0.0009456257377535839
high52_fresh,rs80_mkt,chandelier_3atr,2693,224.51911664003651,0.2539918306721129,-0.0026599466123033402,-1.048885464668274,0.9965566519185919,-0.04979512416677359,-0.5972088637040036,0.0014487647408247839,3222,367.76109375000004,0.250155183116077,0.044125436632697426,-1.0408165454864502,1.056200416409388,0.8347415400587044,16.227618838237124,0.0025592137783949013
htf,all,ema21_close,53,4.418682949098379,0.24528301886792453,-0.018605560415758275,-1.0227192640304565,0.9733459452550847,-0.05088405805912066,-0.08221207256753085,-0.008970563251630596,98,11.18578125,0.1836734693877551,-0.2332401766004611,-1.0268174409866333,0.7238074731161837,-0.8129185033936684,-2.6089735941641266,-0.01927246683638315
flag_60,rs80_mkt,qull_sma10,210,17.50798904359735,0.4,-0.008250993303954601,-0.5555917322635651,0.985120706216229,-0.061779426958165365,-0.14445830036443227,-0.0033498974345136613,371,42.346171875,0.40700808625336926,0.14328465224010714,-0.9614849090576172,1.2306113114400672,1.1962597452682044,6.0675565108091805,0.007311855120615708
htf,mkt_ok,chandelier_3atr,42,3.5015978087194704,0.23809523809523808,-0.029994766582690534,-1.0218852758407593,0.9575830762467473,-0.06942515303906512,-0.10502960893900118,0.0029977986234284585,79,9.017109375,0.189873417721519,-0.12540062083096443,-1.025946021080017,0.8512062433953581,-0.3796354913101997,-1.1307511137257098,-0.009465671863548363
htf,all,qull_sma10,53,4.418682949098379,0.41509433962264153,-0.017969500159247302,-0.7211757898330688,0.966133557760397,-0.06994505400431426,-0.07940152395748667,-0.008273702863832269,98,11.18578125,0.2857142857142857,-0.10331370109426123,-1.021242082118988,0.850059961489717,-0.43614891343421375,-1.1556444605682918,-0.011637225672270038
stage2,rs80_mkt,chandelier_3atr,1641,136.8124286692536,0.2870201096892139,-0.004623739663264638,-1.0358221530914307,0.9937436318884871,-0.07569480540369136,-0.6325850528655919,0.00017750054531577336,1494,170.52609375,0.2543507362784471,-0.14534225205235043,-1.0315769910812378,0.8045157341009754,-2.5366442473804383,-24.78464649931524,-0.0035750816643030092
base_25,early_stage,trim_ema,665,55.441965304724945,0.3323308270676692,-0.006829720850389703,-1.0248425006866455,0.9902296110989437,-0.08350808789901887,-0.3786531464282625,0.00025150263717019916,1042,118.93453125,0.3502879078694818,0.1449826813849036,-1.0237920880317688,1.2127995727944454,2.057501354751334,17.243447249881612,0.012386712580141674
htf,rs80_mkt,oneil_20_8,31,2.5845126683405617,0.22580645161290322,-0.031231068795727145,-1.0259840488433838,0.9600139022809104,-0.08917854830373097,-0.08071709294837241,-0.00838970453027756,59,6.734296875,0.22033898305084745,-0.0011967986317004188,-1.0265551805496216,0.9985905118670699,-0.004187416295619732,-0.008059597285464406,-0.0031634328602734257
base_25,rs80,trim_ema,1294,107.88256105911893,0.35857805255023184,-0.004528924064938169,-1.0257426500320435,0.9931288877628697,-0.09041900191242586,-0.48859192696780507,0.0023013712132782882,1503,171.553359375,0.3413173652694611,0.02802904585967521,-1.0253897905349731,1.0403025988988526,0.523131184903767,4.808476977303217,0.003325041076898047
vcp,rs80,trim_ema,587,48.9389979456745,0.34071550255536626,-0.005268283798581456,-0.45908117294311523,0.9894154076740038,-0.09891470687002306,-0.25782452999600813,-0.0020929287137108495,456,52.048125000000006,0.35964912280701755,-0.019149945297262126,-0.5111370980739594,0.9622202823684729,-0.3373342506570249,-0.9967187465750613,0.0007812973626801467
flag_60,rs80_early,chandelier_3atr,111,9.254222780187172,0.1981981981981982,-0.02726449755750395,-1.0314884185791016,0.9656352175893668,-0.10048837049818088,-0.2523117343870106,-0.004836622184181276,208,23.74125,0.27884615384615385,0.12200694072705048,-1.0267460942268372,1.1593271316875817,0.6227244788548569,2.8965972815360876,0.012787841532442074
ep_gap8_neglected,early_stage,qull_sma10,313,26.09524081259986,0.45686900958466453,-0.007405795113811383,-0.1255398988723755,0.984150897065214,-0.10092769544666834,-0.19325600690368344,0.001557687529364226,523,59.695546875000005,0.4608030592734226,0.004333029949884455,-0.07777052372694016,1.0096660865129405,0.08199723774141558,0.25866259248410645,0.0007055602570357741
flag_60,rs80_early,sma50_close,111,9.254222780187172,0.22522522522522523,-0.03181525098310935,-1.0325429439544678,0.9614224678079245,-0.10371692174057018,-0.2944254204052628,-0.0021018710843211897,208,23.74125,0.2403846153846154,1.1888853821169154,-1.0299657583236694,2.4487342411524318,1.2028042132481607,28.22562507818322,0.058083469700180176
ep_gap10,all,fixed_3r_20d,543,45.270657384158866,0.3885819521178637,-0.006655411880967614,-1.020672082901001,0.9890737573073027,-0.10663844671002282,-0.30129487101374514,-0.0011536009576682748,933,106.49320312500001,0.3890675241157556,0.09712607631363007,-1.018568515777588,1.1648382708886968,1.9576448124901,10.343266973601658,0.006166510211171818
htf,all,oneil_20_8,53,4.418682949098379,0.24528301886792453,-0.027858345013744425,-1.024999976158142,0.9640669450943894,-0.10957941869433076,-0.12309719410233236,-0.004758275201860463,98,11.18578125,0.19387755102040816,-0.21134086652677886,-1.0299684405326843,0.7604621017168177,-1.089241283052751,-2.3640127021539956,-0.011337083327222844
multi_touch,early_stage,trim_ema,4985,415.6063113444419,0.3552657973921765,-0.003602834492223571,-1.0449813604354858,0.9950634377232356,-0.12220668878503116,-1.4973607536975637,0.00020019336771658715,4914,560.8870312500001,0.33374033374033374,-0.05049065322036968,-1.0448446869850159,0.9325473312962255,-1.6453324311855102,-28.3195525906464,-0.0003702154385038515
high52_fresh,rs80_mkt,donchian_10low,2689,224.18563113444418,0.24656005950167348,-0.006623430609177896,-1.0528805255889893,0.9915668717697278,-0.12333150891754749,-1.4848779713937428,0.0015366376508865768,3222,367.76109375000004,0.24549968963376784,0.048231303946138636,-1.0461190938949585,1.05988308811411,0.8767198323253087,17.737597092220636,0.0028593860648997876
flag_60,rs80_early,oneil_20_8,111,9.254222780187172,0.22522522522522523,-0.025464833990947622,-1.032764196395874,0.9696019140093602,-0.12747029466747042,-0.23565724681271208,-0.00040202813541835494,208,23.74125,0.27884615384615385,0.04254699648859409,-1.032931387424469,1.0510591480042597,0.28616484942741177,1.0101188803848344,0.007711523541589626
ema_retest,rs80_early,ema21_close,1127,93.95954120063912,0.2937000887311446,-0.008719474670973861,-1.020215392112732,0.9869802265708366,-0.13089125247547825,-0.8192778395952979,-0.0010822201788502092,1546,176.46140625,0.315006468305304,0.13519636015913764,-0.9190230071544647,1.2121719058966431,2.3145554927982404,23.8569398335629,0.008545510002043228
flag_60,all,chandelier_3atr,335,27.929411093357682,0.2208955223880597,-0.021087586119381795,-1.0272583961486816,0.972464346429437,-0.13390308282020427,-0.5889638616947973,-0.0023906196565315154,616,70.310625,0.2532467532467532,0.09095479130961134,-1.0302290320396423,1.1153350967433036,0.772213980203463,6.395088223723342,0.009546821521774752
flag_30_early,all,ema21_close,1217,101.46296507646656,0.2448644207066557,-0.010114140360258962,-1.0451147556304932,0.986754254553635,-0.1387152632351419,-1.026210670151436,0.00024342700045825775,1953,222.916640625,0.2457757296466974,0.05950955759632104,-1.042414903640747,1.0758121471618425,0.8962226799862044,13.265670664451838,0.0030703102750457064
flag_60,rs80,qull_sma10,266,22.17678612188998,0.42105263157894735,-0.015486003943067744,-0.5281043648719788,0.9714169321928405,-0.14054200043339246,-0.34342979732815826,-0.0027628246925883275,474,54.10265625,0.41561181434599154,0.1015538417463491,-0.926809698343277,1.1680896493481672,1.0131726337638045,5.494332590869625,0.006432548598359792
htf,early_stage,fixed_3r_20d,27,2.251027162748231,0.3333333333333333,-0.04257372242433054,-1.0246423482894897,0.9392749254520832,-0.14127252145735042,-0.0958346055964715,0.0053979310862444065,55,6.2777343750000005,0.23636363636363636,-0.28206537528471515,-1.0258171558380127,0.6587402323557121,-1.3754439624875672,-1.7707315024221317,-0.016487452150745825
flag_60,rs80_early,ema21_close,112,9.337594156585254,0.22321428571428573,-0.0388738802118626,-1.0263670086860657,0.9484912087983488,-0.14159614278047025,-0.36298851671008336,-0.007288779427264152,208,23.74125,0.2932692307692308,0.1632468114929417,-1.0253774523735046,1.218954506316433,0.8068828447502503,3.8756833633568024,0.013063028110012125
multi_touch,rs80_early,ema21_close,1049,87.45657384158868,0.30028598665395617,-0.011338406418662366,-1.038058876991272,0.9842098501188511,-0.1570296699566892,-0.9916181781996882,-0.0017939985548541704,1148,131.03343750000002,0.2874564459930314,0.030200940371857703,-1.038798213005066,1.0404886094621006,0.3798730758378192,3.957333032657043,0.002214003525441766
flag_30,rs80_early,oneil_20_8,270,22.51027162748231,0.23703703703703705,-0.020083540622834805,-1.0387859344482422,0.9758550442619958,-0.15892585823664415,-0.45208595466158674,0.0030345272428045672,424,48.395625,0.24764150943396226,0.014246542077019529,-1.0371290445327759,1.0165238117782796,0.12776419707985257,0.6894703079061583,0.003942597323571736
flag_60,rs80_early,trim_ema,111,9.254222780187172,0.36936936936936937,-0.0331930210729977,-1.0234233140945435,0.9495619471217247,-0.16223317815871807,-0.30717561175696817,-0.0031582415533914893,208,23.74125,0.3798076923076923,0.48046588639800364,-1.0249963998794556,1.688618303593383,1.5313543112513408,11.406860725446604,0.029533134271892216
ep_gap10,all,qull_sma10,545,45.437400136955034,0.44036697247706424,-0.010730768621839379,-0.26740679144859314,0.9779482594604753,-0.16505083706903761,-0.48757822764759734,-0.00274702645675386,933,106.49320312500001,0.44587352625937837,0.006139660082430063,-0.15758077800273895,1.0128174442577276,0.1407939790564973,0.653832068276679,-0.0005955092387858105
flag_30,rs80,oneil_20_8,795,66.2802442364757,0.22012578616352202,-0.013230839933989182,-1.0390264987945557,0.9846105665253412,-0.1666776390978174,-0.8769433022785189,0.0015805668830168697,1125,128.408203125,0.22311111111111112,-0.0015628957880867852,-1.0384347438812256,0.9982115480581877,-0.02243998686265556,-0.20068863981985488,0.0013109645938707722
flag_60,rs80,ema21_close,265,22.093414745491895,0.27169811320754716,-0.027799138950429996,-1.0268754959106445,0.9614702081157146,-0.1799026714043248,-0.6141779063994083,-0.0021288346864924467,474,54.10265625,0.2721518987341772,0.13322593513797606,-1.0271288752555847,1.1753343226247934,1.0340930110445248,7.2078769723547165,0.011339565919798638
flag_30_early,all,sma50_close,1214,101.21285094727232,0.18780889621087316,-0.017312463732356516,-1.0495741963386536,0.9796012813344241,-0.1832788552965599,-1.7522438112730576,-0.0016730301789304586,1953,222.916640625,0.20225294418842807,0.2217393780140401,-1.0494287014007568,1.2573185792016321,2.1229116428622294,49.429397241166804,0.009621598050193277
vcp,mkt_ok,trim_ema,1066,88.87388724035608,0.32645403377110693,-0.007318549620544129,-0.48377731442451477,0.9851880260543846,-0.18582291725307354,-0.6504279537391897,-0.001958511787415432,694,79.21359375,0.3227665706051873,-0.08742135092455046,-0.5159554779529572,0.8258181880706171,-2.0572300445836444,-6.924959377213527,-0.005296737939637337
undercut,mkt_ok,chandelier_3atr,8745,729.0826866012326,0.22973127501429388,-0.0064150819107501415,-1.0727217197418213,0.992560866288889,-0.19003583602761248,-4.677125154256681,0.0003164528259913017,10996,1255.0903125,0.2208985085485631,-0.03672522671245912,-1.0725269317626953,0.957861360714956,-1.2109883390899092,-46.09347627117367,0.00013716667584107883
random_uptrend,mkt_ok,oneil_20_8,21016,1752.1328463821046,0.11824324324324324,-0.005530763371483479,-1.1552369594573975,0.9950713701167786,-0.1952222047945576,-9.690632168743232,-1.4557490434350823e-06,23056,2631.6262500000003,0.11328938237335184,-0.061947829327817505,-1.1333372592926025,0.9439742647129715,-2.4558126313413102,-163.02353378960441,-0.0005864139125167047
high52_fresh,rs80_mkt,fixed_3r_20d,2711,226.019801415202,0.34452231648838066,-0.0067592545175484825,-1.0480666160583496,0.990599468155321,-0.2036755205741174,-1.5277253637711152,0.0013315881828368354,3222,367.76109375000004,0.33147113594040967,-0.007859864399215169,-1.0416549444198608,0.9894228930728401,-0.25227475846456177,-2.890552328182057,0.00033332465990876253
donchian_55,early_stage,ema21_close,19825,1652.8375370919882,0.34022698612862545,-0.002219918101054657,-0.4974546432495117,0.995735301003111,-0.20703374887433637,-3.669163966693102,-0.001721832982780833,23752,2711.0681250000002,0.340476591444931,-0.0026272408455131893,-0.5318051278591156,0.9951180422278928,-0.252969291859572,-7.122628912968857,0.0012901962829128177
multi_touch,mkt_ok,chandelier_3atr,9870,822.8754850490756,0.2624113475177305,-0.00602997853427162,-1.0546863079071045,0.9925022762035309,-0.20941671429219197,-4.961921511224273,-0.00015618833235246548,7751,884.703984375,0.23893691136627532,-0.14969532115725215,-1.0504223108291626,0.8169638380687382,-5.230699734681713,-132.43604707011622,-0.004137519874155167
ep_gap5,all,qull_sma10,1892,157.73864414517234,0.45665961945031713,-0.006619952527303337,-0.0991143174469471,0.9854185766090333,-0.21276021178195448,-1.0442223359622353,-0.001263616641173159,2322,265.03453125,0.45047372954349696,-0.017618477031615426,-0.14515087008476257,0.9628603262947542,-0.6506076467122338,-4.669504801413086,-0.0011656300327819575
base_25,mkt_ok,trim_ema,1475,122.97278018717188,0.351864406779661,-0.010954853179941045,-1.027500867843628,0.9839817216478904,-0.21754570842153698,-1.347148752079631,0.002743076332357366,1878,214.35609375,0.32374866879659214,-0.013307926012946966,-1.0278323292732239,0.9814718999291587,-0.2779503579608616,-2.8526350360493233,0.0010583093761492727
flag_30_early,rs80_mkt,qull_sma20,477,39.768146541885415,0.3584905660377358,-0.02438122704809393,-1.03888738155365,0.9638694776661079,-0.22842448359212536,-0.9695962101195797,0.0014202874577349041,709,80.925703125,0.35966149506346967,-0.08622019770683272,-1.036778211593628,0.8742138906571542,-1.1621052863236516,-6.97743012300195,-0.003549367881382731
multi_touch,mkt_ok,donchian_10low,9868,822.7087422962794,0.26175516822051076,-0.006845890364381877,-1.0583614110946655,0.99155201300925,-0.2319950875191977,-5.632173851578832,-0.0001315868735264911,7751,884.703984375,0.23738872403560832,-0.11902240240277027,-1.0536983013153076,0.8566348185111355,-3.0868141201405175,-105.29959363561544,-0.0036409080210413163
stage2,rs80_early,ema21_close,963,80.28663547135358,0.3032191069574247,-0.016886711588926295,-1.0256966352462769,0.9753187323694595,-0.23625873309724443,-1.3557772576500073,-0.003885333777544887,1099,125.44054687500001,0.2948134667879891,-0.09229524551828928,-1.031414270401001,0.8713774261416274,-1.4623852436600526,-11.577566071776602,-0.0011795755189276122
flag_60,rs80_mkt,qull_sma20,210,17.50798904359735,0.4095238095238095,-0.030883545703476383,-1.018057405948639,0.9465394488490062,-0.23861276634287265,-0.5407087798039026,-0.0025081553490876795,371,42.346171875,0.4123989218328841,0.10251342795262548,-1.0202769041061401,1.160877766771547,0.8470258730069599,4.341051239577308,0.006052434484960066
flag_60,all,trim_ema,335,27.929411093357682,0.3373134328358209,-0.02747516655432644,-1.025293231010437,0.9602599091546101,-0.24718544002237505,-0.7673652215542548,-0.003705702372305373,616,70.310625,0.3538961038961039,0.21153208991367514,-1.0271288752555847,1.3010795409108122,1.6186846759142706,14.872953449386696,0.014012727482575475
flag_30_early,mkt_ok,ema21_close,858,71.53264094955489,0.24475524475524477,-0.021954331809872194,-1.0479046702384949,0.9715577042316729,-0.2482030725839879,-1.5704513346429794,0.0016343119689954705,1452,165.7321875,0.2369146005509642,0.020208656761253937,-1.0445992350578308,1.0253577058844856,0.26523074939348934,3.34922489147928,0.0016454022781254426
high52,rs80_early,sma50_close,3184,265.4544624514951,0.19283919597989949,-0.015206896881955347,-1.0718654990196228,0.9831257447167658,-0.25046696444183925,-4.036738637354773,-0.00023576324071972746,4731,539.999296875,0.1904459945043331,0.1335732262812203,-1.063410758972168,1.1450813926876098,2.022501890518535,72.12944827318422,0.007460354399164077
htf,all,fixed_3r_20d,53,4.418682949098379,0.32075471698113206,-0.05393826342978567,-1.024384617805481,0.923096744461268,-0.2508660135951184,-0.23833608492117062,-0.0014460211057426794,98,11.18578125,0.22448979591836735,-0.23816943077408537,-1.025881588459015,0.7112139465513833,-1.4760607436738082,-2.6641111530759374,-0.01372951869757808
high52_fresh,all,donchian_10low,8213,684.7291143574527,0.24850846219408254,-0.007875978358357334,-1.0670969486236572,0.9903941227366317,-0.25259434267620373,-5.392911686016481,0.00023879800877124507,8413,960.2650781250001,0.2395102817068822,-0.040817927546298205,-1.0563080310821533,0.9500201798751464,-1.3182267626289286,-39.19603038414664,-0.0006088392584300313
flag_60,rs80_early,qull_sma20,113,9.420965532983336,0.40707964601769914,-0.04928277912590884,-0.5891699194908142,0.9134139552015911,-0.2532654735772911,-0.4642913635148178,-0.006654386581189568,208,23.74125,0.4423076923076923,0.07030195691717941,-0.7912221550941467,1.115020883663745,0.4389316838751466,1.6690563346599856,0.006916581630286181
base_50,rs80_early,oneil_20_8,242,20.175873088335997,0.26859504132231404,-0.0316888180153429,-1.031312882900238,0.9611028544838485,-0.25332766218683006,-0.6393495705969338,0.0007109457265185423,375,42.802734375,0.2853333333333333,0.2402714684009552,-1.030530333518982,1.3024651521616075,1.8879343592854643,10.284275839857292,0.010005890866120656
vcp,rs80_early,trim_ema,83,6.919824241040859,0.3253012048192771,-0.03741159518978682,-0.4487645924091339,0.9297646552748817,-0.25806975402928045,-0.2588816632902944,-0.0021282087938568318,88,10.044375,0.3181818181818182,-0.21284786088984797,-0.6122591197490692,0.6290862117509941,-1.6921756024499637,-2.1379237327254668,-0.015037347758400509
htf,early_stage,oneil_20_8,27,2.251027162748231,0.25925925925925924,-0.08762537550043177,-1.0263018608093262,0.8844611080468958,-0.27516816071926176,-0.19724710039748528,-0.0012532493306530847,55,6.2777343750000005,0.18181818181818182,-0.3080131985924461,-1.0333023071289062,0.663098841030699,-1.2125256597833078,-1.9336250447575003,-0.020242048224264925
flag_30_early,rs80_mkt,oneil_20_8,477,39.768146541885415,0.17819706498951782,-0.03483505540798795,-1.055765986442566,0.9628675795100183,-0.2888715776108896,-1.3853255882595628,0.0005493866942580828,709,80.925703125,0.17912552891396333,0.023853728229807865,-1.0538856983184814,1.0256167421907194,0.2310817379983258,1.9303797291498632,8.018812419497243e-05
base_50,early_stage,qull_sma20,591,49.27248345126684,0.4754653130287648,-0.01935222832548673,-0.03165040537714958,0.9624275477322042,-0.2991883978453774,-0.9535323499126822,-0.0005312128772404811,888,101.356875,0.4594594594594595,0.1409988079403201,-0.12124326825141907,1.2730618372507951,2.177822212220694,14.29119855155603,0.006982505423659015
vcp,early_stage,qull_sma20,266,22.17678612188998,0.4548872180451128,-0.015445687051177992,-0.010877915192395449,0.9467184225534073,-0.30467205421959054,-0.3425356982396198,-0.0031709839432941017,226,25.79578125,0.5265486725663717,-0.04568599928860693,0.007873713038861752,0.8451686915892339,-0.7906547951626657,-1.17850604383656,-0.0014401699988242545
base_50,mkt_ok,sma50_close,1835,152.98647569048163,0.25940054495912807,-0.018036319801776748,-1.0376893281936646,0.9767637229492823,-0.3061688478654171,-2.759313000900271,0.002921051903821627,2078,237.18421875,0.24109720885466795,0.20638813523840538,-1.0346810221672058,1.2564492684612931,2.6855235556411516,48.95200861579053,0.010434824526864313
flag_30,rs80_early,sma50_close,269,22.426900251084227,0.2342007434944238,-0.05270111033879913,-1.0382754802703857,0.9350650579559248,-0.3073816806495668,-1.1819225446896318,0.0017278221445365853,424,48.395625,0.23820754716981132,0.7038842928727632,-1.0350115895271301,1.8573253816326238,1.3947621152917478,34.06492028126042,0.03492639665129454
base_25,rs80,chandelier_3atr,1296,108.04930381191508,0.28858024691358025,-0.02103523132614044,-1.021752953529358,0.9689058684592308,-0.3276370344831672,-2.272842100312062,0.001004061951340348,1503,171.553359375,0.2754491017964072,-0.02434783408478558,-1.024446725845337,0.9664204148529261,-0.3707307380094529,-4.176952730750095,0.0004932064865857158
vcp,rs80_early,donchian_10low,83,6.919824241040859,0.3614457831325301,-0.04602320889482297,-0.4412267506122589,0.9064411349198475,-0.32978347185369516,-0.3184725165608832,-0.002958295131887657,88,10.044375,0.3977272727272727,-0.1919276330048557,-0.37855851650238037,0.6127553544835465,-1.5733153204898345,-1.9277931187631476,-0.011337140190913818
donchian_55,rs80,fixed_3r_20d,17248,1437.9895001141292,0.42132421150278293,-0.0034239581618900933,-0.7025280296802521,0.9939196462356548,-0.3393474160353151,-4.9236158856280285,-0.0008327762232909735,19274,2199.94640625,0.4022517380927675,-0.0015107545917320863,-1.020001471042633,0.9974515648888423,-0.14880844273494018,-3.3235791348066894,0.0011819312195171627
flag_60,all,donchian_10low,335,27.929411093357682,0.22686567164179106,-0.05628642907449559,-1.0281333923339844,0.9270841255280573,-0.36107061067826063,-1.5720468165987074,-0.005961639298484036,616,70.310625,0.25162337662337664,0.07492784981074586,-1.0319190621376038,1.0925363824428544,0.6311389488489796,5.2682239500996735,0.00758005688944
flag_30,mkt_ok,fixed_3r_20d,896,74.70075325268203,0.328125,-0.02040534172556363,-1.0322354435920715,0.9712119410933233,-0.36980033196587064,-1.5242943972779859,0.00029448420231606827,1380,157.5140625,0.3065217391304348,-0.057054796860809776,-1.034559726715088,0.9248248916727554,-1.231895128927728,-8.986932838658396,-0.0018272844778434575
htf,rs80_mkt,qull_sma10,31,2.5845126683405617,0.3870967741935484,-0.1024408818432881,-1.0216505527496338,0.8160792197816407,-0.3787244076106425,-0.2647597568799567,-0.012633515185781664,59,6.734296875,0.3389830508474576,0.26923467158892395,-1.0172293186187744,1.434320210839671,0.7108431542124543,1.813106207522942,0.0044905971597595995
htf,rs80_mkt,ema21_close,31,2.5845126683405617,0.2903225806451613,-0.11400645334393747,-1.0227142572402954,0.827407967956284,-0.38182751480625754,-0.2946511229399836,-0.010476037957555345,59,6.734296875,0.23728813559322035,0.18970840323274418,-1.0255789756774902,1.2430840191424053,0.40709874804250173,1.2775527070515091,0.0030195136886026898
base_50,rs80_mkt,fixed_3r_20d,1118,93.20919881305637,0.37298747763864043,-0.017408034092017674,-1.029817819595337,0.9732631068235487,-0.3843380878651851,-1.6225889106273388,0.0016767915613823798,1210,138.11015625000002,0.34628099173553717,-0.01395807770015441,-1.02716726064682,0.9797171960908759,-0.28866876275832315,-1.9277522921179662,-0.002034861259624239
flag_30_early,rs80_mkt,sma50_close,476,39.68477516548733,0.17436974789915966,-0.059649914766254857,-1.0545013546943665,0.9336369188326327,-0.38540572103733806,-2.3671934561393067,-0.0007066601166352943,709,80.925703125,0.1777150916784203,0.05893005355036646,-1.0518969297409058,1.0655817832147683,0.28522553383041543,4.768956018757308,0.002531245130978588
flag_30,rs80_mkt,sma50_close,598,49.85608308605341,0.21906354515050167,-0.04471507140693806,-1.0388899445533752,0.9462318098359879,-0.38729438199549726,-2.2293183152631153,-0.00028114224989263085,848,96.79125,0.20754716981132076,0.3674223405981155,-1.0366819500923157,1.425227784942198,1.3871377632419113,35.56326762441735,0.019224382527853485
high52_fresh,mkt_ok,chandelier_3atr,7061,588.6852887468615,0.2503894632488316,-0.012990948851455719,-1.0665569305419922,0.9840801190126846,-0.3888628532113786,-7.647580475714919,0.0005825356416678608,6665,760.7472656250001,0.2385596399099775,-0.01609176799195762,-1.0543636083602905,0.9801706688038454,-0.45698647642803153,-12.241768498953657,-7.511627612771865e-05
flag_60,early_stage,donchian_10low,153,12.755820588906642,0.1895424836601307,-0.09998754351065049,-1.0289762020111084,0.8739634847780067,-0.38964514186042865,-1.2754231661473543,-0.011020711501390716,295,33.671484375,0.2745762711864407,0.10080049427510318,-1.0286340713500977,1.1287724371859404,0.5672890075843355,3.3941022679764137,0.0089598066804899
base_50,early_stage,sma50_close,587,48.9389979456745,0.27597955706984667,-0.03644513857298653,-1.0309160947799683,0.9521260513422878,-0.3914819168861718,-1.7835885617532103,-0.0005048406272698226,888,101.356875,0.2916666666666667,0.6877506372389313,-1.03036367893219,1.9501526434208558,4.80445756760009,69.7082553697967,0.039934136908155976
base_50,early_stage,qull_sma10,592,49.35585482766491,0.46790540540540543,-0.02370735137269917,-0.03283809311687946,0.9512283614819433,-0.4112242052941549,-1.170096592699383,-0.0013021419642698035,888,101.356875,0.4358108108108108,0.037439290460276206,-0.2812566012144089,1.075342716680124,0.7305053152229297,3.794729483270908,0.0009895743503707595
htf,all,chandelier_3atr,53,4.418682949098379,0.20754716981132076,-0.14459119255672087,-1.0227142572402954,0.8040838414850326,-0.4123382088373073,-0.6389026371401829,-0.0038312847884196155,98,11.18578125,0.17346938775510204,-0.27676970428045916,-1.028048038482666,0.6789708958631251,-1.03078744629743,-3.0958853687084047,-0.01937235299763935
base_50,rs80_mkt,sma50_close,1107,92.29211367267747,0.2565492321589883,-0.02983079169323296,-1.0357378721237183,0.9607882589844876,-0.4164259689269836,-2.7531468178978193,0.0021222492859860995,1210,138.11015625000002,0.23553719008264462,0.10259055483466677,-1.0331159234046936,1.1254873406118722,1.0743837993036216,14.16879755799002,0.002890662774614401
random_uptrend,rs80_early,donchian_10low,2799,233.35648253823328,0.17077527688460165,-0.02984267200961198,-1.106117606163025,0.9695670529790004,-0.41818691162380695,-6.963980969705241,-0.0012895250791951976,3963,452.339296875,0.17183951551854657,0.0452293881844732,-1.1014785766601562,1.045330397358548,0.6063682299802334,20.45902964945104,0.003337466730098453
htf,rs80_mkt,fixed_3r_20d,31,2.5845126683405617,0.3225806451612903,-0.1151999004425541,-1.0249524116516113,0.8374694310869564,-0.4208840164054124,-0.29773560208535255,-0.004830180907682065,59,6.734296875,0.2711864406779661,-0.03646971260086965,-1.0248873233795166,0.9521559635912544,-0.1612851920776459,-0.2455978716001846,-0.0049398256055379315
vcp,early_stage,ema21_close,263,21.92667199269573,0.33460076045627374,-0.027491865234322024,-0.3625519275665283,0.9305922736114699,-0.42137843351761484,-0.6028051114603742,-0.005504001922670402,226,25.79578125,0.36283185840707965,-0.07018043305230352,-0.3154785633087158,0.8125353139085975,-1.0262080242854474,-1.8103590990474914,-0.00292141525368711
flag_30_early,rs80,sma50_close,718,59.86064825382333,0.18384401114206128,-0.0496424983824995,-1.0495597124099731,0.9423019174036874,-0.4251143470757982,-2.971632134115796,-0.003166658848895066,1004,114.5971875,0.19322709163346613,0.09336890016619369,-1.0500010251998901,1.1063130888187707,0.5981580485519201,10.69981335901408,0.003831111099914206
high52,early_stage,sma50_close,8135,678.2261469984022,0.1984019668100799,-0.015900886338683546,-1.0906293392181396,0.9828448709974549,-0.4278460548397462,-10.784396875344871,8.122644770557435e-05,9514,1085.93390625,0.18173218414967415,-0.0047928749336539015,-1.0780698657035828,0.9949368312047899,-0.11709514635309766,-5.204745398870491,0.002326570118183037
flag_60,early_stage,trim_ema,153,12.755820588906642,0.3333333333333333,-0.0753377902936312,-1.0234233140945435,0.8917718638698139,-0.4304651796863794,-0.960995336550232,-0.007924400435097127,295,33.671484375,0.376271186440678,0.387323500556966,-1.024816870689392,1.5603710421129047,1.622181591506607,13.041757197074185,0.022618512587890154
base_50,early_stage,ema21_close,589,49.10574069847067,0.33276740237691,-0.03553860832609755,-0.9041443467140198,0.9460167422303999,-0.43066955794189293,-1.745149685245857,-0.0025218539741667027,888,101.356875,0.3310810810810811,0.24233577682084492,-0.8945946097373962,1.3866266223582602,2.7471823979790546,24.562397039258276,0.013633578285919669
vcp,rs80_early,fixed_3r_20d,85,7.086566993837024,0.49411764705882355,-0.048527811938787205,-0.09557655453681946,0.8930879619830201,-0.4311223503514415,-0.34389559036853967,-0.004456784241312348,88,10.044375,0.4431818181818182,-0.0968150446741757,-0.17369337379932404,0.7989511821813733,-0.8633397832551695,-0.9724466143491737,-0.0041581877382916655
flag_60,all,qull_sma20,337,28.096153846153847,0.42729970326409494,-0.04272327079224878,-0.5891699194908142,0.9226817353759076,-0.43148851587824555,-1.200359588989913,-0.004144455291205072,616,70.310625,0.3977272727272727,0.01209940342976717,-1.0224267840385437,1.0191184556034145,0.13537508811024548,0.8507166172740733,0.0018830296327533606
donchian_20,all,ema21_close,70056,5840.665144944077,0.3354031060865593,-0.002420646455954775,-0.4811932295560837,0.9952230363077255,-0.43183282569124226,-14.13818538352746,-0.0010183780918190605,78107,8915.181796875,0.327448244075435,-0.01453412043300062,-0.5140911936759949,0.972083200760073,-2.6256508180021756,-129.57432591787614,0.0003202054860208659
flag_30_early,all,qull_sma20,1217,101.46296507646656,0.3722267871815941,-0.02614874958713354,-1.0370079278945923,0.9603178812119404,-0.43283929182651504,-2.6531296661525996,-0.0006795279454048842,1953,222.916640625,0.37378392217101897,0.029098350858320354,-1.0347933769226074,1.0434635821339093,0.5690370182816081,6.486506621064359,0.0012889915047769672
flag_30_early,rs80,fixed_3r_20d,720,60.027391006619496,0.2986111111111111,-0.028425824119605952,-1.0451304912567139,0.9629974291347877,-0.439159730803707,-1.7063280591129817,-0.0010479485763223945,1004,114.5971875,0.3097609561752988,0.03481566900780714,-1.0424712300300598,1.0452377625638158,0.5986717027708031,3.9897777492256137,0.0022669183994750994
flag_30,rs80_mkt,fixed_3r_20d,604,50.356311344441906,0.326158940397351,-0.029738482661446592,-1.032826542854309,0.9584602531035679,-0.43921598676368795,-1.4975202918110921,0.0008658191777221451,848,96.79125,0.32547169811320753,0.008332770062997093,-1.0326457619667053,1.0112214141561018,0.1372454274575449,0.8065392303600675,0.0017109821963218427
flag_30_early,rs80_early,sma50_close,251,20.926215475918738,0.18725099601593626,-0.08207229652490274,-1.0479682683944702,0.907414268109193,-0.44126993421851085,-1.7174625616836114,-0.004060403211042285,359,40.976484375000005,0.23676880222841226,0.6337198535379925,-1.0513242483139038,1.742966448238879,1.625254572129761,25.96761167662684,0.027146987357594507
flag_30_early,mkt_ok,fixed_3r_20d,857,71.44926957315681,0.3045507584597433,-0.02635940508591636,-1.0485988855361938,0.9659503197847475,-0.44183139850980035,-1.8833602397716787,0.0008450315692929318,1452,165.7321875,0.2926997245179063,-0.0025397414526294087,-1.0460012555122375,0.9967988597993006,-0.050677546999800455,-0.4209169066286995,0.0011824530184707674
flag_30,early_stage,sma50_close,497,41.435574069847064,0.22736418511066397,-0.05809950592348603,-1.0359011888504028,0.929136909566351,-0.44805093831330095,-2.407386381114124,0.0005864386376620306,852,97.24781250000001,0.22065727699530516,0.4854615149962685,-1.0377781391143799,1.574020175457644,1.7628167352800272,47.21007038632306,0.02373589260737027
flag_60,all,ema21_close,336,28.012782469755763,0.24702380952380953,-0.06215376477865946,-1.026142954826355,0.9155992090199475,-0.4493019633894106,-1.7410998924209549,-0.006707641718180855,616,70.310625,0.26461038961038963,0.07508405693882302,-1.0293516516685486,1.0974898692141761,0.6475570272816663,5.279206970904234,0.007180029975099931
donchian_20,rs80_mkt,chandelier_3atr,15295,1275.1652020086738,0.328604118993135,-0.006187131073355407,-0.6793710589408875,0.9893650249357998,-0.44945580791828715,-7.8896142450093905,-0.00014005677730506642,16968,1936.738125,0.3263201320132013,0.018822564360447894,-0.7066592276096344,1.0315870454263474,1.3260518270719046,36.45437800714568,0.002841940804795479
flag_60,early_stage,qull_sma20,155,12.922563341702807,0.4129032258064516,-0.07091705376402505,-0.38771548867225647,0.8696561640387033,-0.4534095609500775,-0.9164301192725572,-0.007717909185486215,295,33.671484375,0.423728813559322,0.05511318113658798,-0.8642290234565735,1.0909903686282372,0.3941809921700486,1.855742617497167,0.004648325680602161
flag_30,all,oneil_20_8,1158,96.54405386897969,0.22020725388601037,-0.029439436146323546,-1.038015604019165,0.9655471672276187,-0.4546238623840768,-2.842202509183048,0.0005675532194803467,1790,204.31171875,0.21955307262569831,-0.009107949717917256,-1.0398687720298767,0.9895933107356039,-0.16430369658465135,-1.8608608611562523,0.0006912065760945308
base_25,early_stage,donchian_10low,666,55.52533668112303,0.2807807807807808,-0.044063972502732904,-1.0252222418785095,0.9388760515886129,-0.45962357368655804,-2.446666908721992,-0.0012199007116916957,1042,118.93453125,0.30038387715930903,0.14543215514785449,-1.0251245498657227,1.204868605682934,1.735375383696864,17.296905201187347,0.013000114662282401
flag_60,rs80,donchian_10low,264,22.010043369093815,0.24242424242424243,-0.07031056480341111,-1.0291823148727417,0.9070778701583747,-0.4633408877885887,-1.5475385806285598,-0.00381160062589157,474,54.10265625,0.2552742616033755,0.13460828988706763,-1.0301539301872253,1.166524321442114,1.0068674371513848,7.282666036160372,0.011580166344055395
pocket_pivot,rs80,sma50_close,14277,1190.2931408354257,0.16572108986481754,-0.015843626540106435,-1.102516531944275,0.9838563083342753,-0.4656094428693614,-18.858559996646797,-0.00022914584828893263,14631,1669.991484375,0.15952429772401067,0.012147003420891323,-1.098792314529419,1.0119761425860707,0.2832895420961212,20.285392273562504,0.001723875186110947
base_50,early_stage,donchian_10low,588,49.022369322072585,0.304421768707483,-0.041691169009677,-1.0229385495185852,0.9399046050229903,-0.47981728284772385,-2.043799884661333,-0.00257620605229096,888,101.356875,0.31756756756756754,0.3158432588934047,-1.0230677723884583,1.4783298575007295,3.2165515467754995,32.01288571125146,0.01777206496918708
flag_30_early,rs80_mkt,fixed_3r_20d,477,39.768146541885415,0.29559748427672955,-0.03886657083637435,-1.047957420349121,0.950126095983047,-0.4840933977198524,-1.5456514846015048,0.00030207094935059893,709,80.925703125,0.29055007052186177,-0.03403465175536187,-1.0454918146133423,0.957217617775216,-0.4929978561539331,-2.7542781239171745,-0.00060026588414931
base_25,early_stage,fixed_3r_20d,669,55.77545081031728,0.3423019431988042,-0.030626270904518357,-1.0259636640548706,0.9553138281063445,-0.48720290546984646,-1.7081940663384148,0.00079143220631949,1042,118.93453125,0.3685220729366603,0.02891515796171097,-1.0249784588813782,1.043106515028784,0.5679120154271008,3.4390107581958,0.0038587844928997146
base_25,early_stage,qull_sma20,669,55.77545081031728,0.4469357249626308,-0.034311223799162315,-0.2297205924987793,0.9365915097561975,-0.497522212016156,-1.9137239752519652,-0.0021387640818939942,1042,118.93453125,0.45009596928982726,0.02453911666249572,-0.36715996265411377,1.044939059685885,0.4440657353018132,2.918548337542993,0.0018253652241916464
flag_30,mkt_ok,chandelier_3atr,891,74.28389637069162,0.24803591470258138,-0.04243625691327801,-1.0321851968765259,0.9435140891321347,-0.5021634615808199,-3.152330510905989,-0.0004677071215528169,1380,157.5140625,0.22826086956521738,0.01175228742396702,-1.035018265247345,1.0144970535009985,0.14891471500223727,1.851150535816705,0.0028090686672246944
vcp,rs80,donchian_10low,593,49.439226204063,0.3608768971332209,-0.02596933958528981,-0.3404265344142914,0.943218214293637,-0.5030000614357701,-1.2839040541272706,-0.0040007485180587115,456,52.048125000000006,0.3793859649122807,0.005789107604805235,-0.33580276370048523,1.0129782407691301,0.09678153313267958,0.3013121962533535,0.002264169530045971
flag_60,early_stage,ema21_close,154,12.839191965304725,0.2077922077922078,-0.11220207210485038,-1.0253131985664368,0.8517896598913297,-0.51830407035452,-1.4405839426591363,-0.013059590056435774,295,33.671484375,0.2847457627118644,0.10631164568713156,-1.0269370079040527,1.1410485863380195,0.5934890259880781,3.5796709166347864,0.007300574649756743
base_50,early_stage,chandelier_3atr,588,49.022369322072585,0.30272108843537415,-0.04525779806739543,-1.0144080519676208,0.9345933537869655,-0.5244600949158084,-2.2186444915636416,-0.002391252522529055,888,101.356875,0.32094594594594594,0.38764100503232823,-1.0008232295513153,1.5937873119182182,3.761215969935695,39.290080891936064,0.02131910824171116
vcp,rs80_mkt,fixed_3r_20d,462,38.51757589591418,0.48268398268398266,-0.02615279582266351,-0.04513702914118767,0.9396684809637287,-0.5280578478892691,-1.007342297989789,-0.0033383331632712058,354,40.405781250000004,0.480225988700565,-0.006488102305375334,-0.05731392838060856,0.9847525821578867,-0.11804138609098266,-0.2621568424786165,0.0015256299748576093
htf,rs80,oneil_20_8,39,3.2514836795252227,0.20512820512820512,-0.15543969777914193,-1.0267499685287476,0.8092553117448902,-0.5298154975951775,-0.505409640479213,-0.014723088783331407,77,8.788828125,0.19480519480519481,-0.16070801097077209,-1.0290344953536987,0.8163252180623521,-0.6996417497487367,-1.4124350867327304,-0.01090092028116251
ema_retest,all,trim_ema,14469,1206.3004451038576,0.35282327735157926,-0.008186038123600017,-1.0456911325454712,0.988441547543463,-0.5299867516135454,-9.874821432135848,-0.0004713820299693188,15673,1788.926015625,0.3547502073629809,-0.001354517081526129,-1.0402770042419434,0.9980639926150808,-0.0898545385657649,-2.423130845750541,0.0006517832646707148
base_50,mkt_ok,chandelier_3atr,1841,153.48670394887012,0.29114611624117326,-0.027701753532865057,-1.0213819742202759,0.960247227816722,-0.5326461713533587,-4.2518508433634254,0.0009362233861974663,2078,237.18421875,0.26756496631376325,0.06734710773872167,-1.0228570103645325,1.0945575767855196,1.1673501545934812,15.973671134080778,0.0034849150264084977
vcp,rs80_mkt,chandelier_3atr,460,38.35083314311801,0.3391304347826087,-0.02872754963995565,-0.3635960817337036,0.9309893911381452,-0.534852051078214,-1.101725462852579,-0.0030622305941980575,354,40.405781250000004,0.3700564971751412,-0.06368444281653896,-0.3084837943315506,0.8395254574156652,-1.20287524783543,-2.573219665473207,-0.003452477691540367
multi_touch,rs80,fixed_3r_20d,4596,383.17484592558776,0.350739773716275,-0.013640244690084536,-1.0446802973747253,0.9811134319361956,-0.5363751481897319,-5.226598657510459,0.00042938947877523833,3995,455.99179687500003,0.3336670838548185,-0.06129416770392677,-1.042729139328003,0.9176164151995139,-2.2466030615928596,-27.949637669271162,-0.0011350216471469315
flag_30_early,early_stage,qull_sma20,435,36.26654873316594,0.3816091954022989,-0.05545646457045724,-1.0373170375823975,0.91398495842081,-0.5374129466866074,-2.0112145749135784,-0.0013063888215991278,744,84.920625,0.3803763440860215,-0.04129469449511699,-1.0355374217033386,0.9397269994561686,-0.5248628173402594,-3.5067712657093946,5.878520049361302e-05
base_25,early_stage,ema21_close,668,55.6920794339192,0.2949101796407186,-0.049735918317637046,-1.0031916499137878,0.927052478249535,-0.5435308482580654,-2.769896713664759,-0.003749175572011154,1042,118.93453125,0.31765834932821496,0.07967736909050681,-1.018813967704773,1.119429750735204,1.1097477690370146,9.476390544012666,0.008053855821145763
flag_60,rs80,qull_sma20,266,22.17678612188998,0.424812030075188,-0.058260879332297726,-0.9477450549602509,0.896978159075138,-0.5460397845808508,-1.2920390602256069,-0.0036714992396659533,474,54.10265625,0.41983122362869196,0.07296315662818642,-1.0201419591903687,1.1174820807949066,0.7151205817888399,3.947500581969679,0.0057464144239722514
donchian_20,rs80,chandelier_3atr,19664,1639.4147454918968,0.33040073230268513,-0.006570692667734593,-0.6710935533046722,0.9886371429950532,-0.5487879215374781,-10.772090447579581,-0.000969240553196815,22612,2580.9478125,0.3267733946577039,0.010624127366828997,-0.7201765477657318,1.0178185834023648,0.8692419352456346,27.420318287138684,0.0022325984657149255
ep_gap10,all,qull_sma20,543,45.270657384158866,0.4548802946593002,-0.036968588907508315,-0.33360493183135986,0.9284205512541249,-0.5490663264530565,-1.6735923224076248,-0.004207538102913612,933,106.49320312500001,0.44694533762057875,0.07341687298597696,-0.19110554456710815,1.1454338890509257,1.2731121213798147,7.81839796769797,0.0044678370924606005
flag_60,rs80_early,fixed_3r_20d,113,9.420965532983336,0.2743362831858407,-0.08705284195927392,-1.0299253463745117,0.883070646221349,-0.5492494726617407,-0.8201218236465653,-0.0034897200190420964,208,23.74125,0.33653846153846156,-0.066459340419477,-1.027109682559967,0.9101526305912168,-0.5617827995459395,-1.5778278157339083,-2.4411358306399332e-05
flag_30_early,rs80_early,fixed_3r_20d,252,21.009586852316822,0.29365079365079366,-0.05850936957294979,-1.0453513860702515,0.9239147831465064,-0.5493598512597541,-1.2292576817171919,-0.0011829958031220095,359,40.976484375000005,0.33147632311977715,0.10876650325850191,-1.0448275804519653,1.141758615190935,1.0741813096892447,4.45686892129539,0.007903849904511052
multi_touch,rs80_early,trim_ema,1043,86.95634558320018,0.3652924256951103,-0.03277825092864897,-1.0364471673965454,0.9532600916146459,-0.5550078447424603,-2.8502769153644523,0.0001775162829450359,1148,131.03343750000002,0.34668989547038326,0.019809966742828526,-1.0368432998657227,1.027247554223043,0.3006228456869386,2.5957680390735005,0.002632556893017911
flag_30_early,early_stage,fixed_3r_20d,434,36.183177356767864,0.3087557603686636,-0.04544677299937965,-1.0467405319213867,0.9402301278049435,-0.5615279215031286,-1.6444086477293227,0.00030259483156957524,744,84.920625,0.3131720430107527,0.0036688829091207314,-1.0449627041816711,1.0046143892578536,0.05326011782200779,0.31156382969435076,0.001543418687996104
base_50,rs80_early,fixed_3r_20d,242,20.175873088335997,0.3512396694214876,-0.05458910121343845,-1.0236997604370117,0.9180964934757693,-0.5668850496926516,-1.1013827780886627,-0.002088017132487302,375,42.802734375,0.4106666666666667,0.09199130234122277,-1.0192134380340576,1.1493475630099121,1.0700440066878292,3.937479278921674,0.005427887484431267
vcp,rs80_mkt,trim_ema,453,37.76723350833143,0.31567328918322296,-0.03520036758839566,-0.521831214427948,0.932934603195647,-0.5670807476876115,-1.3294205022900403,-0.0034913265459486447,354,40.405781250000004,0.3418079096045198,-0.07679659327081705,-0.5304814577102661,0.8518729488267606,-1.2372492716316734,-3.1030263484458556,-0.003917375506963423
vcp,mkt_ok,chandelier_3atr,1078,89.87434375713308,0.3395176252319109,-0.020505981582777614,-0.34660452604293823,0.9503334065850917,-0.57289192026752,-1.842961637847995,-0.002410497480439092,694,79.21359375,0.37319884726224783,-0.03014865585117029,-0.3186105787754059,0.9238605679681112,-0.7553407157499233,-2.388183376703164,-0.0016323844556976345
base_25,early_stage,qull_sma10,669,55.77545081031728,0.44095665171898357,-0.036370490728118786,-0.23066148161888123,0.9290487226464602,-0.5733396688597271,-2.0285805165532897,-0.0017718238539543762,1042,118.93453125,0.43378119001919385,-0.046966553014073424,-0.38078081607818604,0.9105579585448434,-1.0892511609855284,-5.585944967157098,-0.0018843315082241673
vcp,mkt_ok,donchian_10low,1076,89.70760100433691,0.3475836431226766,-0.02243171200233245,-0.35649625957012177,0.9506700031470969,-0.5789583275486164,-2.0122950701494347,-0.0030219231197758396,694,79.21359375,0.3530259365994236,-0.07375894094815999,-0.34375837445259094,0.8354551383782564,-1.6972255685687525,-5.842710783697785,-0.0049341854813009815
htf,rs80,qull_sma20,39,3.2514836795252227,0.38461538461538464,-0.14721269726466674,-1.0221199989318848,0.7595664267128945,-0.5847823083916919,-0.4786596825749513,-0.01332466214005716,77,8.788828125,0.2987012987012987,-0.06085215690364311,-1.0234863758087158,0.9135263799689428,-0.20343817025190114,-0.5348191480616515,-0.012910078393065601
stage2,rs80,trim_ema,2384,198.757361333029,0.35318791946308725,-0.023538703146162476,-1.0361474752426147,0.9664261755928624,-0.5895165453825619,-4.6784905265327215,-0.0002620367347649549,2291,261.496171875,0.32431252728066345,-0.13060465048938025,-1.034836769104004,0.8215617227149947,-3.467989125041946,-34.15261613204528,-0.003271023115499362
undercut,mkt_ok,donchian_10low,8749,729.4161721068249,0.2240256029260487,-0.02026782466636405,-1.0746996402740479,0.9766585974696166,-0.5948403206032574,-14.783679085071553,-0.00014414127126945232,10996,1255.0903125,0.21553292106220442,-0.023153422141464645,-1.0729371905326843,0.9735624060139816,-0.7194074345521745,-29.05963583097528,0.00048248786447592615
flag_60,rs80_early,donchian_10low,111,9.254222780187172,0.1981981981981982,-0.14631013823924838,-1.0313827991485596,0.8150524147086131,-0.5990222541268747,-1.3539866142659867,-0.01096434921428964,208,23.74125,0.27884615384615385,0.1359403940060964,-1.027439534664154,1.1741667954200161,0.68495771502006,3.227394879197236,0.01293426437209396
stage2,rs80,ema21_close,2408,200.75827436658298,0.2931893687707641,-0.028337050197016374,-1.0292136073112488,0.9594986789863507,-0.6143260479127173,-5.688897298192247,-0.0025724547629283204,2291,261.496171875,0.28109995635093843,-0.13926088177533563,-1.034836769104004,0.8086968753747421,-3.3835793658690747,-36.416187476187226,-0.003129595137142915
undercut,early_stage,trim_ema,7006,584.0998630449669,0.3531258920924921,-0.013374555917023483,-0.374513179063797,0.9755275712268421,-0.6160098608330689,-7.812076279420668,-2.2752484938174488e-05,8326,950.33484375,0.34578429017535434,-0.0714414143783657,-0.3805750459432602,0.8694010231229536,-4.0299897488208964,-67.89326537054318,-0.0012453347102135926
flag_60,early_stage,oneil_20_8,153,12.755820588906642,0.21568627450980393,-0.09962848715143266,-1.0318275690078735,0.8820924158329166,-0.6167630022179063,-1.2708431076478657,-0.005194503187013218,295,33.671484375,0.2711864406779661,0.04537786972724785,-1.0337364673614502,1.054429207114542,0.36163260877555387,1.5279402314918116,0.006701854662180452
flag_30,early_stage,oneil_20_8,499,41.60231682264323,0.23046092184368738,-0.057046029963092,-1.0378690958023071,0.9320785541002177,-0.623645574498118,-2.373247011998552,0.0019427835353405657,852,97.24781250000001,0.22652582159624413,-0.006327107662396252,-1.0391826629638672,0.9927560259232693,-0.07850987968509952,-0.6152973796200241,0.0018775661851983395
base_50,rs80_mkt,chandelier_3atr,1111,92.6255991782698,0.2844284428442844,-0.04087557717294346,-1.0052939653396606,0.9397614890032132,-0.6455216547613205,-3.7861248274014954,0.0003892654660538226,1210,138.11015625000002,0.2619834710743802,-0.028850164914249698,-1.0223740339279175,0.9600770498236044,-0.420118023541875,-3.9845007841452937,-0.002480057449585639
base_25,mkt_ok,chandelier_3atr,1478,123.22289431636612,0.27604871447902574,-0.04071005725198462,-1.0229812860488892,0.9421068612016714,-0.6470772880730274,-5.016411082374515,0.001107558175741146,1878,214.35609375,0.25878594249201275,-0.07248561977569005,-1.0262477397918701,0.9026054818770035,-1.3378661737897803,-15.537734308164673,-0.0014084538486517774
multi_touch,all,fixed_3r_20d,12774,1064.9859621091075,0.35415688116486616,-0.010867514138128427,-1.0506881475448608,0.9852154495211761,-0.6584647363180848,-11.573750000129031,0.00015345566573713956,10634,1213.7714062500002,0.323396652247508,-0.10002760688294746,-1.049635410308838,0.869612525986654,-5.9986576530341535,-121.41064907013731,-0.0023463831744593485
flag_30_early,mkt_ok,qull_sma20,858,71.53264094955489,0.372960372960373,-0.048521257364070355,-1.0390104055404663,0.9270366838390217,-0.6646084661934175,-3.4708536814449915,7.142405799147015e-05,1452,165.7321875,0.3615702479338843,-0.00856157745077203,-1.0362823009490967,0.9874155860598036,-0.14630500672141297,-1.418928959367122,-0.0002257969642537306
high52,rs80,oneil_20_8,15005,1250.98750285323,0.16887704098633788,-0.017219959535399842,-1.0835882425308228,0.9822634509717698,-0.6768543953758526,-21.541954178423513,0.0003162721672149338,16924,1931.7159375,0.17170881588277004,-0.034719888183717025,-1.0732130408287048,0.9642757510188646,-1.4961866280495577,-67.06896135270411,-0.0002780436710893287
flag_30,rs80_mkt,chandelier_3atr,600,50.02282583884958,0.245,-0.06653236785049861,-1.032961130142212,0.9123447093056725,-0.6821714688129459,-3.3281370496317666,-0.00021993975157480843,848,96.79125,0.24056603773584906,0.005025607103785008,-1.0329691171646118,1.0063286518908607,0.05515288735676989,0.4864347935842307,0.0037801750362512327
ema_retest,mkt_ok,fixed_3r_20d,12320,1027.135357224378,0.3619318181818182,-0.01012380359856984,-1.0481967329978943,0.9855134000195724,-0.6933645321603455,-10.398516625686476,-0.00067727094412458,12391,1414.316484375,0.3462190299410863,-0.00632478400546157,-1.043492078781128,0.9910257261858925,-0.4270347668394354,-8.94524627903564,0.00023680476581289413
base_25,rs80,donchian_10low,1297,108.13267518831317,0.28835774865073244,-0.044698993799315204,-1.0269591808319092,0.9357815449514837,-0.7129527065152338,-4.833421777745775,0.0014239589703911146,1503,171.553359375,0.27345309381237526,0.007465061643492388,-1.026766300201416,1.010103599736715,0.10806889074855916,1.280656402882578,0.003167626350081813
pocket_pivot,all,chandelier_3atr,49401,4118.6293654416795,0.20805246857351065,-0.012105557902911259,-1.1091766357421875,0.9872991923345463,-0.7608333955632133,-49.858306263984915,-0.0004061147274926398,48059,5485.484296875,0.1958009946107909,-0.1131654654589182,-1.1029411554336548,0.8843478335098262,-7.232795156523799,-620.7673837234461,-0.00142821480808948
ema_retest,rs80_early,fixed_3r_20d,1129,94.12628395343529,0.3640389725420726,-0.03502745176455133,-1.033253788948059,0.9478197689530429,-0.7685959902197498,-3.2970038709554164,-0.002282273244416709,1546,176.46140625,0.38809831824062097,0.11277864386513106,-1.0282648205757141,1.1780445033943454,2.7077196085542834,19.901078091408962,0.00629216423389868
random_uptrend,rs80_early,chandelier_3atr,2799,233.35648253823328,0.17399071096820293,-0.054262759073472056,-1.1044750213623047,0.9443423477429369,-0.7795730472275023,-12.662566590205042,-0.0013109599745983944,3963,452.339296875,0.175372192783245,-0.02676720019625446,-1.100283145904541,0.9729596689075517,-0.45243040780608335,-12.107856516086104,0.0013778377977710136
pocket_pivot,rs80_early,sma50_close,3659,305.05586624058435,0.16507242415960646,-0.04798494018275768,-1.0936275720596313,0.9500540198472056,-0.7833388184734162,-14.638087493953767,-0.0005748938106645942,4829,551.185078125,0.1673224270035204,0.06666861226399182,-1.0932742357254028,1.0662263737843483,0.9163828705040054,36.74674425921366,0.003219752256754696
flag_30_early,rs80_early,trim_ema,251,20.926215475918738,0.3346613545816733,-0.08965735909235904,-1.0419633388519287,0.8760225349001229,-0.785508090632163,-1.8761892153685278,-0.0021209062060408026,359,40.976484375000005,0.37047353760445684,0.15589996543518347,-1.0389189720153809,1.2198032995289825,1.063939317058502,6.388232497717836,0.009595654402537826
stage2,mkt_ok,ema21_close,4569,380.9238187628395,0.28693368351936965,-0.027885017060490968,-1.0374034643173218,0.9617693721136048,-0.7864235397265517,-10.62206718494915,-0.0004909193544372548,3383,386.13773437500004,0.25805498078628436,-0.20083464883853347,-1.0406615734100342,0.7374649760328172,-5.573344792129564,-77.54983628651004,-0.005401756171970881
vcp,mkt_ok,fixed_3r_20d,1093,91.12491440310431,0.4730100640439158,-0.024760691764288814,-0.05816243588924408,0.9414082917245056,-0.8032529248606468,-2.256315917582468,-0.003108409372273539,694,79.21359375,0.48559077809798273,-0.010054021559438268,-0.04361935146152973,0.9763636165623402,-0.25876787975823873,-0.7964151793630845,7.768161617932702e-05
htf,rs80,fixed_3r_20d,39,3.2514836795252227,0.3076923076923077,-0.18660124525045738,-1.0249524116516113,0.7420840058928097,-0.8048002521135776,-0.6067309035109456,-0.009393957156974535,77,8.788828125,0.23376623376623376,-0.19133440279341363,-1.025946021080017,0.7618547527608814,-1.0330267009154146,-1.6816051805508323,-0.013468698392827789
flag_30,rs80,fixed_3r_20d,799,66.61372974206802,0.3191489361702128,-0.04721967091618365,-1.0328888893127441,0.9346709825885032,-0.8079951958760722,-3.145478396920047,-0.0007412648170129238,1125,128.408203125,0.3244444444444444,-0.00400752372874154,-1.0332857370376587,0.9945447947446436,-0.07789696275497034,-0.514598920988501,0.0010618331017386582
random_uptrend,rs80_mkt,oneil_20_8,6333,527.9909267290573,0.11826938259908416,-0.03953481434813405,-1.12821626663208,0.9637882606552213,-0.8083638332929679,-20.87402326573253,-0.000550377549624427,7298,832.99828125,0.12071800493285832,-0.07060041650900019,-1.1115877032279968,0.9343007435450748,-1.6935475661059236,-58.81002560753128,-0.0003760553070672763
undercut,rs80_early,trim_ema,1168,97.37776763296051,0.3518835616438356,-0.03899654251200782,-0.4485020190477371,0.9314910541799245,-0.8119327403112996,-3.7973962552231635,-0.0008167305054640777,1767,201.68648437500002,0.33729485002829657,-0.040817252494998665,-0.5184599757194519,0.9294856911719686,-0.9862898189742074,-8.232288157562978,0.00015500164040948587
flag_30,rs80_early,trim_ema,269,22.426900251084227,0.35315985130111527,-0.09090700186096602,-1.0301765203475952,0.867493873514043,-0.8180096218198857,-2.038762262861013,-0.0022350322220606044,424,48.395625,0.3632075471698113,0.2877322913165081,-1.0290582180023193,1.4073670785247805,1.6570159025539475,13.924984070944484,0.01734901058491987
flag_30,mkt_ok,donchian_10low,892,74.3672677470897,0.2522421524663677,-0.06759617071219766,-1.0337117910385132,0.9113412377486798,-0.8182245699322653,-5.026942526031987,-0.002116452390008299,1380,157.5140625,0.22608695652173913,0.08692907640521509,-1.0363819003105164,1.106525859331213,0.9653659398492203,13.692551973958325,0.004872832364049248
htf,rs80,ema21_close,39,3.2514836795252227,0.2564102564102564,-0.2086628601910212,-1.0227192640304565,0.6998732710919329,-0.8356301738964562,-0.6784638844341587,-0.015220981025590729,77,8.788828125,0.2077922077922078,-0.056620980528267945,-1.0265551805496216,0.9306059806570164,-0.15675430249434175,-0.49763206613191874,-0.010445162291070084
htf,rs80_early,fixed_3r_20d,21,1.7507989043597352,0.2857142857142857,-0.26188763692265465,-1.0259840488433838,0.6528152734639416,-0.8565180805106613,-0.4585125877895439,-0.010532588032739503,40,4.565625,0.275,-0.15250437408685685,-1.0261861681938171,0.8011776719850984,-0.6143130734778959,-0.6962777829403058,-0.011504625855013727
vcp,rs80_early,qull_sma10,85,7.086566993837024,0.49411764705882355,-0.06284946188851095,-0.0012910992372781038,0.7670518977229728,-0.8565533384930561,-0.4453869221995396,-0.004020903109545436,88,10.044375,0.45454545454545453,-0.07937394625200382,-0.015805442351847887,0.7509251185434552,-0.8709677999115868,-0.7972616813849709,-0.003465819776796376
vcp,rs80_mkt,donchian_10low,458,38.18409039032184,0.3406113537117904,-0.050702399485256504,-0.4139065146446228,0.8925110919187872,-0.8624547504930851,-1.9360250049512422,-0.005354116897740021,354,40.405781250000004,0.3531073446327684,-0.06875895315223494,-0.3547915071249008,0.8495874759277844,-1.0826426402255742,-2.7782592200482035,-0.004371569263326243
vcp,rs80_early,qull_sma20,84,7.003195617438941,0.4880952380952381,-0.08237505453455794,-0.003380078007467091,0.7515979700381443,-0.8633188945543155,-0.5768886209027099,-0.005929041299081984,88,10.044375,0.5227272727272727,-0.09200421259050597,0.008978903759270906,0.7307368487498599,-0.9224510873124593,-0.9241248128387634,-0.0034389078841327732
undercut,rs80,trim_ema,5228,435.865555809176,0.3469778117827085,-0.019641321831901738,-0.38800422847270966,0.9632498686508576,-0.8836532984184187,-8.560975657088752,-0.0011729246221762926,6453,736.549453125,0.35084456841779016,-0.01317898795618649,-0.3813174366950989,0.975503636502203,-0.6005930809079273,-9.706976371870121,-9.349143732582752e-05
vcp,rs80_early,ema21_close,83,6.919824241040859,0.30120481927710846,-0.11773970595235567,-0.5062099099159241,0.75099068029556,-0.8872053090862106,-0.8147380713821333,-0.011292139919620591,88,10.044375,0.36363636363636365,-0.16207742894237692,-0.370782271027565,0.6240621532504754,-1.4196648227522468,-1.6279664753330871,-0.00975409065540589
htf,early_stage,trim_ema,27,2.251027162748231,0.37037037037037035,-0.19927827406812598,-1.0221199989318848,0.6864068486883069,-0.8893843502148826,-0.44858080787293797,-0.012419014755222533,55,6.2777343750000005,0.3090909090909091,-0.11966044144196944,-1.0234863758087158,0.8413730241826799,-0.4126491929683161,-0.7511964665679262,-0.006576355563646013
flag_30_early,rs80,trim_ema,718,59.86064825382333,0.33147632311977715,-0.06378300390193306,-1.0404267311096191,0.9113015443406371,-0.8920880046008084,-3.8180919611458557,-0.0026290845985246776,1004,114.5971875,0.34860557768924305,0.0005296685035336777,-1.0379692316055298,1.0007448572902902,0.007473657298103793,0.06069852081229329,0.0002621706460711112
base_25,mkt_ok,donchian_10low,1480,123.38963706916229,0.27635135135135136,-0.05569590957165437,-1.027969777584076,0.9224098053415875,-0.8965438933053239,-6.872298068283315,0.0017428990242226948,1878,214.35609375,0.25931842385516507,-0.05626449538434482,-1.030062973499298,0.9258351937173,-0.9312206999680314,-12.06063744740306,-0.0008902842323933018
pocket_pivot,all,donchian_10low,49370,4116.04485277334,0.20131658902167307,-0.01488961615512628,-1.11269611120224,0.9846633151354535,-0.9086113302391123,-61.28632793507828,-0.00045290119584640953,48059,5485.484296875,0.18741546848665183,-0.1056107472470617,-1.1059402227401733,0.8938807533905737,-6.254510561950595,-579.3260956049916,-0.0012397486415011958
base_50,rs80_mkt,donchian_10low,1112,92.70897055466789,0.27967625899280574,-0.05738479416191799,-1.0301415920257568,0.9181265191213309,-0.9176106521138383,-5.320085192242932,0.000613056253792074,1210,138.11015625000002,0.2619834710743802,-0.02495262512998763,-1.0279875993728638,0.9665254541861631,-0.3179417565239102,-3.4462109555502685,-0.002533699840466946
flag_30,early_stage,trim_ema,497,41.435574069847064,0.34004024144869216,-0.07677010125977173,-1.0301765203475952,0.8901944580842497,-0.9273148683978668,-3.181013217098931,-0.001559181165341775,852,97.24781250000001,0.3415492957746479,0.16824718452377918,-1.0311333537101746,1.233541482848795,1.5942442883600862,16.36167065422138,0.01093300023160442
multi_touch,rs80_early,qull_sma20,1053,87.79005934718101,0.4121557454890788,-0.05123683025138205,-0.38771548867225647,0.9097513942390234,-0.9322304854947218,-4.49808436853027,-0.002187550110783466,1148,131.03343750000002,0.40853658536585363,0.0016882918326456735,-0.7604418694972992,1.0027533019298758,0.028078578504633734,0.22122268233473733,0.0011228068733243153
flag_30_early,rs80_mkt,trim_ema,476,39.68477516548733,0.32983193277310924,-0.08443626872569072,-1.0423816442489624,0.8843903564168373,-0.9335628176726944,-3.350834340191706,-0.0006120914653014048,709,80.925703125,0.3342736248236953,-0.03333639515608507,-1.0389338731765747,0.9546286685943425,-0.3773044656436997,-2.6977712176590285,-0.001662984313965448
high52_fresh,early_stage,chandelier_3atr,2935,244.69498972837252,0.24974446337308348,-0.04560877732423269,-1.062614917755127,0.9435482818275829,-0.9376295011574736,-11.160239298876748,-0.0004730437084311147,3665,418.325390625,0.24420190995907232,-0.01644976287780045,-1.0521817207336426,0.9795529820959425,-0.3510566442377828,-6.881353481544497,0.0018625470441487949
base_50,mkt_ok,trim_ema,1836,153.0698470668797,0.35675381263616557,-0.037868757665381524,-1.0319335460662842,0.9448697301304009,-0.9404970913390164,-5.796564944452679,0.0015161136162772542,2078,237.18421875,0.3411934552454283,0.07120520747566991,-1.0270206332206726,1.103085176280373,1.5022464124403476,16.88875150604843,0.0031172995500325265
high52_fresh,mkt_ok,donchian_10low,7054,588.1016891120748,0.24383328607882052,-0.03188289750168202,-1.071054995059967,0.9615109162307375,-0.9454863693319799,-18.750385874526348,0.00020442468965830869,6665,760.7472656250001,0.23615903975994,-0.01653824692221906,-1.0590909719467163,0.9799703004393671,-0.4537139879799684,-12.581426124309225,5.6965107552726234e-05
flag_60,early_stage,fixed_3r_20d,155,12.922563341702807,0.2709677419354839,-0.12398141990265539,-1.028517246246338,0.8338790065515718,-0.9479469378094467,-1.6021577518863173,-0.008115774728057365,295,33.671484375,0.3389830508474576,-0.04188333513625597,-1.0277010202407837,0.9429717655646764,-0.4232419498631643,-1.4102740646133316,-0.00020176953699250341
flag_30_early,all,fixed_3r_20d,1216,101.37959370006848,0.29769736842105265,-0.04727649717051463,-1.04680734872818,0.9388890712770293,-0.9555925582833106,-4.79287207470921,-0.001093458922409091,1953,222.916640625,0.3092677931387609,0.05106091733184522,-1.0440820455551147,1.0658785240248188,1.183346993236871,11.382328158845777,0.0032281293683955746
htf,rs80,qull_sma10,39,3.2514836795252227,0.358974358974359,-0.2119326052041008,-1.0206037759780884,0.6382773909431926,-0.9604170143701946,-0.689095406980396,-0.020202901457639363,77,8.788828125,0.2857142857142857,0.021412401351255255,-1.021950125694275,1.031237349507997,0.0722456273473801,0.18818991521970022,-0.007742090790242247
htf,rs80_early,oneil_20_8,21,1.7507989043597352,0.19047619047619047,-0.3240152994791667,-1.0267499685287476,0.6074973832830647,-0.9713543170320831,-0.5672856313239165,-0.019869466800065266,40,4.565625,0.2,-0.17928372025489808,-1.029295563697815,0.7972726095087739,-0.5521739977481123,-0.818542235288769,-0.016554155061021446
multi_touch,rs80_early,qull_sma10,1056,88.04017347637526,0.4071969696969697,-0.04943813765770976,-0.32502464950084686,0.9082403981428774,-0.9743328884788697,-4.3525422157336875,-0.0014214087873576566,1148,131.03343750000002,0.40156794425087106,0.0029124459495138417,-0.46755264699459076,1.0049811902024215,0.05409710456730264,0.3816278042977501,0.0008836747884673373
vcp,all,ema21_close,1316,109.71673133987674,0.33206686930091184,-0.028377612107547936,-0.31334254145622253,0.9229063174821049,-0.9881578272465771,-3.11349884367107,-0.00410406635350681,880,100.44375000000001,0.33636363636363636,-0.06641457896434573,-0.3193367272615433,0.8216619140808671,-2.0524039776898158,-6.670929365850001,-0.003504861989049666
undercut,rs80_mkt,chandelier_3atr,1501,125.14043597352203,0.22584943371085942,-0.0752625498312,-1.0542563199996948,0.9097476929943228,-0.9908633410201011,-9.418388298355293,-0.0019278655867641427,2175,248.255859375,0.23264367816091955,-0.04761759798352917,-1.053197979927063,0.9427873799376251,-0.7848973514368508,-11.821347708774303,-0.00033388485569351664
htf,rs80_early,trim_ema,21,1.7507989043597352,0.3333333333333333,-0.26112644871075946,-1.0227192640304565,0.610227946298651,-1.0153400659742386,-0.4571799003021463,-0.017235819427740006,40,4.565625,0.35,0.0876797929406166,-1.024532675743103,1.12559761787621,0.22968570502230556,0.40031305464450273,0.005755601590499282
random_uptrend,rs80_early,qull_sma20,2804,233.7733394202237,0.3145506419400856,-0.04885109672620135,-1.085056722164154,0.9377443454955505,-1.0167321399519527,-11.420084016024447,-0.0011458410312376812,3963,452.339296875,0.2957355538733283,-0.03692557496155774,-1.0841928720474243,0.9554095018536072,-0.8509147233837403,-16.702888614816136,0.0001251233508294952
high52_fresh,rs80,trim_ema,3317,276.5428555124401,0.34820621043111244,-0.03514820636339364,-1.0416427850723267,0.9506253695634129,-1.031111024444891,-9.719985353873396,4.931266784633329e-05,4203,479.733046875,0.3495122531525101,0.03906413645253327,-1.0365227460861206,1.054863821779478,1.0863962445326265,18.740357203914538,0.0024140910402180435
stage2,mkt_ok,fixed_3r_20d,4612,384.5087879479571,0.3731569817866435,-0.025074175635845655,-1.0414501428604126,0.9638819865632998,-1.0325203296982803,-9.641240882533209,0.0009233115488093204,3383,386.13773437500004,0.3340230564587644,-0.1378224879774278,-1.0418338775634766,0.8118775003402684,-4.932634256886801,-53.21846325352965,-0.003485544923776313
ema_retest,all,ema21_close,14579,1215.4712965076467,0.2961108443651828,-0.018419083362245313,-1.031724452972412,0.9733725631256481,-1.0351949340084339,-22.38786713479073,-0.001743098252375472,15673,1788.926015625,0.28826644547948704,-0.039815561528222514,-1.031919002532959,0.942734558366897,-2.342193104451931,-71.22709384455513,-0.0007340007949329662
multi_touch,rs80,donchian_10low,4564,380.50696188084913,0.2607361963190184,-0.041156275617713754,-1.0497930645942688,0.948070141584871,-1.0364946098635694,-15.660249397627128,-0.0012898756089427278,3995,455.99179687500003,0.251063829787234,-0.05645065797071493,-1.0456271171569824,0.9296894569667687,-0.918396774879062,-25.741036962842347,-0.0016828666567158229
random_uptrend,rs80_early,trim_ema,2796,233.10636840903902,0.3490701001430615,-0.04736466556474385,-1.0785327553749084,0.9382838460516859,-1.039019927511801,-11.041005180706104,-0.0012124113454722442,3963,452.339296875,0.334847337875347,-0.038732941411828065,-1.0794780254364014,0.9517098845556395,-0.9045454524478853,-17.520431484126878,0.0006163402712237379
flag_30,rs80_early,chandelier_3atr,270,22.51027162748231,0.22962962962962963,-0.14379277092197704,-1.0314633250236511,0.8109645903782307,-1.04136389984494,-3.236814331522043,-0.006054890560497168,424,48.395625,0.2617924528301887,0.045674977753803414,-1.0305058360099792,1.0591581159511385,0.35503969951207665,2.2104690952564123,0.006642502167521326
high52_fresh,rs80_early,trim_ema,951,79.28617895457658,0.3280757097791798,-0.06985868178072976,-1.043210506439209,0.9059664805634866,-1.050940566021942,-5.538827945197759,-0.0003236021176196016,1573,179.54320312500002,0.3420216147488875,0.05455671254787014,-1.0356903076171875,1.0762822964405345,0.9221403963954177,9.795286922814485,0.005785557268224334
high52_fresh,early_stage,donchian_10low,2936,244.7783611047706,0.24965940054495914,-0.05163697830777014,-1.0651258826255798,0.9368605912938456,-1.0539251950081063,-12.639614922578566,-0.0007990512698751388,3665,418.325390625,0.24638472032742156,-0.027513534695959536,-1.0554591417312622,0.9659752513901168,-0.5840813813701935,-11.509610149161764,0.0018812842286847174
multi_touch,all,ema21_close,12689,1057.8993951152704,0.2800063046733391,-0.02423174610487496,-1.0479869842529297,0.9681702554507535,-1.0595730658014584,-25.634749546934035,-0.0013281919618369196,10634,1213.7714062500002,0.2589806281737822,-0.1279873636645845,-1.0472509860992432,0.8371595981563078,-5.4467706149411645,-155.34740237739288,-0.0033181148737671533
flag_30,early_stage,chandelier_3atr,498,41.51894544624515,0.23092369477911648,-0.11756517151725969,-1.0314105153083801,0.8457841425863983,-1.0610559716247572,-4.8811819426035585,-0.004223070285617548,852,97.24781250000001,0.24178403755868544,0.042741124066491415,-1.0339284539222717,1.053851202198024,0.4157871739195923,4.1564808192573945,0.0037152260404116773
stage2,rs80_mkt,trim_ema,1626,135.56185802328235,0.3505535055350554,-0.050425739919361265,-1.0385517477989197,0.9294959543683919,-1.0707167632614385,-6.835806995667413,0.0012551187731636067,1494,170.52609375,0.3253012048192771,-0.1326170058117137,-1.0348321199417114,0.8185417758058132,-2.8520469190722935,-22.61465996589259,-0.003637098363481879
stage2,mkt_ok,trim_ema,4509,375.92153617895457,0.3470836105566644,-0.032447083088804604,-1.043872356414795,0.9555185071049113,-1.0848569085521613,-12.197557319269604,0.0008543731661589715,3383,386.13773437500004,0.31126219331953886,-0.18132653698718004,-1.0411558151245117,0.7623080861711548,-5.735833528435817,-70.01701817429434,-0.004913674072244915
stage2,rs80_early,qull_sma20,966,80.53674960054782,0.41821946169772256,-0.061897786102471215,-0.3807007521390915,0.8894987764567346,-1.09521429471625,-4.985046500162993,-0.004158300592807527,1099,125.44054687500001,0.4194722474977252,-0.09644667283565973,-0.3669881224632263,0.8340070411445978,-1.9207337966755025,-12.098323384779365,-0.00179671032922482
stage2,rs80_early,qull_sma10,969,80.78686372974207,0.41589267285861714,-0.06063628505469205,-0.3552992045879364,0.8870961518302503,-1.099701273541941,-4.898615297791202,-0.0036933682423343846,1099,125.44054687500001,0.41583257506824384,-0.08436880866648228,-0.3156697750091553,0.8462596007514314,-1.7982010089318987,-10.583269498315778,-0.001082989252107463
base_25,rs80_mkt,qull_sma20,949,79.11943620178042,0.46048472075869334,-0.05407391131314075,-0.05127127096056938,0.8938398152827237,-1.1070484511938503,-4.278297376320772,-0.0001204381803719136,1096,125.09812500000001,0.4206204379562044,-0.07096298449006186,-0.8102844655513763,0.8791951298093985,-1.1627455693416695,-8.87733630411082,-0.0038882972537057003
base_25,mkt_ok,fixed_3r_20d,1486,123.88986532755078,0.3633916554508748,-0.044817824466880006,-1.0290717482566833,0.9334477712699956,-1.1072673155307904,-5.5524742374755744,0.0014672669649656127,1878,214.35609375,0.3333333333333333,-0.07091478517696091,-1.029488980770111,0.9002943563232065,-1.892560161412745,-15.201016339653744,-0.002701657976068051
flag_30,rs80_early,fixed_3r_20d,272,22.677014380278475,0.3014705882352941,-0.10848281349000685,-1.0322112441062927,0.8520197116526518,-1.1165464230981,-2.4600663215259533,-0.0022210268113721054,424,48.395625,0.33254716981132076,-0.033106286860651,-1.031062364578247,0.9548845207999578,-0.3984801139543655,-1.6021994440504932,0.000788099569035694
base_50,all,sma50_close,2277,189.83662405843415,0.25428194993412384,-0.058087875286679996,-1.0365946292877197,0.9250484675161491,-1.1513773794868896,-11.027206143150678,0.00031518477637689483,2664,304.070625,0.24512012012012013,0.18660810409468953,-1.0337818264961243,1.2365800659639248,2.832922129759687,56.74204284213731,0.010464602739338679
flag_30,mkt_ok,trim_ema,890,74.20052499429354,0.3382022471910112,-0.07173112016589789,-1.0312037467956543,0.8984423208936909,-1.1584313111149478,-5.32248677473838,-0.001968326412070689,1380,157.5140625,0.32681159420289857,0.07899831229739863,-1.0322619676589966,1.1086093280239335,1.0751093712251198,12.443345100606967,0.005971355182607996
base_25,all,fixed_3r_20d,1931,160.99012782469757,0.35422061108234076,-0.041414595755218615,-1.0286667346954346,0.9386480493695206,-1.1609716182179766,-6.667341064440821,0.00106100572474572,2441,278.617265625,0.3506759524784924,-0.02118879873957981,-1.0276851654052734,0.9693577234748277,-0.6427373630862667,-5.903565166700173,1.1780384298410559e-05
htf,rs80_early,qull_sma20,21,1.7507989043597352,0.42857142857142855,-0.2840550784021616,-1.0221199989318848,0.5234223999835939,-1.1638183506589728,-0.4973233200443232,-0.023632205130221944,40,4.565625,0.375,0.05704516391269863,-1.0191929340362549,1.093140641309024,0.13619654010306134,0.2604468264889147,-0.0049768938042689115
flag_30,early_stage,fixed_3r_20d,501,41.7690595754394,0.3093812375249501,-0.08472532787157627,-1.0317143201828003,0.8838302175289618,-1.1766599984648451,-3.538897267416506,-0.0022590490334115166,852,97.24781250000001,0.31220657276995306,-0.0653536804807438,-1.0335918068885803,0.9128284538417576,-1.1275305895739867,-6.355502465576283,-0.0016053446392012768
base_50,mkt_ok,donchian_10low,1843,153.6534467016663,0.28594682582745523,-0.060025305856737834,-1.0313066244125366,0.9154146027740603,-1.17934151680915,-9.223095134209485,0.00035969222232018965,2078,237.18421875,0.26564003849855633,0.049669579235044475,-1.0293385982513428,1.068072158906014,0.8099706740850923,11.780840346505247,0.002515005022452916
htf,early_stage,qull_sma10,27,2.251027162748231,0.4444444444444444,-0.21571641479170434,-0.32776474952697754,0.5802380443961097,-1.180579973946533,-0.4855835091467907,-0.014541967049741221,55,6.2777343750000005,0.32727272727272727,-0.10628829547627405,-1.018206238746643,0.8373326797938057,-0.3565346929320377,-0.6672496861715627,-0.011900858547199857
multi_touch,rs80_mkt,donchian_10low,3288,274.1250855968957,0.2588199513381995,-0.05684588299850353,-1.0513673424720764,0.9291348832931849,-1.186877752848292,-15.582882542795899,-0.000601721858601175,2716,310.0059375,0.24521354933726067,-0.06269197519138231,-1.0457416772842407,0.9225022313835434,-0.7468557887939339,-19.434884542931215,-0.0023337080653266337
pocket_pivot,rs80,chandelier_3atr,14327,1194.4617096553297,0.2015774411949466,-0.03474842688377593,-1.096034049987793,0.9627605787529575,-1.192310455490752,-41.50566538342822,-0.0007787259649785918,14631,1669.991484375,0.20196842321099037,-0.053802056023588785,-1.0919116735458374,0.9440731373259541,-1.7644906812032184,-89.84897540125995,6.420465425141928e-06
stage2,early_stage,qull_sma20,2769,230.8553412462908,0.4135066811123149,-0.040894367688068256,-0.4243507385253906,0.9286162363090164,-1.1967251683723115,-9.440683207680285,-0.002342826018984073,2681,306.011015625,0.4084296904140246,-0.10804892127799963,-0.5037776231765747,0.8200953145845764,-3.181097009717806,-33.06416013746634,-0.0025084732984241706
htf,rs80_early,chandelier_3atr,21,1.7507989043597352,0.19047619047619047,-0.3746964768284843,-1.0227192640304565,0.5103221049588315,-1.1982627298248836,-0.6560181810987632,-0.023776348946349963,40,4.565625,0.225,-0.07529711630195379,-1.0277948379516602,0.9069926942423447,-0.15969023211885752,-0.3437783966161078,-0.003663145657628775
random_uptrend,rs80_early,fixed_3r_20d,2809,234.1901963022141,0.28551085795656816,-0.04433587528155151,-1.092812418937683,0.9481078207382331,-1.2066259878216505,-10.38302733541703,-0.0008470055593379755,3963,452.339296875,0.2783245016401716,-0.07996190811873775,-1.0899358987808228,0.9088257834612703,-2.567639439469518,-36.16991329521319,-0.0010278983606231236
donchian_55,rs80_mkt,fixed_3r_20d,13759,1147.106767861219,0.41878043462460934,-0.013699340450915322,-0.769187331199646,0.9758475991932012,-1.2167421440651398,-15.714606146479927,-0.0007090077963710168,14787,1687.797421875,0.4048826672076824,0.011348159808922545,-1.0193548202514648,1.0192496723157725,0.9668451297530724,19.153394868524966,0.0018483976687314787
base_25,all,trim_ema,1919,159.98967130792056,0.3449713392391871,-0.050670458292033434,-1.0272583961486816,0.9256127734098395,-1.2182951344551143,-8.106749967164127,3.203915439764857e-05,2441,278.617265625,0.337156902908644,0.030207439665886734,-1.0262531042099,1.043397129364166,0.7206040166628547,8.416314241241526,0.0039744288868998395
ema_retest,rs80_mkt,chandelier_3atr,3020,251.78155672220953,0.2672185430463576,-0.052249873431232934,-1.0360220670700073,0.9287042540452325,-1.22128283284539,-13.155554471054245,-0.0026706078442248027,3254,371.41359375,0.30147510755992624,0.08215202552948454,-1.0270110368728638,1.1190080514113867,1.9328359093080585,30.5123790357476,0.005994750325070983
htf,rs80_early,qull_sma10,21,1.7507989043597352,0.42857142857142855,-0.2570059754486595,-0.7490323185920715,0.5383407290788313,-1.2266420273971996,-0.449965780229418,-0.01848988620276075,40,4.565625,0.35,0.06254122513346375,-1.0191929340362549,1.0992447977332638,0.1567345950582543,0.2855397809999704,-0.006191843742271885
htf,rs80_early,ema21_close,21,1.7507989043597352,0.19047619047619047,-0.34498534511242596,-1.0227192640304565,0.5084692014127181,-1.2340347106878322,-0.6039999642430005,-0.023233756123642837,40,4.565625,0.25,0.057102279551327226,-1.0261861681938171,1.0740957913300604,0.11880948496400785,0.2607075950765284,6.305181887000799e-05
multi_touch,rs80,chandelier_3atr,4565,380.5903332572472,0.2628696604600219,-0.04706665934037992,-1.045498013496399,0.9394818550570204,-1.2385568422216828,-17.913115563660522,-0.0017688530365919117,3995,455.99179687500003,0.2575719649561952,-0.11694958027808033,-1.0415115356445312,0.8507525502052877,-3.1891893149366486,-53.32804925477891,-0.002556127961007418
donchian_55,rs80,trim_ema,17007,1417.8969984021912,0.3413300405715294,-0.014857306865203684,-1.0240904092788696,0.9770409256932456,-1.2399887788328354,-21.066130808512572,-0.0013177126434991398,19274,2199.94640625,0.34684030299885854,0.046894378026677334,-1.0230038166046143,1.0713735916152354,3.5522840044764816,103.16511841311777,0.004892139496522719
base_50,all,chandelier_3atr,2284,190.42022369322072,0.29290718038528896,-0.0556198448220418,-1.022061824798584,0.9195439232070107,-1.2551732447366892,-10.591143292795422,-0.0004575311231141769,2664,304.070625,0.2777777777777778,0.06654029707280572,-1.0231905579566956,1.0949047524375803,1.3080744631406684,20.232949718613707,0.003860798159260961
ema_retest,rs80,chandelier_3atr,3905,325.56522483451266,0.2729833546734955,-0.04773125811760217,-1.034240961074829,0.9343560090217784,-1.2908600276650095,-15.53963778069131,-0.002931874309207706,4466,509.75203125,0.2890729959695477,0.02289019692229358,-1.028287947177887,1.0325708027218214,0.6454279394027326,11.668324376851652,0.002665386338398471
flag_30_early,rs80,qull_sma10,720,60.027391006619496,0.36527777777777776,-0.07849647286610788,-1.0313597917556763,0.8770514309635308,-1.2986227397045254,-4.711938469374355,-0.002596473243123556,1004,114.5971875,0.3705179282868526,0.0001819361952867218,-1.033378541469574,1.0002771314171548,0.0029957003276942142,0.020849376284309076,-7.303414219652142e-05
flag_30,rs80_mkt,donchian_10low,601,50.10619721524766,0.24126455906821964,-0.11954696313129387,-1.0360366106033325,0.8457392337963491,-1.3005841919666976,-5.990043711140552,-0.003699113687447283,848,96.79125,0.23820754716981132,0.04458143023932177,-1.0336717367172241,1.055566108249426,0.4652750047820835,4.315092359651754,0.004523663191681614
flag_30,rs80_early,qull_sma10,272,22.677014380278475,0.4338235294117647,-0.12941408326233775,-0.37105511128902435,0.7580977933421824,-1.3147687035345144,-2.9347250271505887,-0.005971380118897601,424,48.395625,0.41745283018867924,0.054960316856007885,-0.675540953874588,1.0920716705069011,0.5578491523069076,2.659838884444537,0.004442724212942335
flag_30,all,fixed_3r_20d,1162,96.87753937457201,0.31411359724612736,-0.06291869966146535,-1.0325640439987183,0.9131586776838642,-1.3166742094205137,-6.09540880385048,-0.002377015892919169,1790,204.31171875,0.3139664804469274,-0.03451627240875247,-1.0342548489570618,0.9535736927684839,-0.8573890338248237,-7.052078940675419,-0.0008472843886503961
base_50,rs80_early,sma50_close,240,20.00913033553983,0.25833333333333336,-0.177009056469736,-1.0282825231552124,0.7688558488227375,-1.3202028955432377,-3.5417972814738774,-0.008575622928522838,375,42.802734375,0.29333333333333333,0.5894801609615485,-1.025899887084961,1.811936047851795,2.7848949812248724,25.231362748969406,0.0363333167162103
pocket_pivot,mkt_ok,sma50_close,36016,3002.703492353344,0.16226121723678366,-0.029093292794650852,-1.123267412185669,0.9713295093057397,-1.326103046306636,-87.35853187855649,-0.0001825005550727137,33716,3848.3653125,0.1535472772570886,-0.09936337866845393,-1.113495409488678,0.9040137883439464,-4.119995085049545,-382.3865798004806,-0.0009184823879900711
flag_30_early,rs80_early,qull_sma10,252,21.009586852316822,0.3373015873015873,-0.1341575935441633,-1.0355874300003052,0.7965128288622789,-1.3332043090361083,-2.818595613463917,-0.003632358674264781,359,40.976484375000005,0.3732590529247911,0.07609094430829987,-1.0326749086380005,1.1137429295983876,0.6586612145478813,3.1179393905280453,0.005319773765121299
base_50,rs80_early,trim_ema,240,20.00913033553983,0.3375,-0.13046568527740116,-1.0245322585105896,0.813999920388035,-1.3340380122063755,-2.6105049010310397,-0.00554903165975702,375,42.802734375,0.36533333333333334,0.20373536186416943,-1.02244234085083,1.3034987308883998,1.8333414912405663,8.72043057666655,0.013485396520079424
vcp,early_stage,qull_sma10,270,22.51027162748231,0.44814814814814813,-0.04986546062627221,-0.013221658766269684,0.7954653632994345,-1.334629065551828,-1.1224850635269115,-0.004447773842036474,226,25.79578125,0.47345132743362833,-0.05215831285556861,-0.006487363250926137,0.8085475041599589,-1.0421159399653424,-1.3454644287913107,-0.001836843730544927
flag_30,rs80_mkt,trim_ema,599,49.939454462451494,0.33889816360601,-0.09982116838826958,-1.0316253900527954,0.8600542028086933,-1.3450402070773988,-4.9850146931146915,-0.002758670327928421,848,96.79125,0.3384433962264151,0.1148615185487664,-1.0308180451393127,1.1596833549250982,1.152699582291671,11.117589957233285,0.007744212912171552
flag_30,early_stage,qull_sma10,501,41.7690595754394,0.4231536926147705,-0.09289919798811208,-0.4772629141807556,0.8260412848016231,-1.3462133611690945,-3.880312135275993,-0.0035253990471353506,852,97.24781250000001,0.3873239436619718,-0.0237017272052477,-1.0167851448059082,0.9615866774996229,-0.36744280126560946,-2.3049411231820773,-9.952991348027225e-05
base_50,all,trim_ema,2278,189.91999543483223,0.35645302897278314,-0.04765806647879828,-1.031039834022522,0.9300439500416322,-1.352398361422898,-9.0512197680863,0.0004768715669476931,2664,304.070625,0.3427177177177177,0.05216695205675572,-1.0269132256507874,1.076542001392138,1.307444713722929,15.862437716242749,0.0031519674584769447
undercut,rs80_early,ema21_close,1172,97.71125313855283,0.4104095563139932,-0.055622956344822845,-0.16189604997634888,0.8657677133664653,-1.361773222670165,-5.4349887677236595,-0.0009091047151226528,1767,201.68648437500002,0.3950198075834748,-0.07099184467805163,-0.19162997603416443,0.8338418924076773,-2.2291907159534836,-14.318095572412288,-0.0012054667075167753
base_50,rs80_early,qull_sma20,242,20.175873088335997,0.44214876033057854,-0.10988134506720403,-0.1478547528386116,0.7899544543287262,-1.3676656298485421,-2.216952072851563,-0.005498498974898099,375,42.802734375,0.48533333333333334,0.054916574709583076,-0.006582552567124367,1.1073121576403095,0.6461619220296951,2.3505795600791273,0.0032710110390665554
vcp,rs80,ema21_close,594,49.52259758046108,0.3282828282828283,-0.058080199121740395,-0.3303449749946594,0.8506055169962732,-1.3727538670766801,-2.876282328498999,-0.006234051016834427,456,52.048125000000006,0.34868421052631576,-0.04072218241418069,-0.3326229751110077,0.8945050865726806,-0.8355642131515316,-2.1195132405660786,-0.0019890065312613827
htf,early_stage,qull_sma20,27,2.251027162748231,0.4444444444444444,-0.27282443182129,-0.8064863681793213,0.4989378576628881,-1.3829167977077332,-0.6141352066910766,-0.021257422211217798,55,6.2777343750000005,0.34545454545454546,-0.12586507394232532,-1.018206238746643,0.8034985479989325,-0.4046766848986857,-0.7901475012996525,-0.012290922594680027
flag_30,rs80_early,qull_sma20,272,22.677014380278475,0.4375,-0.1345548746458275,-0.41234561800956726,0.7541391674699761,-1.3868981461118555,-3.0513028272799976,-0.006330615775912834,424,48.395625,0.4268867924528302,0.1084695581642868,-0.9874978959560394,1.1787621027754471,0.9871846554003545,5.249452060834512,0.007976099755498307
base_25,rs80_mkt,ema21_close,948,79.03606482538233,0.2921940928270042,-0.09442587164530279,-0.8950476050376892,0.8580077365548094,-1.3929465796342866,-7.463049312551383,-0.001542905962073727,1096,125.09812500000001,0.28375912408759124,-0.03667394260333742,-1.0234104990959167,0.9486576104496192,-0.47424668035927214,-4.587841456035131,-0.001068275367547059
ema_retest,rs80,fixed_3r_20d,3919,326.73242410408585,0.35391681551416176,-0.03569027857962971,-1.038224458694458,0.9484161953724565,-1.4025518578520952,-11.661171237272544,-0.002184723126933081,4466,509.75203125,0.3584863412449619,0.0326664695436255,-1.0353367924690247,1.0481327512480028,1.335555159318317,16.651799203629363,0.0025669717854237255
stage2,rs80,qull_sma20,2419,201.67535950696188,0.42248863166597767,-0.05043317930905823,-0.3500455319881439,0.9106734570332992,-1.4045350809743908,-10.17112956823339,-0.0026112915378142224,2291,261.496171875,0.4033173286774334,-0.1350955947489837,-0.49850091338157654,0.77139012998671,-4.114457195394596,-35.32698086403559,-0.003262613954226946
flag_30,early_stage,donchian_10low,498,41.51894544624515,0.23092369477911648,-0.14944982092806988,-1.0335410833358765,0.8080718664387653,-1.4137961213999586,-6.204998962063639,-0.005228469110408192,852,97.24781250000001,0.24413145539906103,0.13507784031027656,-1.0351030826568604,1.1698251289151107,1.177336005469287,13.136024487398718,0.007325110158174159
flag_30,rs80_early,donchian_10low,270,22.51027162748231,0.22592592592592592,-0.1857647632283193,-1.0341596007347107,0.7615613282330129,-1.419798244380098,-4.181615279084405,-0.007466239025988789,424,48.395625,0.27122641509433965,0.12189739528397661,-1.032931387424469,1.1581981438325757,0.8898471822752357,5.8993006306401,0.00970676912491502
htf,early_stage,chandelier_3atr,27,2.251027162748231,0.2222222222222222,-0.36395581170088714,-1.0221199989318848,0.4932135911591893,-1.430116141495332,-0.8192744181787774,-0.024238175057150698,55,6.2777343750000005,0.18181818181818182,-0.23615308932282708,-1.0265551805496216,0.7221032060715201,-0.6604298135025434,-1.4825063666043572,-0.012722377953204241
high52,rs80_early,donchian_10low,3193,266.20480483907784,0.21797682430316317,-0.07669782956127011,-1.0662412643432617,0.9098063446259864,-1.4456605157952358,-20.417330749938763,-0.0018860800566427446,4731,539.999296875,0.22003804692454026,-0.007540262257628622,-1.0579249858856201,0.991199302520098,-0.1509320852428841,-4.071736317372556,0.0027323001321999173
base_50,rs80_early,donchian_10low,240,20.00913033553983,0.2833333333333333,-0.1684590332287674,-1.0232925415039062,0.7620399125660893,-1.4514075882702822,-3.3707187520734423,-0.008700678486881467,375,42.802734375,0.33066666666666666,0.1800228054324786,-1.0210210084915161,1.2714616483291672,1.5265808168110357,7.705468322368688,0.011138169716577977
high52_fresh,rs80,ema21_close,3339,278.3770257931979,0.27373465109314166,-0.05930716842879621,-1.0437211990356445,0.9196743808284686,-1.4674424084126068,-16.509753155424534,-0.0019291774592639223,4203,479.733046875,0.2667142517249584,0.025549634188283883,-1.0403974056243896,1.0335847872845363,0.5813536416344647,12.257003855687095,0.0017806899541322836
base_50,rs80,chandelier_3atr,1449,120.80512440082173,0.28847481021394067,-0.07666801838358521,-1.017719030380249,0.8864704173734317,-1.4699447158984627,-9.261889498393499,-0.0012845457184937185,1643,187.533046875,0.27693244065733413,-0.01324553109442008,-1.0224000215530396,0.9812692217819867,-0.21858486915547407,-2.483974803614151,-0.0007235495604302808
high52_fresh,rs80_early,fixed_3r_20d,963,80.28663547135358,0.3291796469366563,-0.08422696448307435,-1.0440579652786255,0.8850058531739903,-1.4805060052352852,-6.762299594311234,-0.0015772542640039029,1573,179.54320312500002,0.34011443102352196,-0.04285339165084628,-1.038626790046692,0.9410894652328889,-1.011437964666145,-7.694035201763072,0.0012953432204464695
high52_fresh,rs80_mkt,trim_ema,2674,222.93506048847294,0.34480179506357517,-0.056214650489913025,-1.0436226725578308,0.9217843860160306,-1.49576477697501,-12.532216507307126,0.00020767172581231524,3222,367.76109375000004,0.3516449410304159,0.0728430373645905,-1.0370599031448364,1.1020893497548092,1.6733586177173383,26.78883509327392,0.0033988720856866095
flag_30_early,early_stage,trim_ema,433,36.09980598036978,0.3441108545034642,-0.1269756678952115,-1.0432195663452148,0.8216907222754544,-1.4965820010827784,-4.5837969752450025,-0.0025825702281336476,744,84.920625,0.364247311827957,0.1177727519434386,-1.0384580492973328,1.1638981475066248,1.1774571230701556,10.001335703006772,0.006203719761825958
random_uptrend,all,sma50_close,31020,2586.180095868523,0.1468729851708575,-0.03809372632751745,-1.1438218355178833,0.9636429957764842,-1.5000888266405887,-98.51723680568837,-0.0006734249022739048,34126,3895.1629687500003,0.1390728476821192,-0.030448222150027564,-1.1244271397590637,0.9708488985176198,-1.1341769058775746,-118.60078738306088,0.000702153212090389
stage2,rs80_mkt,ema21_close,1647,137.31265692764208,0.286581663630844,-0.07804417643538022,-1.0315170288085938,0.8903997620049477,-1.5017057052873206,-10.716453224071733,-0.0018153215088460562,1494,170.52609375,0.27309236947791166,-0.15810389213988352,-1.0353893041610718,0.7845924582500223,-3.1401406828389087,-26.960839133285663,-0.0036705896759820587
flag_30,rs80_early,ema21_close,271,22.59364300388039,0.23985239852398524,-0.19760121377631748,-1.0313066244125366,0.7315185309912499,-1.5022060603190077,-4.464531281195569,-0.009362778034210687,424,48.395625,0.28773584905660377,0.1825776484472027,-1.0289990305900574,1.2451731270450965,1.276310685918417,8.835959407632654,0.012015328588052586
base_50,rs80_mkt,trim_ema,1108,92.37548504907555,0.34115523465703973,-0.07462153526713117,-1.0312331318855286,0.8916609643905373,-1.5043078545025506,-6.89320051540794,-0.00023696267013515796,1210,138.11015625000002,0.3322314049586777,0.001819884512296393,-1.0268434286117554,1.002575854654897,0.030651883170718583,0.25134453435020987,-0.0015687839027536525
base_50,rs80,sma50_close,1444,120.38826751883131,0.24930747922437674,-0.08882936132943434,-1.0349732637405396,0.8835436941747843,-1.5052765550887588,-10.69401291525487,-0.001375170381418626,1643,187.533046875,0.24163116250760802,0.10058507647314882,-1.0325572490692139,1.126018506821718,1.2471895935693913,18.86302586116448,0.0050077369812137245
flag_30_early,all,qull_sma10,1217,101.46296507646656,0.3705834018077239,-0.07314683372819557,-1.0335079431533813,0.8860833270596546,-1.5056829233794293,-7.421694636018013,-0.0022682012643479273,1953,222.916640625,0.3727598566308244,0.02446284375548209,-1.0317925214767456,1.037453752908846,0.535231211404074,5.453174950106327,0.0007955951743704047
random_uptrend,rs80_early,ema21_close,2798,233.2731111618352,0.2058613295210865,-0.08945612681985834,-1.0946056842803955,0.8992218581749932,-1.5155190715871139,-20.86770901575604,-0.002120335822895519,3963,452.339296875,0.21044663133989402,-0.014570943376875674,-1.0908015966415405,0.9838607288679145,-0.2654451272245195,-6.591010281901381,0.001786390008208725
flag_30,early_stage,qull_sma20,501,41.7690595754394,0.4291417165668663,-0.10689097053849521,-0.5891699194908142,0.807755260795273,-1.5172942867544503,-4.464735316498944,-0.004310684434471796,852,97.24781250000001,0.3908450704225352,0.04168120929193186,-1.0238911509513855,1.0656995007716767,0.5419198621673007,4.053406425995047,0.0036127094707052504
ema_retest,mkt_ok,trim_ema,12196,1016.7973065510157,0.3469990160708429,-0.02563105312169651,-1.0478591322898865,0.9641502592963921,-1.5258495604808087,-26.061585778207014,-0.0007493762564540406,12391,1414.316484375,0.3553385521749657,0.008968175039687727,-1.0410218238830566,1.0127881463718853,0.5270091707186669,12.683837793390772,0.001201253050522034
pocket_pivot,rs80_early,chandelier_3atr,3665,305.5560944989728,0.1931787175989086,-0.08279382272853451,-1.0875190496444702,0.9103403119126189,-1.5471737672264791,-25.298157121571297,-0.0014647018294271633,4829,551.185078125,0.20646096500310623,-0.06175356902343912,-1.0869293212890625,0.935633133600441,-1.2778129877968303,-34.03764576668188,3.686204647371999e-05
multi_touch,rs80_mkt,chandelier_3atr,3288,274.1250855968957,0.2594282238442822,-0.07067993499390744,-1.0474150776863098,0.9105942855898702,-1.5669143747634646,-19.375143230187902,-0.0014658927731474418,2716,310.0059375,0.2496318114874816,-0.1589873165941649,-1.0411121249198914,0.7987169484406694,-3.7407335108198163,-49.2870121313834,-0.003772964859924711
base_25,rs80,qull_sma10,1302,108.54953207030358,0.4539170506912442,-0.0595006254759507,-0.11262137070298195,0.8766014619806008,-1.5691888696521474,-6.458765053304833,-0.0010618575966361995,1503,171.553359375,0.42714570858283435,-0.07123983375845591,-0.4135027825832367,0.8680884215404439,-1.8880905892068514,-12.221432802579645,-0.002152954979232628
base_50,rs80_early,chandelier_3atr,240,20.00913033553983,0.2916666666666667,-0.17664143332707075,-1.01874840259552,0.7471598761542748,-1.5908565349982025,-3.5344414620979276,-0.009548964879650157,375,42.802734375,0.33066666666666666,0.2579086235586243,-0.964499831199646,1.3979548073816548,1.887983226166189,11.039194307201665,0.012763575956283604
htf,early_stage,ema21_close,27,2.251027162748231,0.2222222222222222,-0.35817711069076147,-1.0221199989318848,0.4610862230113591,-1.5932111217603757,-0.8062664052395839,-0.025075200608828,55,6.2777343750000005,0.2,-0.20766832516951994,-1.0258171558380127,0.7473978187370698,-0.5840909604773009,-1.303686583515373,-0.015222739445214921
flag_30,all,sma50_close,1155,96.29393973978544,0.21125541125541125,-0.1280290217630694,-1.0368263721466064,0.8465120195551068,-1.6083446861533288,-12.328418906596685,-0.005042208139900545,1790,204.31171875,0.20614525139664805,0.25124186016098915,-1.0385281443595886,1.2923376653244099,1.7455745594823167,51.331656271438845,0.01385711692306135
base_25,rs80_mkt,qull_sma10,951,79.28617895457658,0.45320715036803366,-0.07212848095326135,-0.10614536702632904,0.8508809836355385,-1.6088977603195174,-5.718791648582048,-0.0012914709753402045,1096,125.09812500000001,0.40784671532846717,-0.11206822466369122,-0.5038617253303528,0.8011524073928536,-2.460839392765774,-14.019524777506527,-0.004937113446595192
ema_retest,rs80_mkt,trim_ema,3002,250.28087194704406,0.33544303797468356,-0.05451234811476415,-1.0399242639541626,0.9237911768469129,-1.6118673456141004,-13.643398018043975,-0.0018652077131453427,3254,371.41359375,0.36662569145666873,0.10265276237312514,-1.033206045627594,1.1521329749707485,2.927350990565851,38.12663138136719,0.006030379920138848
undercut,all,sma50_close,23292,1941.8860990641406,0.3111368710286794,-0.026601942957560534,-0.3956909626722336,0.9524723004899643,-1.6234994697101421,-51.65794323738401,-0.0007556309182985785,26315,3003.610546875,0.3215276458293749,-0.03143331309188419,-0.37314242124557495,0.9426460089252582,-1.7526349674220763,-94.41343072600739,-0.00035978383037116654
random_uptrend,rs80_early,qull_sma10,2808,234.10682492581603,0.3190883190883191,-0.06768673581813801,-1.0814149975776672,0.9122091907442736,-1.6235891917463483,-15.845926811976797,-0.0013538921195596358,3963,452.339296875,0.2957355538733283,-0.07777278031115419,-1.0821895599365234,0.9047148565373342,-2.0149112029980536,-35.17968476196133,-0.00124290374427812
high52_fresh,all,fixed_3r_20d,8272,689.6480255649395,0.3407882011605416,-0.03101931335611254,-1.060516595840454,0.9585765217864899,-1.6290544320041418,-21.39240821042317,0.0004007572089213071,8413,960.2650781250001,0.32449780102222753,-0.048046495178915315,-1.0518369674682617,0.9361417749176711,-2.5784664409349856,-46.13737144661356,-0.000700011582653223
ema_retest,early_stage,qull_sma20,5900,491.8911207486875,0.4223728813559322,-0.033254034468389336,-0.1495310664176941,0.9371754338913556,-1.6411108186607117,-16.357364284071515,-0.0016849714298829415,6804,776.6128125,0.44488536155202824,-0.019601133705274023,-0.10863756015896797,0.9621890004193047,-1.0578543574679122,-15.222491575041404,-0.00013745020957073206
flag_30,mkt_ok,ema21_close,893,74.45063912348779,0.2541993281075028,-0.12171859434917402,-1.0299999713897705,0.833812154495738,-1.641534519220681,-9.062027142508555,-0.005641883043880618,1380,157.5140625,0.2427536231884058,0.06875987921949422,-1.0336717367172241,1.0881413022099058,0.8249570838199496,10.830647912871864,0.0047970595512711245
donchian_20,rs80_mkt,donchian_10low,15291,1274.8317165030815,0.3129945719704401,-0.02343576370266984,-0.7463110089302063,0.9612446930586971,-1.644703192161569,-29.876654868635207,-0.001150279498007321,16968,1936.738125,0.3178335690711928,0.02387829863843811,-0.7756110429763794,1.0388448082063246,1.5360108239336452,46.24601133319868,0.003364980314239657
base_50,all,donchian_10low,2286,190.5869664460169,0.2878390201224847,-0.07299938882833097,-1.030234158039093,0.8965440516909292,-1.652262811557362,-13.912732069204855,-0.0008056739708627947,2664,304.070625,0.27402402402402404,0.031586342362820534,-1.0287489891052246,1.0440717547662108,0.6180830205917307,9.604478863726818,0.0023573328356686542
base_25,all,chandelier_3atr,1922,160.23978543711482,0.2726326742976067,-0.08533140316505748,-1.0240212678909302,0.8786871478774281,-1.6590508444546832,-13.67348573421675,-0.0017673628278584588,2441,278.617265625,0.2777550184350676,0.020253156020199413,-1.0249049663543701,1.0279976176586,0.38536221775055846,5.642878950624468,0.0034520717220960498
flag_30,rs80,sma50_close,793,66.11350148367953,0.2055485498108449,-0.1547462996177629,-1.0387742519378662,0.8166826137473168,-1.6689598324143404,-10.230819709372884,-0.005414118389067596,1125,128.408203125,0.20444444444444446,0.22613012458384038,-1.0374833345413208,1.2635816901339394,1.1175272532084395,29.03696297024333,0.01346360818296671
base_50,rs80,donchian_10low,1450,120.88849577721982,0.28206896551724137,-0.08750620117764278,-1.029740035533905,0.8748793625773649,-1.6756899943414756,-10.578493031544015,-0.0013713564856252874,1643,187.533046875,0.2732805842970176,-0.021614925616873712,-1.0276880264282227,0.9702800940290142,-0.34166937908930267,-4.0535128589088165,-0.001019651711256554
stage2,all,qull_sma20,6081,506.9813398767405,0.41128103930274623,-0.040476889076525226,-0.40652579069137573,0.9307913864271294,-1.7047038240564116,-20.52102745805896,-0.0015256751833033144,4842,552.6689062500001,0.3936389921520033,-0.14384996704808906,-0.6099895536899567,0.7645701040790203,-5.973775410561401,-79.50140395256592,-0.0037029601028947764
pocket_pivot,rs80_mkt,sma50_close,9460,788.6932207258617,0.15052854122621565,-0.0721463623985756,-1.1119287610054016,0.9286267456293253,-1.7112967990070813,-56.90134692378779,-0.001047311248841371,9447,1078.286484375,0.15539324653329098,0.013250933549219213,-1.104485273361206,1.0127683125410811,0.23449622026301786,14.288302551474326,0.0012364218629268998
base_25,rs80,qull_sma20,1300,108.38278931750742,0.4576923076923077,-0.06823078001728461,-0.08837384358048439,0.8655253295895557,-1.7113301233453808,-7.395042255582553,-0.0011804906015207123,1503,171.553359375,0.43313373253493015,-0.04524501280132621,-0.5339203476905823,0.920156581707372,-0.9264637221275928,-7.761933941032391,-0.0013745078445870735
donchian_20,mkt_ok,ema21_close,58146,4847.712052042913,0.3328001926185808,-0.010585089730036946,-0.48610422015190125,0.9792655104013012,-1.7239552093968569,-51.31346705625577,-0.0009101086202719227,61621,7033.459453125,0.3230229954074098,-0.02559077801549237,-0.5166028141975403,0.9510479852777785,-4.145228261066076,-179.99169954588825,-0.0005340289335081247
flag_30_early,all,trim_ema,1214,101.21285094727232,0.3311367380560132,-0.09397825501978864,-1.041808009147644,0.8693533980138877,-1.738144708275139,-9.511807117602613,-0.0028931578187395847,1953,222.916640625,0.3538146441372248,0.08613372677569962,-1.0373311042785645,1.1218426576876486,1.5554364455813996,19.200641017350573,0.003886407280417805
high52,rs80_mkt,oneil_20_8,12103,1009.0437685459941,0.16186069569528216,-0.04933511554980319,-1.0873390436172485,0.9498224527156279,-1.7453931368692164,-49.78129091602548,0.00011056800821091075,13101,1495.3563281250001,0.1666285016410961,-0.02078622292377332,-1.075621247291565,0.9788584120397342,-0.7643030498243051,-31.082809986881372,-0.0003546705053094441
stage2,rs80,qull_sma10,2426,202.25895914174845,0.4154987633965375,-0.058989733604907946,-0.34233397245407104,0.8918374460936463,-1.7677257065285934,-11.931202118977703,-0.003120756011927326,2291,261.496171875,0.39895242252291574,-0.11605698318644059,-0.4062313735485077,0.7944454332648192,-3.6939791627993244,-30.348456822615454,-0.0026761652809698124
undercut,rs80_mkt,donchian_10low,1498,124.89032184432777,0.22563417890520696,-0.12856918076788124,-1.0565153360366821,0.8472580279267962,-1.7739417432346702,-16.057046365362243,-0.0021011279864233292,2175,248.255859375,0.2271264367816092,0.01609331790968005,-1.0545953512191772,1.019141770825996,0.23581224683462226,3.9952604678626997,0.0016826187077027895
donchian_20,rs80,donchian_10low,19656,1638.7477744807122,0.31578144078144077,-0.022352099530681593,-0.7394388616085052,0.962807213748972,-1.781381292738628,-36.62945336087583,-0.0020262079996236646,22612,2580.9478125,0.31863612241287814,0.015130776529809846,-0.7860101759433746,1.024642970176171,1.1316835629346873,39.051744586039064,0.002806257715518974
high52_fresh,all,ema21_close,8231,686.2297991326182,0.2692260964645851,-0.048643535228022304,-1.0591957569122314,0.937246923314599,-1.7958033904943962,-33.38064340862618,-0.0010811411830949761,8413,960.2650781250001,0.25615119457981694,-0.033176860128826036,-1.0515998601913452,0.9575792496749742,-1.116581388879161,-31.85858018354933,-0.0005247472242526981
vcp,rs80,qull_sma10,598,49.85608308605341,0.4498327759197324,-0.05537644129563404,-0.028116985224187374,0.8034305266605132,-1.8013120529338895,-2.7608524582450897,-0.004674833667247054,456,52.048125000000006,0.4956140350877193,-0.012278092182289887,-0.0018818590033333749,0.9525692911289878,-0.35082798810967625,-0.6390516766653468,0.0003881723536714912
htf,rs80_early,donchian_10low,21,1.7507989043597352,0.09523809523809523,-0.5134984866849014,-1.0267499685287476,0.37264810248894176,-1.8086200381834663,-0.8990325878783074,-0.03441233129151875,40,4.565625,0.175,-0.0645572654902935,-1.029295563697815,0.9269843856429215,-0.13350002187201335,-0.2947442652541213,-0.006231634761206806
multi_touch,all,trim_ema,12586,1049.312143346268,0.3497536945812808,-0.034213532458138705,-1.048495590686798,0.9537381743112607,-1.8238212693324503,-35.90067507509663,-0.000530540032395563,10634,1213.7714062500002,0.3257476020312206,-0.11140018215744346,-1.0459294319152832,0.8535655366765572,-5.649098391261963,-135.21435575374633,-0.002485526003983492
donchian_55,rs80_mkt,trim_ema,13550,1129.6821501940196,0.3375645756457565,-0.02474001171062739,-1.0257749557495117,0.9622238153585236,-1.8391447971744783,-27.948349625086777,-0.001013851052198283,14787,1687.797421875,0.35078109149928993,0.0716516811754317,-1.0231035947799683,1.109083416984144,4.588065569973,120.9335227609031,0.006459519611251844
pocket_pivot,rs80_early,donchian_10low,3666,305.63946587537095,0.18739770867430441,-0.09974514759180989,-1.090794861316681,0.8932708782683135,-1.8431837672306313,-30.486053633620816,-0.0019189109564952862,4829,551.185078125,0.19548560778629115,-0.039721346822366034,-1.0900191068649292,0.9592409290712415,-0.7875240005779836,-21.893813651516044,0.000655152064096544
flag_30,rs80_mkt,ema21_close,602,50.189568591645745,0.2574750830564784,-0.15899408394950396,-1.031890630722046,0.7851348837794216,-1.8468152512364298,-7.9798444820495105,-0.005882001884400178,848,96.79125,0.25943396226415094,0.07711779456893157,-1.0315405130386353,1.101663414641275,0.8084812917653823,7.464327733570099,0.006373886182631875
flag_30_early,early_stage,qull_sma10,435,36.26654873316594,0.3701149425287356,-0.1360698694682375,-1.0343384742736816,0.7852664230590292,-1.8544616752097056,-4.934784552185364,-0.0029950178641731076,744,84.920625,0.3709677419354839,-0.03025006361541048,-1.0308759212493896,0.9548483918690044,-0.40277990367879135,-2.5688543085104176,-0.00019371755154689484
multi_touch,mkt_ok,fixed_3r_20d,9966,830.8791371832915,0.3490868954445113,-0.03542107952305297,-1.0531922578811646,0.9525068171678469,-1.8632686056671997,-29.430635992215006,2.724721711510467e-05,7751,884.703984375,0.316088246677848,-0.116780060982865,-1.0508695840835571,0.8495438449435124,-5.949073537492529,-103.31578524709614,-0.003064160639479946
ema_retest,rs80,trim_ema,3886,323.9811686829491,0.34071024189397836,-0.054870599527074945,-1.0385115146636963,0.9228534222622344,-1.877677047872061,-17.777040961115816,-0.0023260063714470396,4466,509.75203125,0.35893416927899685,0.042365362547401406,-1.033398985862732,1.0621266672101635,1.4617875926961006,21.59582961318054,0.0031851559133612246
high52_fresh,rs80_mkt,ema21_close,2694,224.6024880164346,0.26837416481069043,-0.08348019090795908,-1.046849012374878,0.8878504975230012,-1.8893107734840864,-18.749858578014553,-0.0016252313845385084,3222,367.76109375000004,0.26536312849162014,0.05397958175684522,-1.041648030281067,1.0704018287027852,1.013513559422794,19.851590027064944,0.0025051479289098276
undercut,rs80_mkt,fixed_3r_20d,1513,126.14089249029902,0.3126239259748843,-0.0812532362527068,-1.0510578155517578,0.8927177365526984,-1.8911127319009184,-10.249355738641556,-0.0010388710142896513,2175,248.255859375,0.31908045977011495,0.02009073456845664,-1.0482938289642334,1.0262784734339951,0.5151703217497432,4.9876425757672225,0.0021995651556330135
ema_retest,rs80_mkt,fixed_3r_20d,3030,252.61527048619035,0.3475247524752475,-0.05436951714285831,-1.0399217009544373,0.9222034702233951,-1.8925514890287531,-13.734570279246716,-0.0023753187478757322,3254,371.41359375,0.367240319606638,0.07295481807052272,-1.0339595079421997,1.109473842699003,2.5080911249641087,27.096411160950286,0.004552574381052845
base_50,rs80_early,qull_sma10,242,20.175873088335997,0.43388429752066116,-0.13895026157602422,-0.3239430785179138,0.7198155439149889,-1.9152507360521476,-2.803442843148954,-0.007488463753819935,375,42.802734375,0.45866666666666667,-0.0014021322312764823,-0.10604401677846909,0.9970989164906866,-0.01863746955152882,-0.060015093453953346,-0.0005759376321851353
flag_30_early,mkt_ok,trim_ema,856,71.36589819675874,0.3364485981308411,-0.12192836016194598,-1.0430933833122253,0.8316812534357564,-1.9164590572132398,-8.70152693861517,-0.0018703472407447135,1452,165.7321875,0.34366391184573003,0.08035729114176608,-1.0385483503341675,1.1116425734992352,1.192821590550176,13.317789642499266,0.003226198589186487
donchian_55,rs80,chandelier_3atr,17112,1426.6509929239899,0.32474287050023376,-0.024395196309325965,-0.6921600699424744,0.9584071218706881,-1.9178672205937402,-34.803431037275544,-0.0018761167029860454,19274,2199.94640625,0.32494552246549757,0.009661304197680659,-0.7226629853248596,1.0162120834071435,0.7238422658959599,21.25435144937561,0.0022865117583023816
pocket_pivot,rs80,donchian_10low,14324,1194.2115955261356,0.1918458531136554,-0.05672048446266875,-1.099097192287445,0.9405898694784235,-1.9185756416539212,-67.73626024917904,-0.001214735608568236,14631,1669.991484375,0.18864055771990978,-0.057788160285993706,-1.0954629182815552,0.9412069126162429,-1.7464533287467459,-96.50573557530706,0.00014188850683868558
multi_touch,rs80_mkt,fixed_3r_20d,3314,276.2927413832458,0.34490042245021124,-0.05704214925077948,-1.0468367338180542,0.9225626779366349,-1.9228795406890304,-15.760331790890124,0.00012471221671763415,2716,310.0059375,0.327319587628866,-0.06289456205486096,-1.0428563952445984,0.9163059688715627,-1.854242956960226,-19.497687673469102,-0.0014619124796383099
htf,rs80_early,sma50_close,21,1.7507989043597352,0.14285714285714285,-0.5232347257080532,-1.0267499685287476,0.36811526046669313,-1.9231223537496012,-0.9160787844926261,-0.03473282906980742,40,4.565625,0.15,-0.06499889986589551,-1.0311864614486694,0.9294118790198058,-0.1277623192454603,-0.2967606022002292,-0.002910725155379623
base_25,rs80,ema21_close,1299,108.29941794110934,0.29484218629715164,-0.10540800142475476,-0.9238041639328003,0.839258169283182,-1.9396616803927125,-11.415625200636564,-0.0022229349742673736,1503,171.553359375,0.2954091816367265,-0.01153910307771962,-1.022577166557312,0.9834170536037746,-0.1852033880745676,-1.9795718971572025,0.0012238685379458293
flag_30_early,mkt_ok,qull_sma10,858,71.53264094955489,0.3717948717948718,-0.1077347344729796,-1.0343120694160461,0.8337555203682628,-1.9398592857874912,-7.706550078851284,-0.0019761081450135995,1452,165.7321875,0.36019283746556474,-0.020652030867324967,-1.0333715677261353,0.9689428869499602,-0.39063145281891815,-3.4227062519592892,-0.0010631269848922422
pocket_pivot,early_stage,ema21_close,17414,1451.8291485962109,0.22464683587917766,-0.047293317681932,-1.0973411202430725,0.9467074713987119,-1.9408306898669787,-68.66181714444946,-0.001089213596170595,18386,2098.58953125,0.21228108343304689,-0.09933289010835117,-1.0949853658676147,0.8913066884217647,-4.2561191013535815,-208.45896329019246,-0.001049887233103876
multi_touch,early_stage,qull_sma20,5043,420.4418511755307,0.40214158239143366,-0.05260294328311536,-0.6547985672950745,0.9142556644250404,-1.9572264630840677,-22.11647885123447,-0.002039347825156242,4914,560.8870312500001,0.39173789173789175,-0.0630173848241286,-1.0219330191612244,0.9016035997805332,-2.2399477872756894,-35.34563389114429,-0.0014879503897516951
vcp,rs80,qull_sma20,597,49.77271170965533,0.4623115577889447,-0.06790467544745067,-0.017773158848285675,0.7888616369185224,-1.9575180713573996,-3.379799834783673,-0.005669731122852407,456,52.048125000000006,0.5263157894736842,-0.0071057703469450005,0.011517016682773829,0.9749852587448474,-0.1808308292794877,-0.36984202323908677,0.0007813083240578859
flag_30_early,rs80_mkt,qull_sma10,477,39.768146541885415,0.3522012578616352,-0.1446380172886049,-1.0358856916427612,0.779559446334406,-1.9747713697484484,-5.751985867060996,-0.0029942456766370953,709,80.925703125,0.35825105782792666,-0.07388341642028885,-1.0339411497116089,0.8904796195708474,-1.0536719788182256,-5.979067423089045,-0.003602263177842331
ema_retest,rs80,donchian_10low,3901,325.23173932892036,0.26300948474750063,-0.07408930503246641,-1.038761854171753,0.9005021487068114,-2.00063091296801,-24.096193541379982,-0.004255294474339875,4466,509.75203125,0.27608598298253473,0.03130716466685667,-1.0338234901428223,1.0435640696763213,0.8187312739583094,15.95889078160842,0.0027891759661766496
vcp,mkt_ok,ema21_close,1082,90.20782926272541,0.31515711645101663,-0.06286729297803983,-0.33593860268592834,0.8358753914627886,-2.0019955045362727,-5.671122031172753,-0.00618166346035304,694,79.21359375,0.31988472622478387,-0.08208234266945635,-0.32381971180438995,0.7766578069607853,-2.3264530142842674,-6.502037346266607,-0.005375726648073936
donchian_20,rs80_early,ema21_close,5508,459.20954120063914,0.3336964415395788,-0.03903740369547402,-0.502633810043335,0.9238930105489087,-2.005221583847245,-17.926348240662758,-0.003687761419601797,7612,868.8384375,0.3564109301103521,0.08855323823038931,-0.5038759410381317,1.1699892236012617,4.518571652722331,76.93845713965672,0.007590728415480543
ema_retest,rs80_mkt,donchian_10low,3015,251.36469984021912,0.2563847429519071,-0.08608482966429645,-1.0399214029312134,0.8853841644561394,-2.029011507048977,-21.63868736936227,-0.004043935529775966,3254,371.41359375,0.2833435771358328,0.08909027165610638,-1.0326533317565918,1.1260691145382085,1.9792022812755101,33.089337963958236,0.005017951729805321
undercut,rs80_mkt,sma50_close,1512,126.05752111390093,0.28174603174603174,-0.11032250979234633,-0.4440809488296509,0.8041584570299121,-2.0379778499771124,-13.90698210748724,-0.002277850838772889,2175,248.255859375,0.3264367816091954,0.16977745077816633,-0.3634379804134369,1.3153371037757184,1.3143216244253557,42.148246945430444,0.005548957763929808
high52,early_stage,donchian_10low,8174,681.4776306779274,0.22363591876682162,-0.06594329553614359,-1.0827978253364563,0.9244542458216762,-2.041862417755974,-44.93888080106547,-0.0014963558292354212,9514,1085.93390625,0.2156821526171957,-0.09155785488146212,-1.0703327655792236,0.895836279104639,-2.8342811136030455,-99.4257789992968,-0.0002747531999081636
multi_touch,mkt_ok,ema21_close,9891,824.6262839534353,0.27499747244970174,-0.05336391013572196,-1.0507510900497437,0.9310438803064843,-2.0547143819227673,-44.00528291244546,-0.0015188451321034076,7751,884.703984375,0.253515675396723,-0.14671378867919446,-1.0483077764511108,0.8149017549133792,-5.330671993931361,-129.79827340723511,-0.004053427024083827
base_50,rs80,trim_ema,1445,120.4716388952294,0.3439446366782007,-0.08663758136232136,-1.029901146888733,0.8726793384561782,-2.071845721733355,-10.437371416637635,-0.001234400301906248,1643,187.533046875,0.3371880706025563,-0.005372939360392072,-1.0264627933502197,0.9922459097161922,-0.11145048450862484,-1.007603688928939,-0.00030644413386910873
flag_30,mkt_ok,qull_sma10,895,74.61738187628396,0.4122905027932961,-0.10377913489495534,-0.5338107943534851,0.8102109597781529,-2.0730508637988323,-7.743727339247268,-0.003992160370435362,1380,157.5140625,0.3884057971014493,-0.018683641797606076,-0.841131865978241,0.969346399631208,-0.37424396512417474,-2.942936321835736,-0.0005154035335550177
flag_30,rs80,chandelier_3atr,795,66.2802442364757,0.23270440251572327,-0.16113264067801383,-1.0331366062164307,0.7907365076822161,-2.07420961799198,-10.679910778607034,-0.0052575321666897806,1125,128.408203125,0.23733333333333334,-0.04485951296115915,-1.0337364673614502,0.9431651520152475,-0.6024985051903013,-5.760329452405094,0.0016519859775111804
base_25,mkt_ok,qull_sma20,1484,123.72312257475463,0.45485175202156336,-0.08406900789738837,-0.1068100817501545,0.8409169300265275,-2.09616331951947,-10.401280168826595,-0.0012916509523726973,1878,214.35609375,0.4174653887113951,-0.05170700944909069,-0.7804915308952332,0.9110526219707652,-1.1523263062092577,-11.083712565001422,-0.0031244496318322853
ema_retest,mkt_ok,ema21_close,12293,1024.8843300616297,0.2898397461970227,-0.040875400136966375,-1.0356802940368652,0.9416368204428052,-2.1185618569334626,-41.892557085375834,-0.002087981222394471,12391,1414.316484375,0.29053345169881367,-0.02528624585692506,-1.0316152572631836,0.9635556519713561,-1.3055853235441852,-35.76275434340816,-5.792890778999143e-05
base_25,all,donchian_10low,1924,160.40652818991097,0.2733887733887734,-0.10765111549366047,-1.0280165076255798,0.8501109533233986,-2.1258753406043223,-17.26794169210921,-0.0015362194685957567,2441,278.617265625,0.27652601392871773,0.008733496470804167,-1.028363585472107,1.0118489516396443,0.1658012334704955,2.4333029060410447,0.003247324945840968
flag_30,all,chandelier_3atr,1157,96.4606824925816,0.23163353500432152,-0.14678756673937035,-1.0325429439544678,0.8090189353005889,-2.1580213743399326,-14.159228869105034,-0.005651834759779831,1790,204.31171875,0.2335195530726257,-0.024422831851963017,-1.0350298881530762,0.9693294834863572,-0.37661227552299487,-4.9898707524168096,0.0010594085149404232
flag_30,early_stage,ema21_close,499,41.60231682264323,0.23847695390781562,-0.19871359847239659,-1.0293182134628296,0.7316329721837449,-2.1656583402377976,-8.266946080616156,-0.009195998306960084,852,97.24781250000001,0.25586854460093894,0.11710711841596107,-1.0333870649337769,1.1519278261697588,1.1228040009485223,11.38841109413068,0.006655721063664163
htf,early_stage,sma50_close,27,2.251027162748231,0.18518518518518517,-0.49158440640679113,-1.0259840488433838,0.37703109772687676,-2.1747664653907193,-1.1065698516051523,-0.033244845284907905,55,6.2777343750000005,0.12727272727272726,-0.24200058125636795,-1.0295566320419312,0.747107906923587,-0.6249921047530145,-1.5192153677230817,-0.013654883502220565
vcp,all,qull_sma20,1323,110.30033097466332,0.46787603930461075,-0.048148189306164824,-0.011691484600305557,0.8380380646452953,-2.183052472838112,-5.310761216300725,-0.004430547300214109,880,100.44375000000001,0.5193181818181818,-0.037634271450290475,0.007058804854750633,0.8653678550754363,-1.424096517168108,-3.7801273529851143,-0.0017180313813035108
stage2,rs80_mkt,qull_sma20,1656,138.06299931522483,0.4178743961352657,-0.09197251580172339,-0.33497558534145355,0.8393466612828238,-2.19504782407564,-12.698001386152841,-0.002423743444530048,1494,170.52609375,0.4002677376171352,-0.1373451733627027,-0.39925599098205566,0.7664833140641574,-3.392500821405796,-23.420935908958242,-0.003093508584936946
flag_30,mkt_ok,qull_sma20,895,74.61738187628396,0.41675977653631285,-0.11603958492021613,-0.8110963702201843,0.7974828132968352,-2.200626847981042,-8.658570020757248,-0.004136325145580425,1380,157.5140625,0.3884057971014493,-0.013500014305073832,-1.0254199504852295,0.9788330229987976,-0.24071091485155116,-2.126442097000294,0.0006550275046351274
high52_fresh,rs80_early,ema21_close,957,79.78640721296507,0.26332288401253917,-0.15832040158220612,-1.0437211990356445,0.7904397998737589,-2.2155514518887265,-12.631816030758058,-0.005233228708675597,1573,179.54320312500002,0.27781309599491416,0.03644480557537366,-1.0385446548461914,1.0484640626884612,0.4988710510983913,6.543417130270446,0.00529639141768654
base_50,mkt_ok,qull_sma10,1853,154.48716046564712,0.45493793847814357,-0.06663671771050705,-0.08232024312019348,0.8608403816256615,-2.2460324693559572,-10.294517301847131,-0.0011632292293063597,2078,237.18421875,0.41867179980750724,-0.030661998740718753,-0.35611607134342194,0.9414296297922127,-0.9052097684852957,-7.272542216630862,-0.002511662304487551
high52_fresh,rs80,qull_sma20,3346,278.9606254279845,0.40555887627017334,-0.06871643766992509,-0.7513327896595001,0.883793348041407,-2.2464581646142365,-19.169180429585413,-0.002024302419637841,4203,479.733046875,0.4056626219367119,-0.021342009099465143,-1.017761468887329,0.964523240823799,-0.6862139234493336,-10.238467051720388,1.4565328539377144e-05
base_50,all,qull_sma10,2297,191.5040515863958,0.456247279059643,-0.059506327086834794,-0.08885149657726288,0.8759285161289799,-2.2564834625395584,-11.395702732154152,-0.001106978183246738,2664,304.070625,0.4253003003003003,-0.032377807931867654,-0.33886848390102386,0.9372726858574684,-1.125824003025835,-9.845140293972955,-0.0018480538856955925
vcp,rs80_mkt,ema21_close,459,38.267461766719926,0.3093681917211329,-0.10591070307783294,-0.36024361848831177,0.7418879729926063,-2.2574384502066134,-4.052933780717399,-0.009184221024851367,354,40.405781250000004,0.327683615819209,-0.0887723010885766,-0.3326229751110077,0.7680726845670895,-1.734930299571331,-3.586914178844163,-0.0062796612514599255
flag_30,rs80,trim_ema,794,66.1968728600776,0.33879093198992444,-0.13771043430722932,-1.031569480895996,0.8067907229141911,-2.2643822820131625,-9.116000111341728,-0.004477789021602665,1125,128.408203125,0.33866666666666667,0.06145232998662525,-1.0319368839263916,1.085721525674984,0.7713467015703399,7.890983271427103,0.0055771429753965806
high52_fresh,mkt_ok,fixed_3r_20d,7113,593.0206003195617,0.3382539013074652,-0.046692708055045884,-1.0638407468795776,0.9382274871348613,-2.274301252510645,-27.68973776134935,0.0004028758000147929,6665,760.7472656250001,0.32123030757689425,-0.05318742350873237,-1.0541752576828003,0.9301733405817526,-2.508408165324418,-40.462186999907,-0.0010753712302938503
base_25,mkt_ok,ema21_close,1481,123.47300844556037,0.28156650911546255,-0.12694238233574962,-0.9253829717636108,0.8136731607069885,-2.3068936612492004,-15.673957846241567,-0.003220793833351211,1878,214.35609375,0.28434504792332266,-0.03706127205190147,-1.0242254734039307,0.9479077273174045,-0.6585329563110585,-7.944309506451646,-0.0004163335752842367
htf,early_stage,donchian_10low,27,2.251027162748231,0.1111111111111111,-0.5251907059163959,-1.0259840488433838,0.33183676125593736,-2.3117714487190577,-1.1822185446407252,-0.03678005625907746,55,6.2777343750000005,0.16363636363636364,-0.3026976254514673,-1.0290344953536987,0.6679741019940164,-0.848448657428911,-1.900255288527551,-0.020545052775097165
random_uptrend,early_stage,ema21_close,11126,927.5899338050673,0.21175624662951645,-0.07207292178686538,-1.1194553971290588,0.9207081100061236,-2.341403867898219,-66.85411674941625,-0.001264494663847367,13152,1501.1775,0.20590024330900245,-0.06030169665999187,-1.1082954406738281,0.934328231046266,-1.9077760629980556,-90.52355023780494,2.020459554410026e-05
base_50,mkt_ok,qull_sma20,1848,154.0703035836567,0.4583333333333333,-0.07832576819801743,-0.05838867090642452,0.8491143515703256,-2.3565313518387563,-12.067674884691668,-0.0013059453830075135,2078,237.18421875,0.4302213666987488,0.02500932242378593,-0.38779713213443756,1.0457864940668635,0.5798564270204697,5.931816600552522,7.337974063913347e-05
base_25,mkt_ok,qull_sma10,1486,123.88986532755078,0.44952893674293404,-0.08546961348489414,-0.13565635681152344,0.828349839741057,-2.3591981105102193,-10.588818904241352,-0.0015203473857622533,1878,214.35609375,0.40415335463258784,-0.10717107685352037,-0.500634029507637,0.8075159881850281,-3.142199677059433,-22.97277339730167,-0.005136540684431696
donchian_55,rs80_mkt,chandelier_3atr,13637,1136.935459940653,0.31979174305199093,-0.03400455364903167,-0.7092120051383972,0.9426589583620502,-2.3668197033227574,-38.660982843038425,-0.0016037109790093054,14787,1687.797421875,0.3271116521268682,0.03049630119544437,-0.7024769186973572,1.051391499351366,1.9636097475408698,51.47157853439449,0.003538711519399103
ema_retest,rs80,ema21_close,3909,325.89871034010497,0.2888206702481453,-0.07888068466565869,-1.0299100875854492,0.8858947355654871,-2.3719208413892248,-25.707113403282662,-0.0038140480534794817,4466,509.75203125,0.2971339005821764,0.01460189826067355,-1.0261401534080505,1.021766624847885,0.44303193247640354,7.443347298484184,0.0021903432047863667
high52_fresh,all,trim_ema,8165,680.7272882903446,0.3464788732394366,-0.05333759326799171,-1.0555881261825562,0.9282170369159528,-2.395121024463858,-36.30835522925334,-0.00015534423667956695,8413,960.2650781250001,0.3422084868655652,-0.030690294670171987,-1.0454167127609253,0.9580018748895114,-1.3039718141848602,-29.470818209131977,-4.986014144069099e-05
ema_retest,rs80_early,qull_sma20,1132,94.37639808262954,0.4134275618374558,-0.10346909131844077,-0.25823479890823364,0.8037650662824426,-2.3974501087131608,-9.765040151517114,-0.005150602062905831,1546,176.46140625,0.4721862871927555,0.05958798404194797,-0.03303081542253494,1.1251528512962183,1.4666869513238305,10.514979459644698,0.0035169195110417227
multi_touch,rs80,trim_ema,4547,379.0896484820817,0.3521002859027931,-0.06815118956959902,-1.0417741537094116,0.9057106465787582,-2.4192994092398004,-25.83541049757501,-0.0011927405508593797,3995,455.99179687500003,0.3339173967459324,-0.08113952722273375,-1.0391160249710083,0.8905713678417659,-2.5728787528951758,-36.99895881588235,-0.001677482779201826
undercut,early_stage,ema21_close,7036,586.6010043369093,0.40335417851051736,-0.04950608512503831,-0.16448397189378738,0.8866204534434924,-2.428403345030111,-29.040319255136005,-0.0010533952540024386,8326,950.33484375,0.40091280326687484,-0.08659757532160005,-0.17340487986803055,0.7991342008951893,-5.678631270195251,-82.29669321238164,-0.0014831950247209693
pocket_pivot,rs80_early,ema21_close,3668,305.8062086281671,0.21183206106870228,-0.11608718045477284,-1.0823728442192078,0.8652974378385829,-2.43189497631527,-35.500180525207945,-0.0021199931329344865,4829,551.185078125,0.2195071443363015,-0.045455624448412925,-1.0811516046524048,0.9497033770773691,-0.9723339878752729,-25.05446191281914,2.1220891066321417e-05
donchian_20,early_stage,qull_sma20,36901,3076.4871604656473,0.47936370288068075,-0.01436221351059782,-0.013453221879899502,0.96373149651748,-2.43776020638941,-44.18516546122044,-0.0015341163564634567,47166,5383.55671875,0.4921341644404868,0.006503242740346836,-0.005795040167868137,1.0163175910089914,1.1811761220442738,35.01057614845637,0.0010076035109481706
pocket_pivot,rs80_mkt,chandelier_3atr,9501,792.1114471581831,0.18745395221555625,-0.08841413216621191,-1.1050370931625366,0.9076523018964119,-2.445984202179776,-70.03384617941298,-0.0015975952356097607,9447,1078.286484375,0.2004869270667937,-0.0733467900728109,-1.0968573093414307,0.9249378289511551,-1.960096121022603,-79.08885240780243,-0.0008177366970870203
stage2,early_stage,qull_sma10,2782,231.93916913946586,0.409058231488138,-0.07320292047626241,-0.38156628608703613,0.8666542019401055,-2.4473007579433603,-16.978624553846696,-0.002913970643836145,2681,306.011015625,0.40246176799701605,-0.10527056130964979,-0.3873996138572693,0.8169320599751378,-3.417552761181919,-32.213951381779765,-0.0021754667606955227
high52,rs80_early,chandelier_3atr,3193,266.20480483907784,0.21954274976511118,-0.11888643466220927,-1.0640143156051636,0.8591866501987303,-2.452047037048205,-31.648140137267198,-0.0024556703261483376,4731,539.999296875,0.22363136757556543,-0.022880878592481575,-1.0561445951461792,0.9731044328930404,-0.5023192650049282,-12.35565835182229,0.0015576295603482637
vcp,rs80_mkt,qull_sma10,463,38.600947272312254,0.4298056155507559,-0.08705930207623672,-0.05095314607024193,0.7043227844440946,-2.4527785204130574,-3.3605715290091185,-0.006863482738956626,354,40.405781250000004,0.4915254237288136,-0.02501013674363849,-0.0033648457610979676,0.8986283135879035,-0.685007822954093,-1.0105541142960441,-0.0005973040433159465
base_50,mkt_ok,ema21_close,1843,153.6534467016663,0.3027672273467173,-0.10673407383899321,-0.9029818177223206,0.8403074079696216,-2.454601157810213,-16.400058325871456,-0.002567066530744833,2078,237.18421875,0.2906641000962464,0.053764167201919955,-1.0215010046958923,1.0789852818185144,0.9498315790550785,12.75201199453176,0.0016775133973713028
vcp,all,qull_sma10,1333,111.13404473864415,0.4576144036009002,-0.047668239143425536,-0.015943428501486778,0.819394404903029,-2.485121952457604,-5.297564221577842,-0.004142222540783775,880,100.44375000000001,0.48863636363636365,-0.03684418514785648,-0.003700627130456269,0.8538417850621295,-1.602107232348725,-3.7007681219450093,-0.001621428693891341
random_uptrend,rs80,sma50_close,10084,840.7169595982652,0.1445854819516065,-0.10298260063392811,-1.121583878993988,0.9001349471153025,-2.489843368703398,-86.57921889647842,-0.0017104762678261235,11586,1322.4332812500002,0.13818401519074747,-0.006148289103128,-1.1069241166114807,0.9940268742046692,-0.11914008481035188,-8.130702132723181,0.0016318670977078884
multi_touch,rs80,ema21_close,4571,381.09056151563567,0.27827608838328594,-0.08420785225434153,-1.042272686958313,0.8875366529065014,-2.498586872110076,-32.0908176996327,-0.0026632097753854886,3995,455.99179687500003,0.26533166458072593,-0.10762908035621614,-1.041157603263855,0.8598662139718872,-2.9563388426648554,-49.07797774763477,-0.0023230627577062834
high52_fresh,mkt_ok,ema21_close,7072,589.6023738872403,0.26569570135746606,-0.07240591052527531,-1.0631408095359802,0.9074477243457282,-2.49958351106685,-42.690696729169446,-0.0010792912463978052,6665,760.7472656250001,0.2531132783195799,-0.013088501935666417,-1.0539608001708984,0.9834438664566271,-0.37431170589226326,-9.957042058685747,-0.00016823852672309203
base_25,all,qull_sma10,1931,160.99012782469757,0.444847229414811,-0.07887205484314522,-0.18118593096733093,0.8417401460213423,-2.508862355982042,-12.697622190994505,-0.001853385973672578,2441,278.617265625,0.4211388775092175,-0.06680689195149847,-0.4354811906814575,0.8760629357767216,-2.2593744435776695,-18.613553560431324,-0.0027003425473658307
stage2,rs80_mkt,qull_sma10,1663,138.64659895001142,0.41310883944678295,-0.09835783995265002,-0.31918656826019287,0.8214029458639662,-2.5208618737153894,-13.636979989504477,-0.002939231180732223,1494,170.52609375,0.39959839357429716,-0.10487161274457667,-0.34753309190273285,0.8121796174263735,-2.6885788204505947,-17.883346466595377,-0.002164141419513082
undercut,rs80_mkt,qull_sma20,1521,126.80786350148368,0.3629191321499014,-0.11404948293587791,-0.5638124942779541,0.8115700052916517,-2.5242648248598605,-14.462371264547599,-0.0024881426144067464,2175,248.255859375,0.375632183908046,0.014037239814910438,-0.7965307831764221,1.0225297961831612,0.33168229870275834,3.484827033503557,0.001411537048246326
high52_fresh,rs80_early,qull_sma20,961,80.11989271855741,0.37356919875130074,-0.142434217460971,-1.0248979330062866,0.7701702643849699,-2.5292547933963094,-11.411814222424674,-0.004339030269185437,1573,179.54320312500002,0.410680228862047,-0.021427421089362717,-0.7858627438545227,0.9639699364905148,-0.4217061593670633,-3.847147817092359,0.0018920829023210733
flag_30,all,donchian_10low,1158,96.54405386897969,0.23316062176165803,-0.17023909681887625,-1.0341489911079407,0.7824665691139799,-2.5422435569873176,-16.43557253388804,-0.007085374402543184,1790,204.31171875,0.23128491620111732,0.048345189491890414,-1.0360262393951416,1.060513646688028,0.6579606238243295,9.87748875838257,0.0035955740708242204
flag_30,rs80_mkt,qull_sma10,603,50.27293996804382,0.4013266998341625,-0.1559203329961747,-0.5944165587425232,0.7254677064917264,-2.5551147826043246,-7.838573540514093,-0.0059917115374429845,848,96.79125,0.41745283018867924,0.05812806541632868,-0.649356484413147,1.099271030795878,0.8703600368165102,5.626288111728224,0.0036619969712769745
ema_retest,rs80_mkt,ema21_close,3022,251.9482994750057,0.2809397749834547,-0.09681109466567374,-1.033593773841858,0.8617727326663267,-2.555734500773798,-24.391390671330296,-0.003735476255777278,3254,371.41359375,0.3048555623847572,0.07641909360714896,-1.0248969197273254,1.1159278295859067,1.9134101496370628,28.38309018774885,0.005122786935036362
flag_30,all,trim_ema,1156,96.37731111618352,0.3304498269896194,-0.13108158360515756,-1.0314633250236511,0.8165704707957979,-2.563482058652287,-12.633290564716292,-0.004787106896602794,1790,204.31171875,0.33519553072625696,0.049247437759234916,-1.0323180556297302,1.0687492756481076,0.8217317422077954,10.061828652622935,0.004671140132906363
base_50,rs80_early,ema21_close,242,20.175873088335997,0.3140495867768595,-0.23289066256785934,-1.0208674669265747,0.6555476857853073,-2.588816043633425,-4.698772451427613,-0.012575709515478277,375,42.802734375,0.3413333333333333,0.12258969810356697,-0.8966842889785767,1.1948995829761444,1.147154542649715,5.247174285038418,0.00725431331860212
high52_fresh,early_stage,ema21_close,2940,245.11184661036293,0.2612244897959184,-0.11079365040775908,-1.0603298544883728,0.8587036783255714,-2.5957957395787172,-27.156836244148817,-0.0030781539445092214,3665,418.325390625,0.2597544338335607,-0.024051376383037417,-1.0516854524612427,0.969259313133512,-0.5289286497827899,-10.061301420503026,0.0015637952794838855
flag_30,rs80_mkt,qull_sma20,603,50.27293996804382,0.4079601990049751,-0.16333588777738584,-0.9011116027832031,0.7234050962314574,-2.602171022838172,-8.211375280859661,-0.005882663302704948,848,96.79125,0.4221698113207547,0.050680880419315386,-1.0196366906166077,1.0834433521680185,0.7143919019791244,4.905465766886061,0.004116335555638542
high52_fresh,early_stage,trim_ema,2924,243.77790458799362,0.3317373461012312,-0.09539859086401231,-1.056272804737091,0.8733407383344525,-2.650220076724946,-23.25606858147623,-0.0010762050275312384,3665,418.325390625,0.3328785811732606,-0.04024589971244071,-1.046324372291565,0.9456219950301119,-1.1428102954565231,-16.835881718261337,0.0015904826114592962
undercut,rs80_mkt,qull_sma10,1523,126.97460625427985,0.3565331582403152,-0.11375191446767664,-0.5882498025894165,0.813194929691496,-2.6808253451555655,-14.44360455020376,-0.0023866780892599676,2175,248.255859375,0.36919540229885056,-0.03810115219562197,-0.8416088223457336,0.939229083562279,-0.9844695123785305,-9.4588342815018,-0.0005652485639037532
base_50,all,qull_sma20,2292,191.0871947044054,0.4607329842931937,-0.07812755254212987,-0.05838867090642452,0.848564618896014,-2.686436262732332,-14.929174844396632,-0.001592759090554542,2664,304.070625,0.4339339339339339,0.00555021366312553,-0.36217091977596283,1.0102764009112812,0.15529748492953038,1.6876569374301196,-9.032853853776581e-05
base_50,all,ema21_close,2287,190.67033782241498,0.3030170529077394,-0.10512611659420439,-0.9234158396720886,0.8417045742496898,-2.7303132592842183,-20.044432164975536,-0.0027483015925230045,2664,304.070625,0.29504504504504503,0.029521251203205267,-1.021249532699585,1.043991797929945,0.6255985033630485,8.976545304140627,0.0014359773733983955
random_uptrend,rs80_mkt,sma50_close,6317,526.6569847066879,0.13566566408105113,-0.1439789897416218,-1.12410306930542,0.8624290235596296,-2.740868874007466,-75.8275405984377,-0.002053644361321134,7298,832.99828125,0.1311318169361469,-0.04919869514301146,-1.1076606512069702,0.95269669106705,-0.885105813288316,-40.98242849387127,0.0013054102167730439
vcp,rs80_mkt,qull_sma20,462,38.51757589591418,0.4393939393939394,-0.10925529307501342,-0.025624885223805904,0.6797275022601066,-2.761043221504853,-4.208249043047176,-0.008331392734303394,354,40.405781250000004,0.5310734463276836,-0.027803939698368578,0.011189817916601896,0.897245168062793,-0.6912390235961335,-1.1234399053404718,-0.0009472961079349888
base_50,rs80_mkt,qull_sma20,1114,92.87571330746405,0.44703770197486536,-0.10894143203009234,-0.10065779462456703,0.7865101568332155,-2.768563593748178,-10.118013208531437,-0.0025169153161196636,1210,138.11015625000002,0.43553719008264463,-0.012285570199626006,-0.3381548076868057,0.9777477994367241,-0.21473742423443834,-1.6967620198906914,-0.002110634543361609
flag_30,rs80,donchian_10low,796,66.36361561287377,0.22738693467336685,-0.20640957619685998,-1.0358242392539978,0.7389038367862071,-2.7734850139511025,-13.698085773544596,-0.007850152277263366,1125,128.408203125,0.23644444444444446,0.009980530052135388,-1.034999966621399,1.0125752641079449,0.12608704402567586,1.2815819302297677,0.003544877589913085
flag_30,rs80,qull_sma10,798,66.53035836566994,0.41228070175438597,-0.14422123862971062,-0.4995906203985214,0.7404184477679692,-2.8164561116573568,-9.595090689975448,-0.005848516733966821,1125,128.408203125,0.41688888888888886,0.028070551765371217,-0.6973028779029846,1.0480947038593034,0.5086506771382692,3.604489112918615,0.0023766058301601637
random_uptrend,rs80,chandelier_3atr,10108,842.7178726318192,0.1745152354570637,-0.0993850643149958,-1.1164367198944092,0.8998634955194912,-2.822505483709671,-83.7535699709098,-0.0017613945002467133,11586,1322.4332812500002,0.16908337648886587,-0.0963927195212671,-1.1026451587677002,0.9025988276123214,-2.850987291293912,-127.4729403651202,-0.0005879382468902036
base_50,rs80_mkt,qull_sma10,1118,93.20919881305637,0.44364937388193204,-0.0996277655390706,-0.12110017240047455,0.7883991117657135,-2.8258222978965635,-9.286224205431798,-0.002535890839357314,1210,138.11015625000002,0.4256198347107438,-0.054255010899842915,-0.33886848390102386,0.8976455354184072,-1.1955013966957808,-7.4931680327227586,-0.0036065658407399173
base_50,rs80,qull_sma10,1457,121.4720954120064,0.44680851063829785,-0.08788255167908982,-0.12304516136646271,0.8142429308020566,-2.8563902762239,-10.67527770261298,-0.002179445228332065,1643,187.533046875,0.4345709068776628,-0.0489965207298194,-0.29583874344825745,0.9051195779584001,-1.3353627363855067,-9.188466818737131,-0.0021647292757629904
high52,early_stage,chandelier_3atr,8174,681.4776306779274,0.22571568387570345,-0.08987269903925131,-1.080267071723938,0.895975747207147,-2.8638581924958184,-61.246234003899424,-0.001684189501142072,9514,1085.93390625,0.21904561698549507,-0.09713729710258387,-1.0679636597633362,0.8886081461863014,-3.2357929716907976,-105.4846844851757,-0.0007362776537189635
high52_fresh,rs80,qull_sma10,3355,279.71096781556724,0.40178837555886737,-0.07998098706696967,-0.4460040032863617,0.8582129687656902,-2.896395586629618,-22.37155929934645,-0.0021622900476139482,4203,479.733046875,0.4054246966452534,-0.024470818843033083,-0.5805699229240417,0.9581392110741381,-0.8846671451623523,-11.739460483094424,-0.00044301721732164785
flag_30,all,qull_sma10,1161,96.79416799817393,0.40654608096468564,-0.12351387546097908,-0.5338107943534851,0.775784191868581,-2.912642790542281,-11.955422811475541,-0.005096300875002615,1790,204.31171875,0.39664804469273746,-0.028305376334271624,-0.841131865978241,0.9528929148675653,-0.6760047497047397,-5.783120088720611,-0.0008258172185500442
stage2,mkt_ok,qull_sma20,4600,383.50833143118007,0.4041304347826087,-0.0774092559296,-0.4512127488851547,0.8695166098258023,-2.9251202866570476,-29.68709457889008,-0.0015336030855571706,3383,386.13773437500004,0.38870824711794266,-0.15630319817439386,-0.5995472073554993,0.7455574012043811,-5.427610080508998,-60.35456281862708,-0.0038382762879139083
random_uptrend,all,chandelier_3atr,31102,2593.016548733166,0.17455469101665488,-0.061783241907572575,-1.1393625140190125,0.9392931262778667,-2.930194635807822,-160.20496870072014,-0.0010394318463595408,34126,3895.1629687500003,0.16620758366055208,-0.09566507674820464,-1.120691180229187,0.9055483586855134,-4.724780534891868,-372.6310643522334,-0.0008486140871464475
base_25,all,qull_sma20,1929,160.82338507190138,0.44738206324520474,-0.0988080819837033,-0.18118593096733093,0.8130155598255554,-2.9312286634443825,-15.890650217081118,-0.002774746085244492,2441,278.617265625,0.4305612453912331,-0.030314615522215854,-0.5886017680168152,0.946361323089028,-0.8075148692950844,-8.446175285272963,-0.0012506385670976096
high52_fresh,rs80_mkt,qull_sma20,2701,225.1860876512212,0.3998519067012218,-0.09736598363128385,-0.825146496295929,0.8363019641435561,-2.9567145537885358,-21.925464924241652,-0.002022490168399324,3222,367.76109375000004,0.40471756672873993,-0.00993041530438632,-0.9670583307743073,0.9835509875809856,-0.2682675415070136,-3.6520203937328524,0.00019102696945461122
multi_touch,mkt_ok,trim_ema,9803,817.289602830404,0.3434662858308681,-0.06299484223549301,-1.050927758216858,0.9164052025064122,-2.9712930205750445,-51.48502959101004,-0.0006527865382358369,7751,884.703984375,0.31982969939362665,-0.12108185393541115,-1.0471951961517334,0.8425285708711012,-5.160302399565385,-107.12159861217002,-0.0032747393405036284
random_uptrend,early_stage,trim_ema,11103,925.6723921479114,0.3439610915968657,-0.0703293858610609,-1.103528380393982,0.912508743789945,-2.975080966413534,-65.10197084830173,-0.0009449694470323819,13152,1501.1775,0.3331812652068126,-0.07905386500190499,-1.0953447222709656,0.90338240590126,-3.4367966248813717,-118.67388342889723,-0.0006453099864854593
high52_fresh,early_stage,fixed_3r_20d,2958,246.61253138552843,0.33029073698444894,-0.09406736593429336,-1.0600425004959106,0.8751926186702257,-3.010805716840501,-23.19819123382491,-0.0015332413460390514,3665,418.325390625,0.32442019099590724,-0.0876628699205183,-1.0516372919082642,0.8832618161272632,-3.1920836222570315,-36.671604302809385,-0.0005752004803239777
flag_30,rs80,ema21_close,797,66.44698698927185,0.25094102885821834,-0.2173767047545696,-1.032248616218567,0.707415188860658,-3.1108481359822253,-14.444027072597677,-0.008678778472458452,1125,128.408203125,0.25866666666666666,0.024443527615732617,-1.0327999591827393,1.0324309915405812,0.3120466566207737,3.138749459172541,0.004401780359421133
donchian_55,rs80_early,ema21_close,4666,389.01084227345353,0.32876125160737246,-0.06470458558816096,-0.5249307453632355,0.8775123730945532,-3.1270127609754637,-25.17078533860526,-0.005136186083067872,6393,729.7010156250001,0.3580478648521821,0.07675366397588494,-0.5085853338241577,1.1446324596313322,3.5253711847779328,56.00722655614322,0.006993771038877447
random_uptrend,rs80,donchian_10low,10103,842.3010157498288,0.16509947540334555,-0.11641120656169372,-1.1185320615768433,0.8846352784423076,-3.1292476669379075,-98.05327753157776,-0.0022318942661919755,11586,1322.4332812500002,0.16166062489211117,-0.08824386604714214,-1.1044749021530151,0.9119497876588081,-2.309605271882487,-116.69662532690765,8.479510423679033e-05
donchian_20,rs80_early,qull_sma20,5530,461.04371148139694,0.4772151898734177,-0.04610128512984006,-0.014332542661577463,0.8814596452930175,-3.1329928165216097,-21.254707600323595,-0.0036674894421340324,7612,868.8384375,0.4917235943247504,0.029058584525621597,-0.006230319384485483,1.0723400670875267,2.034614304804072,25.247215175202747,0.0030312955651280787
base_25,all,ema21_close,1926,160.57327094270715,0.2808930425752856,-0.14231595659830634,-0.9629432857036591,0.7887585541441834,-3.138622203075741,-22.852138658330396,-0.00445054972057118,2441,278.617265625,0.29823842687423185,-0.004773408277337972,-1.0229485034942627,0.9931092433131992,-0.10054070823580002,-1.3299539619436473,0.001598255212008241
base_50,rs80,qull_sma20,1453,121.13860990641406,0.45147969717825187,-0.10596985836447322,-0.08885149657726288,0.7911621160755179,-3.152883635100936,-12.83704133425187,-0.0025733918757918205,1643,187.533046875,0.4394400486914181,-0.03112473479594087,-0.24449506402015686,0.9424968214483264,-0.6943756238896017,-5.836916349459123,-0.00168769022669264
high52_fresh,rs80_early,qull_sma10,962,80.20326409495549,0.3659043659043659,-0.16651310402079023,-0.659699410200119,0.7228361888453999,-3.166865044241425,-13.354894457050234,-0.004889862460737871,1573,179.54320312500002,0.406865861411316,-0.026128222737619708,-0.49958279728889465,0.9545958443625445,-0.5510217547945613,-4.691144802275699,0.0004979128597787741
high52_fresh,rs80_mkt,qull_sma10,2710,225.93643003880393,0.396309963099631,-0.09732815174282163,-0.4692109674215317,0.8282623811667734,-3.1677693305561414,-21.98997514704811,-0.0021880628175417888,3222,367.76109375000004,0.4059590316573557,-0.02052467356050618,-0.5698802471160889,0.9650172767325066,-0.6314541184203881,-7.548176397473459,-0.0004944976314207408
multi_touch,early_stage,qull_sma10,5062,422.0259073270943,0.40023706045041485,-0.07455926026383086,-0.4390040785074234,0.8723599261194124,-3.1765646129320175,-31.465939462480186,-0.002084167706728376,4914,560.8870312500001,0.3888888888888889,-0.06280296746359643,-0.6155868470668793,0.8980533456173081,-2.509716636545051,-35.22536997434694,-0.001532083869292366
pocket_pivot,rs80_mkt,donchian_10low,9496,791.6945902761927,0.17607413647851727,-0.11676966500391171,-1.1083998084068298,0.8808277235688778,-3.2087115878212775,-92.44591209196015,-0.002094725676240122,9447,1078.286484375,0.18587911506298296,-0.09166634063416898,-1.1004705429077148,0.9082502157791583,-2.274501326987616,-98.84257617793928,-0.0010139779386917464
flag_30,all,ema21_close,1159,96.62742524537776,0.24331320103537532,-0.19618416049098233,-1.0313066244125366,0.7360029006978192,-3.2356227449861947,-18.95677030216959,-0.008920252275364103,1790,204.31171875,0.24916201117318434,0.03795515087266666,-1.033881664276123,1.0495601456995798,0.5515245752826623,7.754682110210088,0.0035211927207887913
base_50,rs80_mkt,ema21_close,1113,92.79234193106596,0.29290206648697215,-0.15978364996224648,-0.8856426477432251,0.7584287129497262,-3.235941684744397,-14.826699082290531,-0.004979004382093026,1210,138.11015625000002,0.28512396694214875,-0.02324649639242937,-1.022509753704071,0.9667466311372221,-0.3247906700867024,-3.2105772490234816,-0.0033578178910949855
multi_touch,rs80_mkt,trim_ema,3273,272.87451495092444,0.3431102963641919,-0.1065493093284689,-1.0444762706756592,0.8563542621860454,-3.259034996791657,-29.07459110136196,-0.0012916164661030427,2716,310.0059375,0.33063328424153166,-0.08211263596391942,-1.039696753025055,0.8898470689509085,-2.0892856809676714,-25.455404692591056,-0.002274130020120855
random_uptrend,all,donchian_10low,31086,2591.682606710797,0.16644148491282248,-0.07297417503843022,-1.1421840190887451,0.9291782127838165,-3.2811896008618437,-189.1259001861688,-0.001400295102940864,34126,3895.1629687500003,0.16096231612260448,-0.08221900783502574,-1.1220528483390808,0.919530305748563,-3.711632051801809,-320.2564346463584,-0.00042095750122078554
donchian_55,rs80,donchian_10low,17106,1426.1507646656014,0.30831287267625396,-0.04408014810615514,-0.7679223120212555,0.9277867125699288,-3.3088139161863093,-62.86493692816612,-0.003146215756857779,19274,2199.94640625,0.3172667842689634,0.012203637737613363,-0.7871264219284058,1.0198840291284397,0.8445035035131668,26.847348984039396,0.002720141413767517
high52_fresh,mkt_ok,trim_ema,7011,584.5167199269573,0.34346027670803025,-0.07996557711099832,-1.0591875314712524,0.8934823200736846,-3.363385213694675,-46.74121683998691,-0.0003417145040298671,6665,760.7472656250001,0.34028507126781693,-0.01620595251145058,-1.0478280782699585,0.9780623678218154,-0.588046512486675,-12.32863405993463,0.00030597817039292583
high52,all,sma50_close,30199,2517.7321958456973,0.18609887744627304,-0.06740088082452443,-1.0952450037002563,0.9286830390197294,-3.407754103407347,-169.69736768026405,-0.0012487871290499703,29116,3323.3184375,0.17155515867564225,-0.07552974501910968,-1.0819246768951416,0.9212397424882689,-3.3096058536590616,-251.009394201681,-0.00034617799836626214
random_uptrend,rs80_mkt,chandelier_3atr,6331,527.8241839762611,0.1652187648080872,-0.15487271404450154,-1.1187831163406372,0.8460791565166133,-3.4796307164024087,-81.74556391072785,-0.002499231460225421,7298,832.99828125,0.16305837215675528,-0.12190539144330104,-1.103082299232483,0.8772816746032972,-2.8494428503802642,-101.54698154737822,-0.0009561685302945771
multi_touch,rs80_mkt,ema21_close,3292,274.458571102488,0.27308626974483596,-0.13499569997172617,-1.0453022122383118,0.8236928230154936,-3.483754834079552,-37.050726919220146,-0.003109380561245184,2716,310.0059375,0.25957290132547867,-0.1351219534554356,-1.0415236949920654,0.8258680437729895,-3.117383692994952,-41.88860785778368,-0.0031476689915334657
vcp,mkt_ok,qull_sma20,1089,90.79142889751198,0.4444444444444444,-0.08379214278569178,-0.020665060728788376,0.7314683356261514,-3.4943608083228512,-7.607608373897307,-0.006542264463399181,694,79.21359375,0.5244956772334294,-0.03719963984919902,0.007873713038861752,0.8596441800344126,-1.3105967863646706,-2.946717158660763,-0.0022634888056288064
flag_30,rs80,qull_sma20,798,66.53035836566994,0.41729323308270677,-0.18089251609676935,-0.8413746058940887,0.6877299612692425,-3.5030742898053138,-12.034843921585782,-0.007119135491981345,1125,128.408203125,0.41955555555555557,0.012806543860907873,-1.0205340385437012,1.021200973908198,0.2182244756835516,1.64446528542068,0.0025011234328509695
stage2,all,qull_sma10,6103,508.8155101574983,0.4045551368179584,-0.07270869173262666,-0.374001145362854,0.8706183814770976,-3.5091995224941592,-36.995310076820715,-0.002399099520366093,4842,552.6689062500001,0.3888888888888889,-0.13041991378066575,-0.4452165514230728,0.777475561923218,-5.841823071458811,-72.07903110237984,-0.0032093539870539805
multi_touch,rs80,qull_sma10,4599,383.424960054782,0.40073929115025003,-0.085191190308088,-0.4604842960834503,0.8533635796929069,-3.5353860593632986,-32.664428740897975,-0.0022457146066109436,3995,455.99179687500003,0.3932415519399249,-0.06220652679793544,-0.611811637878418,0.8974726809236385,-2.2777481207595853,-28.365665931943422,-0.0012725663310854938
random_uptrend,early_stage,qull_sma20,11143,929.0072472038347,0.30350892937270035,-0.08502453290983057,-1.1119931936264038,0.8971710443079972,-3.557929680146248,-78.98840726335355,-0.001271638851978323,13152,1501.1775,0.2896897810218978,-0.09145205788257657,-1.104000210762024,0.8922904573934075,-3.7389693788606753,-137.2857716220216,-0.001019363290504883
base_50,rs80,ema21_close,1452,121.05523853001598,0.29614325068870523,-0.15439678589876268,-0.8955018222332001,0.7649973682407131,-3.6170977760087974,-18.690539745242525,-0.004907186700988822,1643,187.533046875,0.2915398660986001,-0.039641303353224744,-1.0214860439300537,0.9420462880712289,-0.6978943875759073,-7.43405439992639,-0.0022418666489051253
donchian_55,rs80_mkt,donchian_10low,13634,1136.6853458114585,0.30306586474989,-0.05394042838305607,-0.7898212671279907,0.9125251458184862,-3.6341520372167757,-61.31329448981231,-0.002697119677133501,14787,1687.797421875,0.3185906539527964,0.031550389893134856,-0.7661586999893188,1.0515155308865294,1.8780701285829038,53.25066672078407,0.0038704122021720236
flag_30,all,qull_sma20,1161,96.79416799817393,0.4099913867355728,-0.1601603450526282,-0.9227342009544373,0.7231779836332095,-3.6543108038205,-15.502587345669598,-0.00647502925765912,1790,204.31171875,0.3972067039106145,-0.01894372391413511,-1.0248796343803406,0.9697072917234053,-0.3998557547594316,-3.8704247924224218,0.00029478091501360776
random_uptrend,rs80_mkt,donchian_10low,6329,527.657441223465,0.15721282983093696,-0.17282842759450293,-1.120887279510498,0.8307791846835726,-3.7288360422763187,-91.1942058751903,-0.0030405202645650067,7298,832.99828125,0.1549739654699918,-0.12669064795007728,-1.1048721075057983,0.8743970910660334,-2.72757480035309,-105.53309199286322,-0.0006544842151443427
high52,mkt_ok,sma50_close,25715,2143.8949440766946,0.18180050554151272,-0.08089335995704376,-1.0991326570510864,0.9153955404489156,-3.739949185799994,-173.4268654212823,-0.001168625089757908,23098,2636.42015625,0.16849943718070828,-0.03921372550636139,-1.0847537517547607,0.9594987350785114,-1.4489542354493992,-103.38385632662592,0.0005662401476302189
pocket_pivot,rs80_early,qull_sma20,3677,306.55655101574985,0.31601849333695947,-0.1347763161812,-1.068812370300293,0.8203278492720144,-3.7492726249101054,-41.31656264711687,-0.00290727321818131,4829,551.185078125,0.3315386208324705,-0.051529174049265415,-1.0695732831954956,0.9347500076653747,-1.3890417161753998,-28.40211182406108,-0.0001242603883102799
donchian_55,rs80_early,qull_sma20,4686,390.6782698014152,0.4748186086214255,-0.05826933138047526,-0.01669661793857813,0.8510584091931516,-3.764791940854058,-22.764561566209384,-0.004267047465019634,6393,729.7010156250001,0.4917878930079775,0.03149151278662374,-0.004524114076048136,1.0787456322229823,1.9538393442666377,22.979388863967017,0.0031353909030769804
random_uptrend,mkt_ok,sma50_close,20961,1747.54742068021,0.137398024903392,-0.11523743278715312,-1.1473829746246338,0.8919511482893742,-3.767659379526253,-201.3828784329985,-0.0016305234237720314,23056,2631.6262500000003,0.13467210270645386,-0.06438333136742898,-1.1260001063346863,0.9387265986025882,-2.1642388928012655,-169.4328648889745,-1.5149757349387404e-05
pocket_pivot,mkt_ok,chandelier_3atr,36166,3015.2091988130564,0.19736769341370347,-0.07062113527482239,-1.117294430732727,0.9274635010327988,-3.847820447085188,-212.93749671126568,-0.0010351143439634501,33716,3848.3653125,0.1939138687863329,-0.1352434149311709,-1.1075069308280945,0.8633874266983479,-7.330539171551618,-520.4660667651627,-0.0019404153883041458
pocket_pivot,rs80,ema21_close,14358,1197.0462223236705,0.21360913776291962,-0.09729266452274682,-1.0885650515556335,0.8892358243546569,-3.8720955592521795,-116.46381652675828,-0.0019612082078372855,14631,1669.991484375,0.2133141958854487,-0.05750360857640933,-1.08610200881958,0.9365250530968743,-2.0009447483714675,-96.0305366434368,-0.0003956975402646789
donchian_55,all,ema21_close,47948,3997.490755535266,0.3317135229832318,-0.026752077620076756,-0.5166308581829071,0.9496979432495029,-3.898142769500032,-106.94118297761871,-0.002358527317072938,50716,5788.7559375,0.3266227620474801,-0.04038499335982707,-0.5666426420211792,0.9266672195679555,-5.763861330378245,-233.77887009759706,-0.0011346137273628148
vcp,mkt_ok,qull_sma10,1099,91.62514266149282,0.43585077343039125,-0.08143577718048198,-0.02751968614757061,0.7048758208795408,-3.9144617984070793,-7.461564701911202,-0.006188361211341501,694,79.21359375,0.48703170028818443,-0.03701166865533796,-0.0035343142226338387,0.8444451599974958,-1.512829060493555,-2.9318272848735503,-0.0020555219386029886
multi_touch,rs80,qull_sma20,4586,382.34113216160694,0.4027474923680768,-0.10106280465636713,-0.7142398357391357,0.8340819250307843,-3.919030971774097,-38.64046715174273,-0.0028185792682940696,3995,455.99179687500003,0.3944931163954944,-0.08812565153902745,-1.0186550617218018,0.8602049586258733,-3.076220833292499,-40.184574196061234,-0.0019723238813250045
undercut,rs80_mkt,trim_ema,1506,125.55729285551244,0.3054448871181939,-0.1437033786454484,-0.47179095447063446,0.7410875067499535,-3.9298346477026485,-18.04300719691316,-0.003494327250434771,2175,248.255859375,0.35126436781609194,-0.003323499880100188,-0.37827903032302856,0.9938101751219973,-0.08903996350444628,-0.8250783188669818,0.0011802237889965365
high52,rs80_early,ema21_close,3200,266.78840447386443,0.22875,-0.1755394015740603,-1.0634936690330505,0.7870247163486447,-3.9417773359264463,-46.83187686824051,-0.005276700811455157,4731,539.999296875,0.23758190657366307,0.00030847535796598927,-1.0561234951019287,1.0003715326317377,0.006515229851008391,0.16657647640489814,0.0023861375717242664
multi_touch,all,qull_sma20,12733,1061.567735676786,0.3981779627738946,-0.07144921355383466,-0.7396466135978699,0.8857006610358334,-4.038749748949944,-75.84817984823138,-0.0021418934919137903,10634,1213.7714062500002,0.38254654880571753,-0.11035355428384445,-1.027161717414856,0.8305626530953898,-6.057539137445751,-133.9439887677876,-0.0028740070206043646
undercut,rs80_mkt,ema21_close,1526,127.2247203834741,0.3735255570117955,-0.11761473853339113,-0.17658230662345886,0.6930219563348005,-4.046231057804425,-14.963502222886103,-0.0028976393010502802,2175,248.255859375,0.39770114942528734,-0.019328943474968257,-0.14199981093406677,0.9506405033814558,-0.5933379163370733,-4.798523473189044,0.00038815639114263517
high52,early_stage,ema21_close,8186,682.4780871947044,0.23760078182262398,-0.11923667769611174,-1.078594148159027,0.8579653613670691,-4.051984021738897,-81.37641971749382,-0.0030894775962288894,9514,1085.93390625,0.22997687618246795,-0.08818416195452898,-1.0672070980072021,0.8965432005900084,-2.89917564927923,-95.76217146066429,-0.00041810399637135
pocket_pivot,mkt_ok,donchian_10low,36134,3012.5413147683175,0.1895444733492002,-0.07777677477651844,-1.1205271482467651,0.9216051202909059,-4.097089633993143,-234.3057473436922,-0.0011748890586092563,33716,3848.3653125,0.18445248546684068,-0.12988670667891333,-1.11085045337677,0.8711040392315303,-6.55133067112598,-499.85149653799215,-0.001821186913883219
high52_fresh,all,qull_sma20,8251,687.8972266605798,0.3954672160950188,-0.08161709214269272,-0.9272574186325073,0.8685621759002993,-4.1025942430731845,-56.144171333059326,-0.0016038393340467565,8413,960.2650781250001,0.39260668013788186,-0.06327755738250006,-1.021343469619751,0.8972437854948886,-3.023131283876794,-60.76322858346559,-0.0012018012276757443
pocket_pivot,rs80_early,fixed_3r_20d,3688,307.47363615612875,0.27765726681127983,-0.125156755092475,-1.0826526284217834,0.8531807411928601,-4.117181304330747,-38.48240257778537,-0.002893493793992661,4829,551.185078125,0.30068337129840544,-0.03370381170207992,-1.0787322521209717,0.9614701649110792,-1.111601519701529,-18.577038086121213,0.0002368711030087477
donchian_20,rs80_mkt,ema21_close,15334,1278.416685688199,0.322942480761706,-0.04907839810451109,-0.5285833775997162,0.9075707912274168,-4.127339166683634,-62.74264304365506,-0.002363781730030409,16968,1936.738125,0.3226072607260726,0.0011854009121049273,-0.5617750883102417,1.002173794668086,0.09243023835860491,2.2958111398833867,0.001606800033681949
pocket_pivot,early_stage,trim_ema,17343,1445.909780871947,0.3325837513694286,-0.07732037525588165,-1.0870394706726074,0.9052331611934549,-4.161831053178779,-111.79828684316855,-0.0012357200476393803,18386,2098.58953125,0.3328619601870989,-0.08741994952425394,-1.0826127529144287,0.8936251309697332,-4.640703998675045,-183.45859089400275,-0.0007911333252291483
pocket_pivot,rs80_early,trim_ema,3664,305.47272312257473,0.3125,-0.14809725730599607,-1.0737172961235046,0.8145939770629721,-4.1680253754029515,-45.23967247624725,-0.002979803344686243,4829,551.185078125,0.35121143093808244,-0.022416272864324654,-1.0693860054016113,0.9720298671359635,-0.5674829615069301,-12.355515109994103,0.0009578876215885845
donchian_20,rs80,ema21_close,19705,1642.832971924218,0.32616087287490486,-0.043295706622914,-0.5152108073234558,0.9173799873861563,-4.171154950484904,-71.12761438288086,-0.002778546126204804,22612,2580.9478125,0.3234123474261454,-0.004006814900522267,-0.5630374252796173,0.9926489789420078,-0.3626433374781429,-10.341380152595352,0.0014053379390933155
high52,rs80,sma50_close,14932,1244.9013923761697,0.17800696490758103,-0.11463671761031935,-1.079864263534546,0.8765966474190934,-4.1915775787603335,-142.71140937052036,-0.0024777766028122026,16924,1931.7159375,0.17619948002836208,-0.012017159903063976,-1.07003653049469,0.9872506425289765,-0.3712969586076025,-23.213739308234636,0.0015469242410984137
random_uptrend,rs80,fixed_3r_20d,10144,845.7192421821502,0.28391167192429023,-0.08008113901274262,-1.103244423866272,0.9080614171184842,-4.201320059607616,-67.72616019894012,-0.0013546785143526195,11586,1322.4332812500002,0.2777490074227516,-0.07566994201350458,-1.0910916924476624,0.9130219247736717,-4.227404612422756,-100.06844970891609,-0.0006999976461934142
high52,rs80_mkt,sma50_close,12041,1003.8747432093129,0.17182958226060957,-0.13070825378370163,-1.0832369327545166,0.8613661945794588,-4.218097064473303,-131.21471470245118,-0.0021509957508865788,13101,1495.3563281250001,0.17441416685749178,0.044752000347865334,-1.0723402500152588,1.0470996425134305,1.1336701008441352,66.92018691643264,0.002996631100716812
pocket_pivot,rs80_early,qull_sma10,3687,307.39026477973067,0.32085706536479525,-0.14000499315840892,-1.0650789737701416,0.8098955850243371,-4.26219562599817,-43.0361719174477,-0.002978119053807666,4829,551.185078125,0.3338165251604887,-0.04953738393059863,-1.0670000314712524,0.9361714169556496,-1.4560852380963047,-27.304266831895127,-0.0002292033134323285
high52_fresh,early_stage,qull_sma20,2951,246.02893175074183,0.3774991528295493,-0.13391560187157128,-1.0300084352493286,0.7876256394868414,-4.273026382992864,-32.94711247322033,-0.0031193594937889077,3665,418.325390625,0.3893587994542974,-0.07336983215174066,-1.0212881565093994,0.881066000782053,-2.341012295096097,-30.6924636949676,-0.00014360903952627605
ema_retest,rs80_early,qull_sma10,1134,94.5431408354257,0.4021164021164021,-0.14517595054287336,-0.2495112121105194,0.6999119304128141,-4.275719235790919,-13.725390338091671,-0.006211226252763823,1546,176.46140625,0.46248382923674,0.0652966706334502,-0.05331774987280369,1.1473907596497945,1.789845040176494,11.5223423234217,0.003071836635313118
pocket_pivot,rs80,fixed_3r_20d,14422,1202.3819904131476,0.2955900707252808,-0.06817585230590456,-1.0867999792099,0.9197123294169471,-4.291811196094448,-81.97341699368631,-0.0012764510397150605,14631,1669.991484375,0.2977923586904518,-0.03373438468593411,-1.083022952079773,0.9611681268437876,-1.989077473827687,-56.336135156140365,0.00029358293704686574
donchian_55,early_stage,qull_sma20,19916,1660.4243323442136,0.4731371761397871,-0.034168512730722626,-0.017967981286346912,0.9140172992762331,-4.3215013914942775,-56.73422993810488,-0.002509562346679077,23752,2711.0681250000002,0.4778965981812058,-0.021939458966291795,-0.014925006311386824,0.9469227582011678,-2.8070792880792568,-59.47936788325914,-0.0004404643077831502
stage2,mkt_ok,qull_sma10,4621,385.25913033553985,0.3977494048907163,-0.10410838029707112,-0.374001145362854,0.816900778869072,-4.495284673788391,-40.108704053891266,-0.00229623572462335,3383,386.13773437500004,0.3845699083653562,-0.1386717245583172,-0.43162745237350464,0.763557998989745,-5.23279759494721,-53.546385542822655,-0.0031937232247851283
high52,rs80_early,trim_ema,3186,265.62120520429124,0.3157564344005022,-0.16108342041324708,-1.0559192299842834,0.7917327320732984,-4.565589544407874,-42.78717226859622,-0.0035780855878054974,4731,539.999296875,0.32508983301627564,-0.011897436893540957,-1.0483365058898926,0.9844207521037605,-0.310374938182728,-6.4246075571268015,0.0023690281640964387
undercut,mkt_ok,sma50_close,8826,735.8357680894773,0.28789938817131205,-0.10824425183065153,-0.39160096645355225,0.803776671310934,-4.608539185533378,-79.64999218707828,-0.001686820208522622,10996,1255.0903125,0.31429610767551835,-0.027606230096922157,-0.36352407932281494,0.9486360091469707,-0.8378622133097747,-34.64831195929293,0.00025588165122898346
ema_retest,early_stage,qull_sma10,5921,493.64191965304724,0.4066880594494173,-0.07834251891205227,-0.23925796151161194,0.8416950359162285,-4.684255551268788,-38.67315142620064,-0.0029350435663542942,6804,776.6128125,0.4363609641387419,-0.006150627586717257,-0.17727451026439667,0.9871680261839688,-0.36311057562274973,-4.776656188760577,0.00013799037603445395
high52,rs80_early,fixed_3r_20d,3219,268.372460625428,0.2948120534327431,-0.14152814174428555,-1.0612478256225586,0.8211146859886317,-4.729956056473086,-37.98225564765826,-0.0031215161335237285,4731,539.999296875,0.2982456140350877,-0.12208121866383458,-1.0539681911468506,0.8466350781612723,-4.83975109428735,-65.92377224011379,-0.0020326210572558516
undercut,mkt_ok,fixed_3r_20d,8834,736.502739100662,0.3153724247226624,-0.08794169280094138,-1.0672757625579834,0.8883472864222274,-4.730411161763557,-64.7692976290423,-0.0009981259134948096,10996,1255.0903125,0.3064750818479447,-0.05917065893345402,-1.0658640265464783,0.926059609935661,-3.474799177437618,-74.26452081161973,0.00012781694203691795
random_uptrend,early_stage,fixed_3r_20d,11169,931.1749029901849,0.28865610171009043,-0.08627734596071647,-1.1203373670578003,0.9026293790584166,-4.738267146874109,-80.33929925522078,-0.0009852051355960863,13152,1501.1775,0.2752433090024331,-0.11771283922468845,-1.1105218529701233,0.8688762046217692,-6.946438023213115,-176.70786570521975,-0.001711431999752735
ema_retest,rs80,qull_sma20,3923,327.06590960967816,0.4223808309966862,-0.1104831246410145,-0.20907901227474213,0.7911267926793828,-4.805821719232581,-36.135263657232855,-0.004755744971357669,4466,509.75203125,0.45947156291983876,-0.008604137871961152,-0.06457793712615967,0.9828485188355074,-0.36104240098529805,-4.38597675738725,0.00045229965212689516
donchian_20,rs80_early,qull_sma10,5542,462.0441679981739,0.45380728978708046,-0.06169597216534236,-0.03567004203796387,0.8230713260562311,-4.9321281706341535,-28.506264127974106,-0.0045079523340492735,7612,868.8384375,0.4665002627430373,0.00631490001381601,-0.024202127940952778,1.017427834401751,0.5194982568177059,5.48662786097263,0.0011824046883790558
high52_fresh,mkt_ok,qull_sma20,7092,591.269801415202,0.390721940214326,-0.10470451306615833,-0.9880724847316742,0.8328323674753361,-4.948077295419089,-61.90861664790285,-0.0016774818907986312,6665,760.7472656250001,0.3876969242310578,-0.059481958576272,-1.022886037826538,0.9044991004153331,-2.4495744820922822,-45.25073734091844,-0.0012148110524832958
ema_retest,rs80_mkt,qull_sma20,3034,252.9487559917827,0.40936058009228743,-0.12971412982201308,-0.3203669786453247,0.7585175099353855,-4.978089657199301,-32.81102777303481,-0.005199133235298881,3254,371.41359375,0.46281499692685923,0.022641548170152983,-0.06181855499744415,1.045508223653253,0.7780179758590916,8.409378773940256,0.002213019370850875
multi_touch,all,qull_sma10,12774,1064.9859621091075,0.39556912478471895,-0.07998984469693818,-0.4775202125310898,0.8660374104436016,-4.985380609583037,-85.1880617135268,-0.0021168470830761317,10634,1213.7714062500002,0.38132405491818694,-0.09343379706173653,-0.6722094118595123,0.8510474770821815,-5.517023251755943,-113.40727125090106,-0.0023815224079312487
random_uptrend,rs80,qull_sma20,10129,844.4686715361789,0.30684174153420873,-0.1215384093783692,-1.0946048498153687,0.8498315423451097,-5.108255196099461,-102.63537910837171,-0.0021651823875231875,11586,1322.4332812500002,0.2985499741066805,-0.06908455538930018,-1.0849519968032837,0.9154277175468671,-2.813421675178249,-91.3597152671696,-0.0004882839512930907
undercut,rs80,ema21_close,5250,437.6997260899338,0.3973333333333333,-0.08471838142979513,-0.16591735929250717,0.7946349772470903,-5.1249944507313,-37.08121234660386,-0.002667132274547276,6453,736.549453125,0.4103517743685108,-0.02508967396687024,-0.14787329733371735,0.9390764167871213,-1.291178349554519,-18.479785639382825,-0.00043973050742961487
pocket_pivot,rs80_mkt,ema21_close,9526,794.1957315681351,0.19798446357337812,-0.1571087756695117,-1.1000345945358276,0.8278317820188194,-5.141585244002648,-124.77511902862187,-0.0026603057192847407,9447,1078.286484375,0.2099079072721499,-0.07699220075666581,-1.0925213098526,0.9173844037233988,-2.167985567294769,-83.0196494781994,-0.0007764008983240484
multi_touch,mkt_ok,qull_sma20,9930,827.8777676329605,0.3907351460221551,-0.10395548573346801,-0.7751278281211853,0.8361943474300404,-5.1911632409672475,-86.06243546222356,-0.002402192963933243,7751,884.703984375,0.3781447555154174,-0.11815138520113895,-1.0281742811203003,0.8197585890084681,-5.495260802540778,-104.52900124687305,-0.0032893676505902554
pocket_pivot,all,ema21_close,49543,4130.468100890208,0.22097975496033748,-0.07266994133405404,-1.0975333452224731,0.9179699043597183,-5.232467791796059,-300.16087457387295,-0.0014060534480902374,48059,5485.484296875,0.20963815310347697,-0.11407451942857294,-1.0936071872711182,0.874445224595757,-7.868356675914899,-625.7539849989989,-0.001581507719115994
pocket_pivot,rs80,qull_sma20,14393,1199.9642204976033,0.32508858472868757,-0.1017031323240536,-1.0737435817718506,0.8657995009410008,-5.265990762384792,-122.04011990139759,-0.002059475767115418,14631,1669.991484375,0.3257467022076413,-0.06360056300749849,-1.0733860731124878,0.9196066293616634,-2.882068324001842,-106.21239862397812,-0.0004461096763630182
multi_touch,rs80_mkt,qull_sma20,3305,275.54239899566306,0.39334341906202724,-0.1532411974916013,-0.7496925592422485,0.7534540204693386,-5.275021088148141,-42.22444718180401,-0.003336145563782611,2716,310.0059375,0.3910162002945508,-0.0996686334680652,-1.0180991888046265,0.8427351709493139,-2.8820501234261666,-30.89786815761143,-0.002476305777611254
multi_touch,rs80_mkt,qull_sma10,3317,276.5428555124401,0.3910159782936388,-0.1413181323205828,-0.47173506021499634,0.7602530589742129,-5.286309361378111,-39.08051984761882,-0.0029345985205908574,2716,310.0059375,0.3906480117820324,-0.057701082974323144,-0.6262049674987793,0.9053195046020942,-1.7070980722298532,-17.887678322220335,-0.0016136900041665413
ema_retest,all,qull_sma20,14636,1220.2234649623374,0.42094834654277125,-0.06624547505157483,-0.1590825915336609,0.8757499340725579,-5.29209214525233,-80.8342831055087,-0.002732293444539584,15673,1788.926015625,0.4376953997320232,-0.04940771665680543,-0.15686824917793274,0.9068120292796117,-4.062119607151962,-88.38674969998789,-0.001394716495878706
undercut,mkt_ok,qull_sma20,8856,738.3369093814198,0.3642728093947606,-0.10779805329152085,-0.6875415146350861,0.8318959805099879,-5.302028950888314,-79.59128150459509,-0.001932737124179939,10996,1255.0903125,0.37049836304110584,-0.06479101310689109,-1.0298132300376892,0.9016279385735494,-3.460461254213346,-81.31857288751954,-0.0005778534279439843
donchian_55,mkt_ok,ema21_close,40707,3393.7986190367496,0.32714275186085934,-0.039780872266002465,-0.5281017422676086,0.9259259568725865,-5.370383321525121,-135.0082693604365,-0.002487374768074578,40600,4634.109375,0.3253694581280788,-0.0334365527752452,-0.5652226507663727,0.9392408108934494,-4.200739028260347,-154.94864268344605,-0.0008970301749225939
high52,all,chandelier_3atr,30377,2532.572300844556,0.22270138591697666,-0.09029532929079,-1.0830150842666626,0.8962502981479978,-5.388968823540333,-228.67944985749287,-0.0019344670963780085,29116,3323.3184375,0.21187663140541282,-0.1352520382132977,-1.070946216583252,0.8459347497119792,-8.191643475769244,-449.4855923037068,-0.002293534690490837
donchian_55,rs80_early,qull_sma10,4698,391.6787263181922,0.4508301404853129,-0.07103287001838192,-0.03804231248795986,0.7959971997677405,-5.473223297832164,-27.822064055525534,-0.004791698968188397,6393,729.7010156250001,0.46378851869231974,-0.0013507855020968844,-0.025605369359254837,0.9962928070561269,-0.09826775288645401,-0.9856695527716222,0.0007095542319386367
random_uptrend,early_stage,qull_sma10,11162,930.5913033553983,0.3085468554022577,-0.11507952607877879,-1.1098330616950989,0.8590631912346752,-5.473550414100152,-107.09200616317231,-0.0016041229037398689,13152,1501.1775,0.29204683698296835,-0.10978668986899166,-1.1015160083770752,0.8686797359746402,-5.247414299049551,-164.80930863080826,-0.0016893324823010866
donchian_20,rs80,qull_sma20,19785,1649.502682036065,0.4767753348496336,-0.04396155212834364,-0.016377147287130356,0.8902139550764655,-5.537462655999624,-72.51469814217111,-0.002778079471736397,22612,2580.9478125,0.4780205200778348,-0.023576123852370734,-0.016581804491579533,0.9436092002043586,-2.877027728483665,-60.84874528400532,-0.00031094315039076456
pocket_pivot,early_stage,qull_sma20,17457,1455.4141177813285,0.32886521166294325,-0.09996088828303025,-1.0829334259033203,0.8710705953539714,-5.568045382500628,-145.4844880330844,-0.001762012873011414,18386,2098.58953125,0.3169259218970956,-0.10373595386027894,-1.0833376049995422,0.8716142624255138,-5.61188141541327,-217.6991867854144,-0.0013075105682618599
pocket_pivot,rs80,trim_ema,14298,1192.0439397397854,0.3296964610435026,-0.10842433746293545,-1.077232837677002,0.8639874835197174,-5.587658290479303,-129.24657439299358,-0.0019005653286259911,14631,1669.991484375,0.34392727769803844,-0.05745559526965504,-1.0725642442703247,0.9284121138392837,-2.5789945386620032,-95.95035483002046,0.00011941891197854342
random_uptrend,rs80,ema21_close,10119,843.6349577721982,0.20199624468821029,-0.16689968614764397,-1.1054234504699707,0.8166094747551002,-5.595729212707207,-140.80240967536076,-0.0030159239990577703,11586,1322.4332812500002,0.20214051441394787,-0.09741922769841095,-1.092390239238739,0.8922901917386709,-3.1752518860599652,-128.83042894205047,-0.0004102587930592189
pocket_pivot,early_stage,fixed_3r_20d,17517,1460.4164003652133,0.30199235028829136,-0.0818989993859157,-1.0983636379241943,0.9052904690295415,-5.606536583352535,-119.60664187669182,-0.0011353934507907892,18386,2098.58953125,0.28657674317415427,-0.1039786822173312,-1.0944438576698303,0.8834166136375771,-7.036694139020806,-218.20857397446179,-0.0012332507517135432
random_uptrend,rs80,trim_ema,10091,841.3005592330518,0.34228520463779605,-0.12797221735019174,-1.0881340503692627,0.8382104360100413,-5.653141637147895,-107.66309802300998,-0.002132718276854787,11586,1322.4332812500002,0.3385983083031245,-0.0816410481124337,-1.0786649584770203,0.896416305296997,-3.4993589482157192,-107.96483914001482,-0.00048435494995485734
high52,mkt_ok,chandelier_3atr,25867,2156.567393289203,0.2177291529748328,-0.10517795210163179,-1.087166666984558,0.8808387671181336,-5.7117063045041405,-226.82334199531277,-0.00195328314308577,23098,2636.42015625,0.2097151268508096,-0.1212432986985391,-1.0736473202705383,0.8630666112409819,-6.415492887374166,-319.6482764990679,-0.0020089925509599515
random_uptrend,rs80,qull_sma10,10143,845.6358708057521,0.31184067830030565,-0.12162874688089849,-1.0924774408340454,0.847474080440628,-5.717858226695112,-102.85363128364101,-0.0020594893007228367,11586,1322.4332812500002,0.30113930605903677,-0.07587812568538892,-1.0829914808273315,0.9057993606786726,-3.362189249272685,-100.34375872522878,-0.0009315834596796739
pocket_pivot,rs80,qull_sma10,14429,1202.9655900479343,0.3300991059671495,-0.10148250715506739,-1.0687568187713623,0.8633587705746567,-5.723092444959791,-122.07996409933936,-0.0019244922528623759,14631,1669.991484375,0.3287540154466544,-0.06334882512491771,-1.0698965787887573,0.9184239443869687,-3.259371745593109,-105.79199850377363,-0.00039896471097412655
pocket_pivot,rs80_mkt,fixed_3r_20d,9579,798.6144145172335,0.28197097818143857,-0.11246687068519055,-1.0954848527908325,0.8709742412625007,-5.752406186888773,-89.81766408483887,-0.0018201132883678907,9447,1078.286484375,0.2954377050915635,-0.03086523552155591,-1.0873103141784668,0.9649051694769327,-1.4191673255114527,-33.28156629994489,5.911542401646488e-05
random_uptrend,mkt_ok,donchian_10low,21009,1751.549246747318,0.15802751201865867,-0.15398132749864668,-1.1452316045761108,0.8526688583631231,-5.806625597025266,-269.7058781934067,-0.0024059803316770862,23056,2631.6262500000003,0.15818008327550312,-0.10845210050634588,-1.1232133507728577,0.8940314198430614,-4.1819388900695325,-285.4053945601381,-0.001038979775835915
high52_fresh,all,qull_sma10,8274,689.8147683177357,0.3943678994440416,-0.1013970715663378,-0.5192826688289642,0.8294005956600116,-5.830713438956697,-69.94519743063017,-0.0019037943565349085,8413,960.2650781250001,0.3935575894449067,-0.0648197784419732,-0.6073722839355469,0.8914440204707695,-3.513344515998462,-62.24416960962658,-0.0012930339216277787
random_uptrend,mkt_ok,chandelier_3atr,21021,1752.549703264095,0.16526330812045098,-0.1455677263781209,-1.1432000398635864,0.8590946991196015,-5.837490093703315,-255.11467566880478,-0.0021404473799012057,23056,2631.6262500000003,0.16342817487855657,-0.11159613461413717,-1.121581792831421,0.8898075844559797,-4.564246455654832,-293.67931724909704,-0.0011968432409304756
random_uptrend,rs80_mkt,ema21_close,6343,528.8246404930381,0.18429765095380735,-0.2211268130334557,-1.1114399433135986,0.7665886785896183,-5.844110378566526,-116.93730740578846,-0.0037136153866522055,7298,832.99828125,0.18511921074266924,-0.13534619677239515,-1.0961323380470276,0.8549408025392914,-3.472015645245223,-112.74314928512946,-0.0013452433260697026
donchian_20,rs80_mkt,qull_sma20,15406,1284.419424788861,0.47020641308581074,-0.05337936421765408,-0.021069230511784554,0.8679902751732158,-5.89669321130871,-68.56149228403436,-0.0026269807031674705,16968,1936.738125,0.4796676096181047,-0.01746352683463283,-0.01567900273948908,0.9578707794694074,-1.8231863730560964,-33.822278217593976,-6.459922547861062e-05
high52,early_stage,fixed_3r_20d,8240,686.9801415202008,0.30521844660194175,-0.11451443270110476,-1.076251745223999,0.8570535074757998,-5.911698544995382,-78.66914118311047,-0.0020306454656078645,9514,1085.93390625,0.29304183308808074,-0.15198141667160156,-1.0649744868278503,0.8133629462898907,-8.58325659356392,-165.04177348360116,-0.0025496041291946073
ema_retest,rs80,qull_sma10,3928,327.48276649166854,0.410132382892057,-0.11581248402177345,-0.26323527097702026,0.7616312648036462,-5.91845305534837,-37.92659266172253,-0.004725951062981058,4466,509.75203125,0.44894760412001794,-0.011146956753614505,-0.1148742139339447,0.9760553315066922,-0.5459683743940797,-5.6821838474109,-0.00016886325521447255
high52_fresh,early_stage,qull_sma10,2959,246.6959027619265,0.3727610679283542,-0.16392551106239484,-0.6182790398597717,0.7296912607686673,-5.948094776254104,-40.439751937247664,-0.0036747310837382504,3665,418.325390625,0.3893587994542974,-0.08618003290106284,-0.5830388069152832,0.8556283975971392,-3.0711788790269146,-36.05129592741247,-0.0007669077494876896
undercut,mkt_ok,qull_sma10,8860,738.6703948870121,0.35665914221218964,-0.11438587291146017,-0.7049678266048431,0.8227269791394799,-5.9734549772127625,-84.49345791300387,-0.001910538101473276,10996,1255.0903125,0.3622226264096035,-0.07936758229980713,-1.0317652225494385,0.8802603640043811,-4.392699775807086,-99.6134836710344,-0.0011045121508527931
ema_retest,rs80_mkt,qull_sma10,3039,253.3656128737731,0.39486673247778875,-0.13291886500517552,-0.30444052815437317,0.7294235042599732,-6.005372527023989,-33.67706969452261,-0.005155611983384418,3254,371.41359375,0.45543945912722805,0.020008341621252607,-0.08179706707596779,1.0434648744491506,0.8082343294230447,7.4313700665271325,0.0015214102288860542
undercut,all,trim_ema,23275,1940.4687856653732,0.3436305048335124,-0.06369609129953215,-0.34597787261009216,0.8789508188668376,-6.022700095186394,-123.60027693563387,-0.0014009481749240743,26315,3003.610546875,0.355576667300019,-0.074080778648043,-0.31259652972221375,0.8556430239216387,-7.857398342230864,-222.50980806797423,-0.0012777325509394583
high52,early_stage,trim_ema,8144,678.9764893859849,0.32281434184675833,-0.13576965193982604,-1.0708245635032654,0.826832693532318,-6.066974752885064,-92.18440163926017,-0.002292534181252228,9514,1085.93390625,0.3205801976035316,-0.09747406037800195,-1.0581293106079102,0.87551314288962,-4.050523513553627,-105.85038714433202,-0.00036096548832890475
donchian_20,all,qull_sma20,70295,5860.5909039032185,0.47471370652251227,-0.02597765231689427,-0.017242636531591415,0.9350676677499755,-6.07083199793331,-152.24439287315093,-0.0018318910556122377,78107,8915.181796875,0.4848221030125341,-0.01734146419790176,-0.011480915360152721,0.9572341440471552,-4.096239200510641,-154.6023059482933,-0.00030415649372125727
high52,rs80_early,qull_sma20,3217,268.2057178726318,0.346596207646876,-0.19501050812095586,-1.0421239137649536,0.7096513908448114,-6.077556968432228,-52.30293332328766,-0.00514006676211937,4731,539.999296875,0.3673641936165715,-0.06422989207824825,-1.036903977394104,0.9039560491365654,-1.8261299346956195,-34.68409656061119,-0.000419021599014013
multi_touch,mkt_ok,qull_sma10,9967,830.9625085596896,0.3880806661984549,-0.11360728348581825,-0.4877885580062866,0.8121373348434966,-6.269942027130513,-94.40339327602733,-0.0024032589950522486,7751,884.703984375,0.3774996774609728,-0.09533926980923758,-0.6857157349586487,0.8486964770739506,-4.746797934170496,-84.34703186763565,-0.0027690759629829436
ema_retest,mkt_ok,qull_sma20,12343,1029.0528988815338,0.4112452402171271,-0.08664022638366393,-0.2246311753988266,0.84041515207905,-6.390164377257857,-89.15737611986172,-0.0031565582167126303,12391,1414.316484375,0.4360422887579695,-0.04262373659106113,-0.15334369242191315,0.9196068471336315,-3.094366597607706,-60.283453286395634,-0.0009314658646002071
high52_fresh,mkt_ok,qull_sma10,7115,593.1873430723579,0.39072382290934643,-0.11974447158561582,-0.541926920413971,0.8002541454091054,-6.445650524780381,-71.03090494747491,-0.0019480992481373377,6665,760.7472656250001,0.38979744936234056,-0.06343170144117566,-0.6168955564498901,0.8948065979160084,-2.9959374892396866,-48.255493425315755,-0.0013137739010908942
donchian_55,rs80,ema21_close,17148,1429.6523624743209,0.32038721716818286,-0.07123032686674771,-0.5418839752674103,0.868188822778626,-6.485128542119051,-101.83460508486395,-0.004322347378103863,19274,2199.94640625,0.3271765072117879,-0.005924733203990839,-0.5774003863334656,0.9892920843595928,-0.48789634392448694,-13.034095520109695,0.001319309270291265
high52,rs80,chandelier_3atr,14996,1250.237160465647,0.21619098426247,-0.145874485184791,-1.0702275037765503,0.8293138850173198,-6.52744825051192,-182.3777021418212,-0.003122842799596829,16924,1931.7159375,0.21590640510517609,-0.09770314509146828,-1.0609342455863953,0.8865621138170369,-4.417624810674096,-188.7347225170642,-0.0013222272959439332
donchian_55,rs80_mkt,ema21_close,13670,1139.6867153617895,0.3141185076810534,-0.081866403677041,-0.5597269237041473,0.8505480097890484,-6.6291967872967,-93.30205270516919,-0.004089228430761122,14787,1687.797421875,0.32738216000541015,0.011096690517451801,-0.5694497227668762,1.0201241857649437,0.779515579049643,18.72896564669991,0.0022042069376901454
high52,all,donchian_10low,30361,2531.238358822187,0.21356345311419256,-0.11434224005704348,-1.0873390436172485,0.8712285240228039,-6.747223619615365,-289.4274640660432,-0.00237357314053154,29116,3323.3184375,0.20590053578788295,-0.1317341967873699,-1.0748135447502136,0.852533946951747,-7.385033822889886,-437.79468503271966,-0.00206528363528417
random_uptrend,rs80_mkt,fixed_3r_20d,6365,530.658810773796,0.2661429693637078,-0.1606012572246865,-1.1070772409439087,0.8208113683567142,-6.7702932062933545,-85.22447216762863,-0.002549822277638027,7298,832.99828125,0.26856673061112635,-0.10630617989571732,-1.0916684865951538,0.8787377149320591,-4.755564948899331,-88.55286513938583,-0.0016622887663025113
high52,rs80_mkt,donchian_10low,12096,1008.4601689112075,0.19791666666666666,-0.1769811702983484,-1.0776669383049011,0.8008965852628155,-6.7820177148958685,-178.4784608931756,-0.0032053126867409264,13101,1495.3563281250001,0.20578581787649797,-0.046882808695577635,-1.0666251182556152,0.9471262574660176,-1.5988053745007815,-70.1065046632058,0.00020139881976284133
high52,rs80,donchian_10low,14998,1250.4039032184432,0.20489398586478197,-0.15664511696070071,-1.0744139552116394,0.8208937345811158,-6.7824918908064635,-195.86966566776974,-0.0034969000877089888,16924,1931.7159375,0.20733869061687543,-0.08360472182359474,-1.064610242843628,0.9049785177158586,-3.3877384531259764,-161.50057359689202,-0.0007675988392570088
high52,rs80_mkt,chandelier_3atr,12093,1008.2100547820132,0.2078888613247333,-0.17159747252777693,-1.0750000476837158,0.80303861801022,-6.815328270633861,-173.00629717768498,-0.0031241683383260565,13101,1495.3563281250001,0.21372414319517594,-0.07206667520712538,-1.0632328987121582,0.9170831130510005,-2.779391536221717,-107.76535881790399,-0.0007830180763496294
random_uptrend,rs80_mkt,trim_ema,6322,527.0738415886784,0.3212590952230307,-0.19883909852569745,-1.0960840582847595,0.7579938964011652,-6.901116430990569,-104.80288751796908,-0.003064233135429282,7298,832.99828125,0.33379007947382844,-0.11007166550625917,-1.0798346996307373,0.8610188533007613,-3.781290530901212,-91.6895081810388,-0.0009405198819903036
high52,rs80_early,qull_sma10,3224,268.7893175074184,0.34522332506203474,-0.20447884511831177,-1.0339356660842896,0.6866663813538995,-7.1154949602161235,-54.961729224056135,-0.0051246223887470915,4731,539.999296875,0.36567321919255974,-0.08042859499042117,-1.0267876386642456,0.8762112004369759,-2.479751173723261,-43.43138474347158,-0.001155313226552327
high52,mkt_ok,donchian_10low,25854,2155.483565396028,0.20890384466620252,-0.13184030370973113,-1.0912713408470154,0.8533685274342626,-7.1412176537750796,-284.17960790314646,-0.0023406894163342422,23098,2636.42015625,0.2039137587669928,-0.10948561257852893,-1.0775799751281738,0.8784555220132862,-5.298756454626751,-288.6500758214122,-0.0014793997742080119
pocket_pivot,rs80_mkt,qull_sma20,9555,796.6135014836796,0.30706436420722133,-0.16477153483354062,-1.08339262008667,0.7897289807524746,-7.148551259653551,-131.25922930858687,-0.002813963604753784,9447,1078.286484375,0.31798454535831483,-0.08072822470150795,-1.0783897638320923,0.8999550119207755,-2.904257579793508,-87.04815360322405,-0.0009323616088113619
random_uptrend,rs80_mkt,qull_sma20,6351,529.4916115042228,0.288458510470792,-0.21074410944979405,-1.0996710062026978,0.7458207611445415,-7.17855412545955,-111.58723812759375,-0.0034930377253569447,7298,832.99828125,0.29651959440942727,-0.09939660710720623,-1.0850825905799866,0.8780312769527843,-3.2866484100920683,-82.79720288238433,-0.0009959097786346718
donchian_20,mkt_ok,qull_sma20,58369,4866.303868979685,0.471328958865151,-0.033929705460553586,-0.019449375569820404,0.9154419880134614,-7.253344645931294,-165.11225695603304,-0.0017425043414196792,61621,7033.459453125,0.4836338261307022,-0.02048466923473877,-0.01241634227335453,0.9492398535567731,-4.316479656644273,-144.07809047321228,-0.0006244049299844405
pocket_pivot,rs80_mkt,trim_ema,9480,790.3606482538233,0.3162447257383966,-0.17461174080449937,-1.0858025550842285,0.7875257819633029,-7.528888588186896,-138.0062486549727,-0.002856782138824316,9447,1078.286484375,0.34158992272679156,-0.06342410745390847,-1.077925443649292,0.9223367782369675,-2.1919797175933433,-68.3893578510972,-0.0003141838838297596
donchian_20,early_stage,qull_sma10,37021,3086.491725633417,0.4575241079387375,-0.0368305977255304,-0.0323781743645668,0.8963728049536236,-7.563185207187467,-113.67733512998252,-0.002388060851227876,47166,5383.55671875,0.47178051986600517,-0.008292884930902189,-0.022560659795999527,0.9768694430306519,-1.787025463907067,-44.645216387579104,-5.288531454166403e-05
donchian_55,rs80,qull_sma20,17224,1435.9885870805751,0.4699256850905713,-0.06411616317826359,-0.02119056787341833,0.842308944082662,-7.687305660876123,-92.07007857138233,-0.0038332023587468135,19274,2199.94640625,0.4800249040157725,-0.01740280032976337,-0.014877078589051962,0.9580454092335079,-1.9126304852113392,-38.285228044149235,4.640464952380971e-06
high52,rs80,fixed_3r_20d,15102,1259.074526363844,0.3001589193484307,-0.10871860048141349,-1.0669677257537842,0.8635098675185526,-7.7520180627892,-136.88482040807565,-0.0019233447065734501,16924,1931.7159375,0.2940794138501536,-0.09872486725579102,-1.058453619480133,0.8776813508626359,-7.226188982743118,-190.7083995055834,-0.0017928495290244668
ema_retest,all,qull_sma10,14681,1223.975176900251,0.4086915060281997,-0.08517455943432106,-0.24585522711277008,0.8280217129239749,-8.000403882740201,-104.25154645102407,-0.0031645037881905106,15673,1788.926015625,0.43003892043641934,-0.035361596974104854,-0.2157381922006607,0.9279192984768361,-3.235149021948067,-63.25928078102246,-0.0011260167453256435
donchian_20,rs80,qull_sma10,19852,1655.0885642547364,0.45748539190006043,-0.054000632229756186,-0.03572392649948597,0.8495157216484496,-8.126282105636834,-89.37582886599522,-0.0030887307980092633,22612,2580.9478125,0.4604192464178312,-0.03108994937632385,-0.03486058674752712,0.9172935584462978,-4.54038257543336,-80.24153683355878,-0.0010338151429972315
pocket_pivot,mkt_ok,ema21_close,36289,3025.4638781100207,0.20942985477692966,-0.1308292920355081,-1.1078124046325684,0.8568263011249954,-8.131483316987387,-395.8192972521368,-0.001982823260720949,33716,3848.3653125,0.20672677660457942,-0.13292881744741294,-1.0993000864982605,0.8565233912259109,-7.754209674875928,-511.5586500962688,-0.0019721482564220307
pocket_pivot,early_stage,qull_sma10,17505,1459.4159438484364,0.330876892316481,-0.12794088199224954,-1.078182578086853,0.8318601742816772,-8.249815154495757,-186.71896304952026,-0.0020297214040262595,18386,2098.58953125,0.31855759817252255,-0.10487154392381012,-1.0797948241233826,0.8680930152256531,-6.220407085495896,-220.08232420453248,-0.0013757286345312798
random_uptrend,all,ema21_close,31164,2598.185574069847,0.20668078552175587,-0.14436728989107692,-1.1202147006988525,0.8422205606259269,-8.28731418110189,-375.0930099625557,-0.002209628148224975,34126,3895.1629687500003,0.20342261032643733,-0.10533480950544581,-1.1050890684127808,0.8835440769402577,-5.8073981851231,-410.29624930594804,-0.0009342190524309797
high52,early_stage,qull_sma20,8221,685.3960853686373,0.3498357864006812,-0.17123558055009863,-1.0515071153640747,0.7496930248521545,-8.296083953523326,-117.36419658486358,-0.003671291911307679,9514,1085.93390625,0.35600168173218416,-0.12592732966970713,-1.0443735718727112,0.815938122459592,-5.639481863412087,-136.74875701185658,-0.001754785548755887
pocket_pivot,rs80_mkt,qull_sma10,9586,799.19801415202,0.3134779887335698,-0.17524815724121845,-1.0790669322013855,0.7714876914067166,-8.46895628533916,-140.05797925098275,-0.002950206172466825,9447,1078.286484375,0.3213718640838361,-0.0680202734970899,-1.0742919445037842,0.91387629182431,-2.7528117616620946,-73.34534157540307,-0.0006408219478720137
donchian_55,rs80_mkt,qull_sma20,13739,1145.4393403332572,0.4588397991120169,-0.08002638358125305,-0.029041806235909462,0.8062531378699119,-8.581893450177185,-91.66536801856671,-0.004017450052134321,14787,1687.797421875,0.48218029350104824,-0.0043262739936188056,-0.012759504839777946,0.9894393380093788,-0.40541628029201865,-7.30187409275468,0.0006415756714025345
high52,all,ema21_close,30426,2536.657498288062,0.2334187865641228,-0.13005844126735094,-1.0814735889434814,0.8461747954044293,-8.582214986012781,-329.91372025648326,-0.002827251113281609,29116,3323.3184375,0.22269542519576865,-0.13584291736606835,-1.0704123973846436,0.8421646549555413,-8.3372411390446,-451.44927188644385,-0.0022760597285050774
random_uptrend,rs80_mkt,qull_sma10,6364,530.5754393973979,0.29478315524827153,-0.22294004758406374,-1.097594141960144,0.726300476749073,-8.756249234218897,-118.2865137061914,-0.003388275519227188,7298,832.99828125,0.2998081666209921,-0.10442410755581483,-1.0827227234840393,0.8699175032992633,-3.728974096368303,-86.9851021150589,-0.0014567716011272833
donchian_55,all,qull_sma20,48154,4014.665259073271,0.4695352411014661,-0.04563073848167536,-0.02176512312144041,0.8873506720669138,-8.894468926342222,-183.1921405282399,-0.0027659151644083444,50716,5788.7559375,0.47413045192838554,-0.04059553329835252,-0.018672527745366096,0.9025172958228495,-7.7014864879464024,-234.99763441681714,-0.001594844373264533
ema_retest,mkt_ok,qull_sma10,12387,1032.7212394430496,0.3984015500121095,-0.10292171834398486,-0.27808263897895813,0.7955071035665434,-8.896842885365743,-106.28944453380849,-0.003583936954247701,12391,1414.316484375,0.4297473973044952,-0.028664833345996454,-0.21100474894046783,0.941520253272841,-2.3224217409889527,-40.541146323104975,-0.0006999529213451862
donchian_55,early_stage,qull_sma10,19987,1666.3437000684776,0.4507429829389103,-0.05710384714092745,-0.03825424984097481,0.8395893363683237,-8.901303134426255,-95.1546359329578,-0.0031777760990588317,23752,2711.0681250000002,0.4584035028629168,-0.03305565587374896,-0.03368179500102997,0.9110350531222232,-5.0280452091566765,-89.61613499028984,-0.0013078312646600933
high52,rs80,ema21_close,15021,1252.3214448755991,0.22488516077491513,-0.1815646266036169,-1.0692616701126099,0.7824893021968505,-9.02056172224631,-227.37727552654016,-0.004197653541974111,16924,1931.7159375,0.22406050579059325,-0.08950597978940056,-1.0612720847129822,0.8944015456668145,-3.9944426643552307,-172.90012766073795,-0.0011436948809753998
high52,mkt_ok,ema21_close,25912,2160.3191052271172,0.22738499536894102,-0.14946201934031908,-1.0856471061706543,0.8259118240804442,-9.046945436730441,-322.88565588671617,-0.0028820062292122333,23098,2636.42015625,0.21919646722659972,-0.11656154197472966,-1.0734378099441528,0.865905913637095,-6.156339462820598,-307.30519870575773,-0.0018523126718652597
donchian_20,rs80_mkt,qull_sma10,15471,1289.8385642547364,0.4467713787085515,-0.06792041257341903,-0.045837387442588806,0.8120003626120579,-9.099970683966479,-87.60636743728816,-0.003245187775893603,16968,1936.738125,0.4615157944365865,-0.02751149528417519,-0.03309493511915207,0.9260798037504884,-3.4644335715339376,-53.2825617926198,-0.001000406023525835
pocket_pivot,all,trim_ema,49280,4108.541428897512,0.3327922077922078,-0.09780586186799516,-1.08572918176651,0.8790543490837428,-9.152415445456388,-401.8394354736855,-0.0014429751725111653,48059,5485.484296875,0.33082253063942235,-0.10856791865990097,-1.080132007598877,0.866842966574196,-9.494241802420323,-595.5476129532891,-0.001305947736692911
pocket_pivot,all,fixed_3r_20d,49755,4148.142832686602,0.3016581248115767,-0.07933810127574711,-1.0986740589141846,0.9082536606466933,-9.189404554516345,-329.10577616595407,-0.0010334669337732044,48059,5485.484296875,0.2876880501050792,-0.0934550473691639,-1.093400001525879,0.8946157505511145,-10.244921679865293,-512.6461948072579,-0.0010764900976046453
undercut,mkt_ok,trim_ema,8814,734.8353115727003,0.3108690719310188,-0.1430626722611031,-0.375056192278862,0.7299395965334284,-9.26166675474485,-105.12750334541082,-0.0024671093749582718,10996,1255.0903125,0.34267006184066934,-0.09225033811519029,-0.3244177997112274,0.8199098875504397,-6.402360386822755,-115.78250569322483,-0.0012949072307426063
high52,all,fixed_3r_20d,30593,2550.580518146542,0.30843657045729417,-0.09548145502949913,-1.0787805318832397,0.881599640815283,-9.270237596519049,-243.53313904252565,-0.0014632475955233897,29116,3323.3184375,0.2917983239455969,-0.12343072587290843,-1.067801296710968,0.8493635849167007,-11.950244589269188,-410.1996070474449,-0.002287934263448112
high52,rs80_mkt,fixed_3r_20d,12190,1016.2970782926272,0.2908121410992617,-0.14511369391158332,-1.0710151195526123,0.8213868808846052,-9.342090226739652,-147.47862314259274,-0.002245293585460551,13101,1495.3563281250001,0.29219143576826195,-0.09212602599199161,-1.0603570938110352,0.8866374247499477,-5.831142833024142,-137.7612359521329,-0.0018985064257354912
high52,rs80_mkt,ema21_close,12117,1010.2109678155672,0.21515226541223076,-0.21053040698682796,-1.0743039846420288,0.7531201429805721,-9.363397549710399,-212.68012619676873,-0.004219883399548544,13101,1495.3563281250001,0.22059384779787802,-0.05653185922035022,-1.063678503036499,0.9339396235064014,-2.1200944893293396,-84.53527342582234,-0.00039064627474264305
undercut,mkt_ok,ema21_close,8890,741.1715361789546,0.362429696287964,-0.12969135270443252,-0.18784601241350174,0.686546032866483,-9.520769129692992,-96.12353911307086,-0.002256336636744694,10996,1255.0903125,0.3856857038923245,-0.10108098356062425,-0.17441648989915848,0.7550126543878226,-8.168027247736537,-126.86576324491126,-0.001713358038432319
random_uptrend,all,qull_sma20,31200,2601.186943620178,0.2980128205128205,-0.13303742726257647,-1.113696277141571,0.8411708301527232,-9.530885751872859,-346.05521880823306,-0.0018713375523492606,34126,3895.1629687500003,0.29338334407782923,-0.09770841573052334,-1.1005564332008362,0.8831542475441265,-6.80124888227647,-380.5902026887645,-0.0011045834718878115
undercut,all,ema21_close,23380,1949.2227801871718,0.3853721129170231,-0.09280400854724648,-0.1861506998538971,0.7877124827756888,-9.799310242421932,-180.89568755297782,-0.002166690451212522,26315,3003.610546875,0.4030400912027361,-0.08450983835111782,-0.16247650980949402,0.8010751161691159,-10.284023479559561,-253.83464178611885,-0.0015553149655288829
donchian_55,rs80,qull_sma10,17289,1441.4077265464505,0.4502863092139511,-0.06861856108870293,-0.04139775410294533,0.8106988216458384,-9.846410972369084,-98.90732413775604,-0.00382983468655843,19274,2199.94640625,0.4615025422849435,-0.03206123529814379,-0.03303230553865433,0.9145461444699136,-4.258967389100205,-70.53299937408707,-0.0010772332425577672
pocket_pivot,all,qull_sma20,49658,4140.055809175988,0.3270167948769584,-0.1056929657811234,-1.0828450322151184,0.8639173588632602,-10.038571384626596,-437.5747769711788,-0.0017802751906515729,48059,5485.484296875,0.31825464533177966,-0.10875488256793324,-1.0822105407714844,0.8647161596945172,-9.525249206116486,-596.5732005348825,-0.0015263379630018853
random_uptrend,mkt_ok,ema21_close,21078,1757.3018717187856,0.1895341113957681,-0.21312539025397087,-1.1283999681472778,0.7758373591157296,-10.175739002653149,-374.52564720409964,-0.0030749801619624623,23056,2631.6262500000003,0.1927914642609299,-0.12879302587769154,-1.1088199615478516,0.8611059339657112,-5.925403294310373,-338.93510771666234,-0.0015802160566777987
random_uptrend,all,fixed_3r_20d,31250,2605.3555124400823,0.282624,-0.11234828499171882,-1.1223878860473633,0.8744357361780345,-10.370794270097523,-292.707223616364,-0.0013924969880264252,34126,3895.1629687500003,0.27668053683408544,-0.098605992041422,-1.1074662804603577,0.8889908612203088,-9.394894362980413,-384.08640869660417,-0.001160348669265802
high52,mkt_ok,fixed_3r_20d,26066,2173.1582971924217,0.3025397068978746,-0.11922323333297924,-1.0825695991516113,0.8542917854198299,-10.646262484807895,-259.09095873567196,-0.0016577052552566474,23098,2636.42015625,0.28915923456576326,-0.12211166851073268,-1.0704569816589355,0.852181504636578,-10.416740119975415,-321.9376641750141,-0.0024213020514963256
random_uptrend,all,trim_ema,31059,2589.4315795480484,0.33536173089925625,-0.14117217970567916,-1.1046664714813232,0.8264760767831122,-10.650542127890711,-365.55570028351775,-0.0018589217983210292,34126,3895.1629687500003,0.33666412705854776,-0.1030463829712865,-1.0909513235092163,0.8711661024587282,-7.654793405872517,-401.38245501338577,-0.0010194348366862932
high52,early_stage,qull_sma10,8248,687.6471125313856,0.34881183317167797,-0.19337730749115442,-1.0329743027687073,0.707554212786994,-11.011864651874982,-132.9753471253862,-0.003905293124584117,9514,1085.93390625,0.35757830565482446,-0.1317603549827781,-1.033333957195282,0.8013220574188099,-6.492537390787752,-143.0830369753349,-0.0019981230211716804
high52,rs80,trim_ema,14945,1245.9852202693448,0.32499163599866177,-0.17318747653400665,-1.0604748725891113,0.7747691562317147,-11.023575565075515,-215.78903609711628,-0.0033577595009608597,16924,1931.7159375,0.3288820609784921,-0.07262583962158826,-1.0510998964309692,0.9049429259412007,-4.036360205520473,-140.292491871341,-0.0007341570012122192
donchian_55,mkt_ok,qull_sma20,40898,3409.7225519287836,0.4617096190522764,-0.06148433046822688,-0.026860115118324757,0.8500902384874204,-11.137600101002144,-209.64450818775518,-0.0030672920685012334,40600,4634.109375,0.4733743842364532,-0.034956329693284806,-0.018951409496366978,0.9154852693227192,-5.863011012465574,-161.99145514724202,-0.001428498354804706
donchian_55,rs80_mkt,qull_sma10,13801,1150.6083656699384,0.4359828997898703,-0.08736681266620375,-0.06057485193014145,0.7612994646668407,-11.396856288097087,-100.52498553565236,-0.0042376587927287455,14787,1687.797421875,0.46331236897274636,-0.022675647472128878,-0.029399432241916656,0.938568434576777,-2.6215727217887745,-38.27189934280548,-0.0007428955382031424
random_uptrend,all,qull_sma10,31243,2604.7719128052954,0.3026277886246519,-0.1431864735651292,-1.1112662553787231,0.8268608309210558,-11.533635236721373,-372.9681046360865,-0.001971106912603534,34126,3895.1629687500003,0.29610853894391376,-0.10826355393978167,-1.0982800722122192,0.8687992113122552,-8.531041589763511,-421.70418617150574,-0.001489320077024918
donchian_20,all,qull_sma10,70527,5879.933063227573,0.4554000595516611,-0.041416476950409856,-0.03548165783286095,0.8846480970880981,-11.656262007335197,-243.5261121831176,-0.0023077959738143122,78107,8915.181796875,0.4664114612006606,-0.023918980102727572,-0.02801818586885929,0.9342669174629835,-6.714783756386938,-213.24205601165218,-0.0008913922297732653
high52,rs80_mkt,trim_ema,12052,1004.7918283496919,0.31413873216063726,-0.20524450758540266,-1.065232515335083,0.7389975980601218,-11.758294570236885,-206.22800403546893,-0.003475461855393583,13101,1495.3563281250001,0.33195939241279293,-0.04001392393872914,-1.0525991916656494,0.9476430384812846,-1.8556286773194715,-59.83507437489105,-1.6875507240908747e-05
high52,all,trim_ema,30227,2520.0665943848435,0.33096238462301913,-0.14113016096510822,-1.0718549489974976,0.8192358768291358,-12.025308553438702,-355.65740410832507,-0.002373465651401725,29116,3323.3184375,0.32648715482896,-0.12272102692843749,-1.0596532225608826,0.841994129708392,-9.545933476178236,-407.84105146021034,-0.0019093729554339122
high52,rs80,qull_sma20,15070,1256.4066423191052,0.35627073656270736,-0.1830201078074218,-1.0467408299446106,0.7295783106308608,-12.324219562900927,-229.94767912720351,-0.004094226324326056,16924,1931.7159375,0.3635665327345781,-0.10375911941855101,-1.04073166847229,0.8472106727926394,-6.252805434720515,-200.43314464178073,-0.0019623606207569973
pocket_pivot,mkt_ok,fixed_3r_20d,36469,3040.4707258616754,0.2905755573226576,-0.12437100600290767,-1.106541395187378,0.8593520319530953,-12.326801759860917,-378.1464028978075,-0.0014527864889432958,33716,3848.3653125,0.2859769842211413,-0.09724414845997859,-1.0976069569587708,0.891244102028296,-8.833579948244493,-374.23100777698187,-0.0011985188299628927
pocket_pivot,all,qull_sma10,49775,4149.810260214563,0.3301054746358614,-0.1168121963923334,-1.0772966146469116,0.846669799479569,-12.402109284101684,-484.7484511071037,-0.0018253837093956911,48059,5485.484296875,0.32083480721613017,-0.10077696754556174,-1.0785092115402222,0.8725414911737783,-9.694280691489787,-552.8104729578605,-0.001348172030811246
pocket_pivot,mkt_ok,trim_ema,36082,3008.2060031956175,0.3213790809822072,-0.15711414869302118,-1.0941694378852844,0.8112013914525581,-12.795131287841377,-472.63172528531516,-0.0020911051184651064,33716,3848.3653125,0.32966544074030135,-0.11894667733462447,-1.084951639175415,0.8558069855425839,-8.642917849842668,-457.7502670916988,-0.0015634831760938702
donchian_20,mkt_ok,qull_sma10,58587,4884.478829034467,0.45045829279533,-0.049681571043628504,-0.03905218094587326,0.8617626744945371,-12.855680355518945,-242.66858195577524,-0.0022600152926601836,61621,7033.459453125,0.4653283783125882,-0.02501191202435803,-0.028635883703827858,0.9306828554406028,-6.312046721157334,-175.92026906845186,-0.0010833023443802214
high52,mkt_ok,trim_ema,25738,2145.8124857338507,0.3244230320926257,-0.16435003097611123,-1.0760294198989868,0.7928136642894323,-12.910095527629531,-352.6643484992846,-0.0024927778333422076,23098,2636.42015625,0.3271711836522643,-0.10529040686036376,-1.061867356300354,0.864912710524052,-7.037680469232338,-277.5897509064263,-0.001539912246659508
random_uptrend,mkt_ok,trim_ema,20992,1750.1319333485505,0.31654916158536583,-0.2153594752743679,-1.1126318573951721,0.7444800261784674,-13.58508544421784,-376.9074948268589,-0.0027500810055850287,23056,2631.6262500000003,0.33314538514920194,-0.11966902897130934,-1.0931321382522583,0.8515819631048102,-7.357540320682349,-314.92415795290816,-0.0014294584411172315
random_uptrend,mkt_ok,qull_sma20,21110,1759.9697557635243,0.28337280909521556,-0.22290681173585913,-1.1188765168190002,0.7392813833653471,-13.622228934047675,-392.3092470087859,-0.0030548991859506206,23056,2631.6262500000003,0.29194136016655103,-0.1166592418974908,-1.1014794707298279,0.8606073578649645,-6.913986695858871,-307.0035232825366,-0.001437629500513075
high52,rs80_mkt,qull_sma20,12161,1013.8793083770829,0.3417482114957652,-0.22455636326984854,-1.0534545183181763,0.6768790561165051,-13.765442617983915,-227.673050283707,-0.004530371733769431,13101,1495.3563281250001,0.3635600335852225,-0.08020715065024403,-1.0416488647460938,0.8823646377082283,-4.07803256411605,-119.93827028571764,-0.0014481679522179438
high52,all,qull_sma20,30523,2544.744521798676,0.35881138813353863,-0.15397443620074874,-1.0532363653182983,0.775175326351411,-13.791946642760681,-391.8256030188951,-0.0030723241984083505,29116,3323.3184375,0.35691715895040527,-0.1410561580011498,-1.0466343760490417,0.7951837722320687,-11.786896084297673,-468.7745306081343,-0.0025831695973254185
pocket_pivot,mkt_ok,qull_sma20,36386,3033.5509016206347,0.31248282306381575,-0.1686202970448491,-1.091400384902954,0.7890756190633839,-13.980106312348404,-511.5182541319412,-0.0024595400875774957,33716,3848.3653125,0.31344168940562345,-0.12258717504644763,-1.0867766737937927,0.8493507683630135,-9.027061015471936,-471.76023220611467,-0.0018448367389551595
high52,rs80,qull_sma10,15105,1259.324640493038,0.35518040383978816,-0.18543132494784484,-1.031999945640564,0.7164254502466589,-14.107807884551503,-233.51823662609243,-0.004005689764175972,16924,1931.7159375,0.3645119357125975,-0.10540375669024793,-1.0319044589996338,0.8401796421261496,-7.118982969952613,-203.61011667092419,-0.0021463915590448504
donchian_55,all,qull_sma10,48328,4029.171878566537,0.4498220493295812,-0.05990492230936457,-0.04113953746855259,0.8350375580923667,-14.197064254598871,-241.3672283566049,-0.0031098295062576566,50716,5788.7559375,0.4567000552094014,-0.04341023272706594,-0.03600595332682133,0.8837497306123401,-9.79758271585698,-251.2912424470598,-0.0019658066274685026
random_uptrend,mkt_ok,fixed_3r_20d,21153,1763.554724948642,0.26705431853637784,-0.18420490168983347,-1.127690076828003,0.7991822380699444,-14.219018063253175,-324.8554247338059,-0.002296021906464665,23056,2631.6262500000003,0.27055863983344897,-0.11944584072255116,-1.1084937453269958,0.8664818659330428,-9.410044307181721,-314.3368098987846,-0.0016898912427797002
high52,mkt_ok,qull_sma20,26002,2167.8225291029444,0.3497807860933774,-0.1795905547373415,-1.0591329336166382,0.7424304175244708,-14.837102086742881,-389.3204505737045,-0.003310543368954065,23098,2636.42015625,0.3547926227378994,-0.13011899212075653,-1.049160897731781,0.8122960396296612,-9.42437801268887,-343.04833353809744,-0.0023673112543038987
high52,rs80_mkt,qull_sma10,12194,1016.6305637982196,0.3403313104805642,-0.22795241264600316,-1.0399621725082397,0.660250575548012,-15.833114902249232,-231.7433897874706,-0.004573611407569761,13101,1495.3563281250001,0.36562094496603315,-0.08332208901157771,-1.031816840171814,0.8739699542368374,-4.729178214077698,-124.59621307605727,-0.0017800991071883052
random_uptrend,mkt_ok,qull_sma10,21146,1762.9711253138553,0.2883287619407926,-0.23381885652372564,-1.1159172654151917,0.7225225051300537,-16.316927452654237,-412.21589260523143,-0.003088762805936382,23056,2631.6262500000003,0.2955412907702984,-0.11898196156712976,-1.0988265872001648,0.8557060309369422,-7.77725003683845,-313.11605333654984,-0.0016684402386109758
donchian_55,mkt_ok,qull_sma10,41058,3423.0619721524768,0.4407423644600322,-0.07453180273672559,-0.048874685540795326,0.7965736292027793,-16.488347071432106,-255.12697966405523,-0.0034084126227292948,40600,4634.109375,0.4558374384236453,-0.03916780030416593,-0.03569505736231804,0.8939346093419926,-7.898355235300567,-181.5078705876632,-0.0018708149699059786
high52,all,qull_sma10,30598,2550.997375028532,0.3586835740898098,-0.16315443319698616,-1.0308072566986084,0.7535183161379749,-16.615016117469004,-416.20653080977974,-0.0031263754317336252,29116,3323.3184375,0.3587031185602418,-0.13406335916341813,-1.0366732478141785,0.7993336017939061,-12.458545823376282,-445.5352333009721,-0.002520935910757888
pocket_pivot,mkt_ok,qull_sma10,36491,3042.3048961424333,0.31552985667698885,-0.1794774209060941,-1.0861586332321167,0.7709563290078748,-16.697595085455962,-546.0250363696263,-0.0025271963069807713,33716,3848.3653125,0.31652627832483093,-0.10725111480516678,-1.083134651184082,0.8658739659515295,-8.5699949195686,-412.741469943159,-0.0015546157845532935
high52,mkt_ok,qull_sma10,26072,2173.6585254508104,0.3498389076403805,-0.18853474180666488,-1.040144920349121,0.7200852686912546,-17.734308620136474,-409.81014887172444,-0.003384809755530896,23098,2636.42015625,0.35773660057147805,-0.12152306640761205,-1.0378868579864502,0.8189162241582291,-9.780242573917457,-320.3858617263357,-0.0023363393742170334
