date,ticker,b20_hit,b20_ret,_score,list,model
2023-01-04,BBWI,0.0,-0.107437134,0.42223935622062964,all,picks tool as today (original features)
2023-01-04,GEO,0.0,-0.102,0.41577785245984794,all,picks tool as today (original features)
2023-01-04,EQT,0.0,-0.102,0.4141933726606278,all,picks tool as today (original features)
2023-01-04,PR,1.0,0.198,0.40196097191137725,all,picks tool as today (original features)
2023-01-04,RELY,1.0,0.2410989,0.39914881241884786,all,picks tool as today (original features)
2023-01-04,CNR,0.0,-0.102,0.3958146205119119,all,picks tool as today (original features)
2023-01-04,TPL,0.0,-0.102,0.3864449075480935,all,picks tool as today (original features)
2023-01-04,INSW,1.0,0.198,0.38632072022473274,all,picks tool as today (original features)
2023-01-04,DKS,1.0,0.198,0.3804474651754563,all,picks tool as today (original features)
2023-01-04,HRB,0.0,-0.026991148,0.3767469172141992,all,picks tool as today (original features)
2023-01-04,GEO,0.0,-0.102,0.41577785245984794,leaders,picks tool as today (original features)
2023-01-04,DKS,1.0,0.198,0.3804474651754563,leaders,picks tool as today (original features)
2023-01-04,HALO,0.0,-0.102,0.36982198544745143,leaders,picks tool as today (original features)
2023-01-04,OII,1.0,0.198,0.3672678030257651,leaders,picks tool as today (original features)
2023-01-04,HL,0.0,-0.102,0.3597484406593664,leaders,picks tool as today (original features)
2023-01-04,EXTR,0.0,-0.102,0.3556281921243674,leaders,picks tool as today (original features)
2023-01-04,DDS,1.0,0.198,0.3490208366770394,leaders,picks tool as today (original features)
2023-01-04,TDW,1.0,0.198,0.34653192256382165,leaders,picks tool as today (original features)
2023-01-04,BA,0.0,0.029231587,0.338363807181151,leaders,picks tool as today (original features)
2023-01-04,FIVE,1.0,0.198,0.3368083121226792,leaders,picks tool as today (original features)
2023-01-19,LEU,1.0,0.198,0.4792757222345085,all,picks tool as today (original features)
2023-01-19,UNIT,0.0,-0.102,0.4758608569527686,all,picks tool as today (original features)
2023-01-19,CRK,0.0,-0.102,0.4720284926684618,all,picks tool as today (original features)
2023-01-19,CNR,0.0,-0.102,0.47130382775871504,all,picks tool as today (original features)
2023-01-19,EQT,0.0,-0.102,0.4655565173641919,all,picks tool as today (original features)
2023-01-19,DCH,1.0,0.198,0.4342050884813581,all,picks tool as today (original features)
2023-01-19,GEO,0.0,-0.102,0.42885223270368905,all,picks tool as today (original features)
2023-01-19,GIII,0.0,-0.102,0.42721207335631584,all,picks tool as today (original features)
2023-01-19,RIG,1.0,0.21341155,0.4103734303514031,all,picks tool as today (original features)
2023-01-19,UPBD,1.0,0.198,0.405892791639434,all,picks tool as today (original features)
2023-01-19,GEO,0.0,-0.102,0.42885223270368905,leaders,picks tool as today (original features)
2023-01-19,RIG,1.0,0.21341155,0.4103734303514031,leaders,picks tool as today (original features)
2023-01-19,OII,0.0,-0.102,0.39050334752015203,leaders,picks tool as today (original features)
2023-01-19,ADEA,0.0,-0.102,0.3759783922633842,leaders,picks tool as today (original features)
2023-01-19,PR,0.0,-0.102,0.3607773690428934,leaders,picks tool as today (original features)
2023-01-19,LGND,0.0,0.08094537,0.36037123603735866,leaders,picks tool as today (original features)
2023-01-19,DKS,1.0,0.198,0.34672504731841447,leaders,picks tool as today (original features)
2023-01-19,EAT,0.0,0.06655055,0.3455126751577007,leaders,picks tool as today (original features)
2023-01-19,AXON,1.0,0.198,0.34400119273813223,leaders,picks tool as today (original features)
2023-01-19,XPO,1.0,0.198,0.3435909828646809,leaders,picks tool as today (original features)
2023-02-02,RIG,0.0,-0.102,0.6375674419863894,all,picks tool as today (original features)
2023-02-02,CNR,0.0,-0.102,0.6316979277177281,all,picks tool as today (original features)
2023-02-02,OII,0.0,-0.102,0.6083115627180021,all,picks tool as today (original features)
2023-02-02,EXTR,0.0,-0.102,0.6072534459462412,all,picks tool as today (original features)
2023-02-02,ARWR,0.0,-0.102,0.5944232293173671,all,picks tool as today (original features)
2023-02-02,CRK,0.0,-0.1283989,0.5878935419236271,all,picks tool as today (original features)
2023-02-02,ACLS,0.0,-0.102,0.5761180168964305,all,picks tool as today (original features)
2023-02-02,AMKR,0.0,-0.102,0.5731201097047277,all,picks tool as today (original features)
2023-02-02,UNIT,0.0,-0.102,0.5671394928910833,all,picks tool as today (original features)
2023-02-02,LTH,0.0,-0.102,0.5659820479379932,all,picks tool as today (original features)
2023-02-02,RIG,0.0,-0.102,0.6375674419863894,leaders,picks tool as today (original features)
2023-02-02,OII,0.0,-0.102,0.6083115627180021,leaders,picks tool as today (original features)
2023-02-02,ACLS,0.0,-0.102,0.5761180168964305,leaders,picks tool as today (original features)
2023-02-02,AMKR,0.0,-0.102,0.5731201097047277,leaders,picks tool as today (original features)
2023-02-02,LTH,0.0,-0.102,0.5659820479379932,leaders,picks tool as today (original features)
2023-02-02,NFLX,0.0,-0.102,0.5541036909643823,leaders,picks tool as today (original features)
2023-02-02,LSCC,0.0,-0.0072464654,0.5503225194280991,leaders,picks tool as today (original features)
2023-02-02,PTCT,0.0,-0.102,0.5333941020585802,leaders,picks tool as today (original features)
2023-02-02,SAIA,0.0,-0.102,0.5324409895113122,leaders,picks tool as today (original features)
2023-02-02,PVH,0.0,-0.102,0.5192783921066079,leaders,picks tool as today (original features)
2023-02-16,RES,0.0,-0.102,0.37160340739710573,all,picks tool as today (original features)
2023-02-16,CNR,0.0,-0.10266757,0.3585713735670106,all,picks tool as today (original features)
2023-02-16,SHC,0.0,-0.102,0.32584281941036247,all,picks tool as today (original features)
2023-02-16,STAA,0.0,-0.12266492,0.3167052574448239,all,picks tool as today (original features)
2023-02-16,OII,0.0,-0.102,0.31614347902008416,all,picks tool as today (original features)
2023-02-16,VCEL,1.0,0.198,0.30823770168437126,all,picks tool as today (original features)
2023-02-16,RIG,0.0,-0.102,0.3082291298983737,all,picks tool as today (original features)
2023-02-16,AEO,0.0,-0.102,0.3071446532054259,all,picks tool as today (original features)
2023-02-16,BFH,0.0,-0.102,0.30226832714492335,all,picks tool as today (original features)
2023-02-16,CCL,0.0,-0.102,0.3009988475445576,all,picks tool as today (original features)
2023-02-16,OII,0.0,-0.102,0.31614347902008416,leaders,picks tool as today (original features)
2023-02-16,RIG,0.0,-0.102,0.3082291298983737,leaders,picks tool as today (original features)
2023-02-16,EXTR,0.0,-0.102,0.29377629283035367,leaders,picks tool as today (original features)
2023-02-16,SIG,0.0,-0.11157683,0.2899251710153633,leaders,picks tool as today (original features)
2023-02-16,INVX,0.0,-0.102,0.2893393261503338,leaders,picks tool as today (original features)
2023-02-16,CAR,0.0,-0.102,0.27317232516878787,leaders,picks tool as today (original features)
2023-02-16,LTH,0.0,-0.102,0.26793274482228163,leaders,picks tool as today (original features)
2023-02-16,NFLX,0.0,-0.102,0.26193044465006443,leaders,picks tool as today (original features)
2023-02-16,NBR,0.0,-0.102,0.260899818070163,leaders,picks tool as today (original features)
2023-02-16,TDW,0.0,-0.102,0.2601300272360123,leaders,picks tool as today (original features)
2023-03-03,RIG,0.0,-0.102,0.4737553339031346,all,picks tool as today (original features)
2023-03-03,LTH,0.0,-0.102,0.450711043918075,all,picks tool as today (original features)
2023-03-03,NEO,0.0,-0.102,0.4402697859078204,all,picks tool as today (original features)
2023-03-03,NVDA,1.0,0.198,0.43744419585247535,all,picks tool as today (original features)
2023-03-03,LEU,0.0,-0.102,0.4130236051221301,all,picks tool as today (original features)
2023-03-03,SHC,0.0,-0.102,0.41219802132768846,all,picks tool as today (original features)
2023-03-03,ACLS,0.0,-0.102,0.4068895153410646,all,picks tool as today (original features)
2023-03-03,LSCC,0.0,-0.102,0.40621206383192465,all,picks tool as today (original features)
2023-03-03,OII,0.0,-0.102,0.40369673278191087,all,picks tool as today (original features)
2023-03-03,TEX,0.0,-0.102,0.39934545059621995,all,picks tool as today (original features)
2023-03-03,RIG,0.0,-0.102,0.4737553339031346,leaders,picks tool as today (original features)
2023-03-03,LTH,0.0,-0.102,0.450711043918075,leaders,picks tool as today (original features)
2023-03-03,NEO,0.0,-0.102,0.4402697859078204,leaders,picks tool as today (original features)
2023-03-03,NVDA,1.0,0.198,0.43744419585247535,leaders,picks tool as today (original features)
2023-03-03,ACLS,0.0,-0.102,0.4068895153410646,leaders,picks tool as today (original features)
2023-03-03,LSCC,0.0,-0.102,0.40621206383192465,leaders,picks tool as today (original features)
2023-03-03,OII,0.0,-0.102,0.40369673278191087,leaders,picks tool as today (original features)
2023-03-03,TEX,0.0,-0.102,0.39934545059621995,leaders,picks tool as today (original features)
2023-03-03,PR,0.0,-0.102,0.3893630807351924,leaders,picks tool as today (original features)
2023-03-03,CNR,0.0,-0.102,0.3885521736735127,leaders,picks tool as today (original features)
2023-03-17,SHC,0.0,-0.102,0.340229509727625,all,picks tool as today (original features)
2023-03-17,RELY,1.0,0.198,0.33448091001149294,all,picks tool as today (original features)
2023-03-17,SYNA,0.0,-0.102,0.30723354892247734,all,picks tool as today (original features)
2023-03-17,UCTT,0.0,-0.102,0.30696336248844713,all,picks tool as today (original features)
2023-03-17,DDS,0.0,-0.102,0.2970730369332962,all,picks tool as today (original features)
2023-03-17,ANF,0.0,-0.102,0.2903403431760873,all,picks tool as today (original features)
2023-03-17,IIPR,0.0,-0.102,0.2892665787116387,all,picks tool as today (original features)
2023-03-17,XYZ,0.0,-0.19097003,0.28665211837881266,all,picks tool as today (original features)
2023-03-17,AXON,0.0,-0.102,0.27967832919638447,all,picks tool as today (original features)
2023-03-17,SAIA,1.0,0.2193053,0.27323609773419877,all,picks tool as today (original features)
2023-03-17,RELY,1.0,0.198,0.33448091001149294,leaders,picks tool as today (original features)
2023-03-17,AXON,0.0,-0.102,0.27967832919638447,leaders,picks tool as today (original features)
2023-03-17,NVDA,1.0,0.198,0.24865612167776682,leaders,picks tool as today (original features)
2023-03-17,FND,0.0,0.04979202,0.23694608594991223,leaders,picks tool as today (original features)
2023-03-17,OI,0.0,-0.0043820506,0.23588463186988445,leaders,picks tool as today (original features)
2023-03-17,NEO,0.0,-0.102,0.23427495795041034,leaders,picks tool as today (original features)
2023-03-17,MTW,0.0,-0.102,0.2316990299047222,leaders,picks tool as today (original features)
2023-03-17,MKTX,0.0,-0.102,0.230991217876366,leaders,picks tool as today (original features)
2023-03-17,NSSC,0.0,-0.102,0.22574132626690024,leaders,picks tool as today (original features)
2023-03-17,ACLS,0.0,-0.102,0.2240287293006733,leaders,picks tool as today (original features)
2023-03-31,SHC,0.0,-0.102,0.4274638464171722,all,picks tool as today (original features)
2023-03-31,RIG,0.0,-0.102,0.40952349062879434,all,picks tool as today (original features)
2023-03-31,MTW,0.0,-0.102,0.39632045758907974,all,picks tool as today (original features)
2023-03-31,ALGN,0.0,-0.102,0.3760431929202062,all,picks tool as today (original features)
2023-03-31,NEO,0.0,-0.102,0.3671217618241774,all,picks tool as today (original features)
2023-03-31,WRLD,1.0,0.198,0.36678816868356073,all,picks tool as today (original features)
2023-03-31,GIII,1.0,0.198,0.362902110670072,all,picks tool as today (original features)
2023-03-31,TFIN,0.0,-0.102,0.3452038990886763,all,picks tool as today (original features)
2023-03-31,LEU,0.0,-0.102,0.34354346772566485,all,picks tool as today (original features)
2023-03-31,FIS,0.0,0.075728536,0.3435110480174157,all,picks tool as today (original features)
2023-03-31,MTW,0.0,-0.102,0.39632045758907974,leaders,picks tool as today (original features)
2023-03-31,NEO,0.0,-0.102,0.3671217618241774,leaders,picks tool as today (original features)
2023-03-31,RELY,0.0,0.10419464,0.3339749032304406,leaders,picks tool as today (original features)
2023-03-31,DUOL,0.0,-0.102,0.3237960607920082,leaders,picks tool as today (original features)
2023-03-31,PRG,1.0,0.198,0.32251992123169876,leaders,picks tool as today (original features)
2023-03-31,ACLS,0.0,-0.102,0.3208548400511794,leaders,picks tool as today (original features)
2023-03-31,ATI,0.0,-0.102,0.28916421356869587,leaders,picks tool as today (original features)
2023-03-31,CNR,1.0,0.198,0.2812281974474504,leaders,picks tool as today (original features)
2023-03-31,MPWR,0.0,-0.102,0.28005441271554826,leaders,picks tool as today (original features)
2023-03-31,NSSC,0.0,-0.102,0.2791923481515953,leaders,picks tool as today (original features)
2023-04-17,PPLI,1.0,0.2246962,0.5065534667321006,all,picks tool as today (original features)
2023-04-17,RIG,0.0,-0.102,0.4383528527841656,all,picks tool as today (original features)
2023-04-17,XYZ,0.0,-0.102,0.4270112753003773,all,picks tool as today (original features)
2023-04-17,SHC,0.0,-0.102,0.4263299327605192,all,picks tool as today (original features)
2023-04-17,MTW,0.0,-0.102,0.42439430355833185,all,picks tool as today (original features)
2023-04-17,WRLD,1.0,0.198,0.42399325688760175,all,picks tool as today (original features)
2023-04-17,KSS,0.0,-0.102,0.4211347095149881,all,picks tool as today (original features)
2023-04-17,NEOG,1.0,0.198,0.41714336395820273,all,picks tool as today (original features)
2023-04-17,SAFE,0.0,-0.102,0.4163258557215634,all,picks tool as today (original features)
2023-04-17,AA,0.0,-0.102,0.41565123098606127,all,picks tool as today (original features)
2023-04-17,DUOL,0.0,-0.102,0.4113003940144909,leaders,picks tool as today (original features)
2023-04-17,TTD,1.0,0.198,0.4044919253821098,leaders,picks tool as today (original features)
2023-04-17,AMD,1.0,0.198,0.39818925065641875,leaders,picks tool as today (original features)
2023-04-17,ALGN,0.0,-0.102,0.39443207815260894,leaders,picks tool as today (original features)
2023-04-17,NEO,0.0,-0.102,0.38606477646598647,leaders,picks tool as today (original features)
2023-04-17,ACLS,0.0,-0.102,0.3702280868519629,leaders,picks tool as today (original features)
2023-04-17,PVH,0.0,-0.102,0.3693134003877145,leaders,picks tool as today (original features)
2023-04-17,HL,0.0,-0.102,0.36538682112824467,leaders,picks tool as today (original features)
2023-04-17,COCO,1.0,0.198,0.34282504662840707,leaders,picks tool as today (original features)
2023-04-17,PRG,1.0,0.198,0.33915603564928604,leaders,picks tool as today (original features)
2023-05-01,WWW,0.0,-0.102,0.43184308412423617,all,picks tool as today (original features)
2023-05-01,LEU,0.0,-0.102,0.42666335441214226,all,picks tool as today (original features)
2023-05-01,SHC,0.0,-0.102,0.4141557051281993,all,picks tool as today (original features)
2023-05-01,ARLO,1.0,0.198,0.41162710079661935,all,picks tool as today (original features)
2023-05-01,FORM,1.0,0.198,0.41120755527777675,all,picks tool as today (original features)
2023-05-01,NEOG,1.0,0.198,0.4103584485479503,all,picks tool as today (original features)
2023-05-01,CENX,0.0,-0.102,0.4095247791154282,all,picks tool as today (original features)
2023-05-01,RIG,1.0,0.198,0.40605222596261237,all,picks tool as today (original features)
2023-05-01,XYZ,1.0,0.20739888,0.3999652551925162,all,picks tool as today (original features)
2023-05-01,MTW,0.0,-0.102,0.3942965585663813,all,picks tool as today (original features)
2023-05-01,ARLO,1.0,0.198,0.41162710079661935,leaders,picks tool as today (original features)
2023-05-01,DUOL,0.0,-0.102,0.3894227015181913,leaders,picks tool as today (original features)
2023-05-01,RELY,0.0,0.13433741,0.3640765562409827,leaders,picks tool as today (original features)
2023-05-01,HL,0.0,-0.102,0.3635880197040207,leaders,picks tool as today (original features)
2023-05-01,TTD,1.0,0.20136827,0.3625572048277869,leaders,picks tool as today (original features)
2023-05-01,PRG,1.0,0.198,0.34987184472231536,leaders,picks tool as today (original features)
2023-05-01,TDW,0.0,-0.102,0.34106528592786883,leaders,picks tool as today (original features)
2023-05-01,XPO,1.0,0.198,0.3390879251993512,leaders,picks tool as today (original features)
2023-05-01,AMD,1.0,0.198,0.33183845691328584,leaders,picks tool as today (original features)
2023-05-01,COCO,1.0,0.198,0.33013470312720655,leaders,picks tool as today (original features)
2023-05-15,NEOG,1.0,0.20928454,0.40754462848985396,all,picks tool as today (original features)
2023-05-15,MTW,1.0,0.198,0.3975905491277155,all,picks tool as today (original features)
2023-05-15,ARLO,1.0,0.198,0.39292789021460534,all,picks tool as today (original features)
2023-05-15,RIG,1.0,0.198,0.39280935575500653,all,picks tool as today (original features)
2023-05-15,GIII,1.0,0.198,0.38035238782481035,all,picks tool as today (original features)
2023-05-15,OII,1.0,0.198,0.37513627100090724,all,picks tool as today (original features)
2023-05-15,DUOL,0.0,-0.08935761,0.3658942101843415,all,picks tool as today (original features)
2023-05-15,LTH,0.0,-0.102,0.36573029717520333,all,picks tool as today (original features)
2023-05-15,GME,1.0,0.20984088,0.36548714375925895,all,picks tool as today (original features)
2023-05-15,ALGN,1.0,0.198,0.36497038433501244,all,picks tool as today (original features)
2023-05-15,ARLO,1.0,0.198,0.39292789021460534,leaders,picks tool as today (original features)
2023-05-15,DUOL,0.0,-0.08935761,0.3658942101843415,leaders,picks tool as today (original features)
2023-05-15,LTH,0.0,-0.102,0.36573029717520333,leaders,picks tool as today (original features)
2023-05-15,COCO,0.0,-0.102,0.35696027849653006,leaders,picks tool as today (original features)
2023-05-15,FRPT,0.0,-0.102,0.3519166175159383,leaders,picks tool as today (original features)
2023-05-15,ACLS,1.0,0.198,0.3484081668578869,leaders,picks tool as today (original features)
2023-05-15,TBBK,1.0,0.198,0.34392836399252125,leaders,picks tool as today (original features)
2023-05-15,XPO,1.0,0.198,0.34371539661604,leaders,picks tool as today (original features)
2023-05-15,FTI,1.0,0.198,0.34330208778278326,leaders,picks tool as today (original features)
2023-05-15,SKYW,1.0,0.198,0.3430689652139005,leaders,picks tool as today (original features)
2023-05-30,ANF,1.0,0.198,0.3704888372364452,all,picks tool as today (original features)
2023-05-30,NEOG,1.0,0.198,0.36434267756323746,all,picks tool as today (original features)
2023-05-30,ZION,1.0,0.198,0.3561930519074578,all,picks tool as today (original features)
2023-05-30,EWBC,1.0,0.198,0.3453188791125165,all,picks tool as today (original features)
2023-05-30,COCO,0.0,-0.102,0.33851538042267176,all,picks tool as today (original features)
2023-05-30,RIG,1.0,0.21403922,0.3350154840210564,all,picks tool as today (original features)
2023-05-30,SLG,1.0,0.198,0.3333666947150914,all,picks tool as today (original features)
2023-05-30,PPLI,1.0,0.198,0.32946953550532804,all,picks tool as today (original features)
2023-05-30,TDS,1.0,0.198,0.32220194070585745,all,picks tool as today (original features)
2023-05-30,UNIT,1.0,0.198,0.3216298919640047,all,picks tool as today (original features)
2023-05-30,ANF,1.0,0.198,0.3704888372364452,leaders,picks tool as today (original features)
2023-05-30,COCO,0.0,-0.102,0.33851538042267176,leaders,picks tool as today (original features)
2023-05-30,ARLO,0.0,0.024915138,0.3205461789438463,leaders,picks tool as today (original features)
2023-05-30,XPO,1.0,0.198,0.32039940310941933,leaders,picks tool as today (original features)
2023-05-30,NEO,0.0,-0.102,0.3187500082440558,leaders,picks tool as today (original features)
2023-05-30,LTH,0.0,-0.12541935,0.31760026954417375,leaders,picks tool as today (original features)
2023-05-30,AMD,0.0,-0.102,0.3054246134447302,leaders,picks tool as today (original features)
2023-05-30,PRG,1.0,0.198,0.30232251569794183,leaders,picks tool as today (original features)
2023-05-30,RMBS,0.0,-0.103159614,0.3014971874373246,leaders,picks tool as today (original features)
2023-05-30,FLG,1.0,0.28209087,0.3004260912009145,leaders,picks tool as today (original features)
2023-06-13,NEO,0.0,-0.102,0.32872743611262933,all,picks tool as today (original features)
2023-06-13,ARWR,0.0,-0.102,0.3136547850889037,all,picks tool as today (original features)
2023-06-13,PTCT,0.0,-0.102,0.29913455984401566,all,picks tool as today (original features)
2023-06-13,ANF,1.0,0.20262988,0.29832488710099037,all,picks tool as today (original features)
2023-06-13,COCO,0.0,-0.102,0.2963196441074964,all,picks tool as today (original features)
2023-06-13,ARLO,1.0,0.198,0.2895019969728079,all,picks tool as today (original features)
2023-06-13,SAFE,0.0,-0.14101833,0.2881270501384518,all,picks tool as today (original features)
2023-06-13,MTW,0.0,-0.102,0.28774295379929554,all,picks tool as today (original features)
2023-06-13,COHR,1.0,0.198,0.2813345691743837,all,picks tool as today (original features)
2023-06-13,NSSC,0.0,-0.102,0.2804776674173107,all,picks tool as today (original features)
2023-06-13,ANF,1.0,0.20262988,0.29832488710099037,leaders,picks tool as today (original features)
2023-06-13,COCO,0.0,-0.102,0.2963196441074964,leaders,picks tool as today (original features)
2023-06-13,ARLO,1.0,0.198,0.2895019969728079,leaders,picks tool as today (original features)
2023-06-13,MTW,0.0,-0.102,0.28774295379929554,leaders,picks tool as today (original features)
2023-06-13,NSSC,0.0,-0.102,0.2804776674173107,leaders,picks tool as today (original features)
2023-06-13,WRLD,1.0,0.198,0.27979691021609,leaders,picks tool as today (original features)
2023-06-13,CCL,1.0,0.198,0.2784245106960718,leaders,picks tool as today (original features)
2023-06-13,LTH,0.0,-0.102,0.27814009826736413,leaders,picks tool as today (original features)
2023-06-13,MRVL,0.0,-0.102,0.25722578067644014,leaders,picks tool as today (original features)
2023-06-13,SKYW,1.0,0.198,0.25657766992973696,leaders,picks tool as today (original features)
2023-06-28,STAA,0.0,-0.12292203,0.5142478303008708,all,picks tool as today (original features)
2023-06-28,VAL,1.0,0.198,0.4806796503340074,all,picks tool as today (original features)
2023-06-28,SMTC,1.0,0.198,0.4744530729694488,all,picks tool as today (original features)
2023-06-28,INSW,1.0,0.198,0.47282446556362917,all,picks tool as today (original features)
2023-06-28,NEO,0.0,-0.102,0.46331365634211813,all,picks tool as today (original features)
2023-06-28,SAFE,0.0,-0.102,0.45989756683007593,all,picks tool as today (original features)
2023-06-28,ARWR,0.0,-0.102,0.45339352696675567,all,picks tool as today (original features)
2023-06-28,MTCH,0.0,-0.04896052,0.4487290969191643,all,picks tool as today (original features)
2023-06-28,GME,0.0,-0.102,0.44558750643682704,all,picks tool as today (original features)
2023-06-28,RIG,1.0,0.198,0.4451851924683376,all,picks tool as today (original features)
2023-06-28,ARWR,0.0,-0.102,0.45339352696675567,leaders,picks tool as today (original features)
2023-06-28,SHC,0.0,-0.102,0.44258422540872655,leaders,picks tool as today (original features)
2023-06-28,RMBS,0.0,-0.123678125,0.4269121183554756,leaders,picks tool as today (original features)
2023-06-28,COCO,0.0,-0.102,0.41208272183254163,leaders,picks tool as today (original features)
2023-06-28,GIII,1.0,0.198,0.39900182691581604,leaders,picks tool as today (original features)
2023-06-28,MRVL,0.0,-0.102,0.3975666384155056,leaders,picks tool as today (original features)
2023-06-28,TBBK,1.0,0.198,0.39629915295756046,leaders,picks tool as today (original features)
2023-06-28,PRG,1.0,0.22598906,0.39476762015281597,leaders,picks tool as today (original features)
2023-06-28,WRLD,0.0,-0.06192989,0.39427249264662434,leaders,picks tool as today (original features)
2023-06-28,CCL,0.0,-0.10899838,0.3912377479393046,leaders,picks tool as today (original features)
2023-07-13,NEO,0.0,-0.102,0.47315423450064326,all,picks tool as today (original features)
2023-07-13,SRPT,0.0,0.14786176,0.45340974767905473,all,picks tool as today (original features)
2023-07-13,COCO,1.0,0.198,0.45160275392349675,all,picks tool as today (original features)
2023-07-13,TDS,0.0,-0.121164784,0.4486450579159243,all,picks tool as today (original features)
2023-07-13,EGBN,1.0,0.198,0.44391876897446325,all,picks tool as today (original features)
2023-07-13,STAA,0.0,-0.102,0.4408822756658678,all,picks tool as today (original features)
2023-07-13,WRLD,0.0,-0.102,0.4268955323880829,all,picks tool as today (original features)
2023-07-13,DUOL,0.0,-0.102,0.4201944539910981,all,picks tool as today (original features)
2023-07-13,RIG,0.0,-0.0330559,0.4179557285881653,all,picks tool as today (original features)
2023-07-13,CCL,0.0,-0.102,0.40363544040942884,all,picks tool as today (original features)
2023-07-13,NEO,0.0,-0.102,0.47315423450064326,leaders,picks tool as today (original features)
2023-07-13,WRLD,0.0,-0.102,0.4268955323880829,leaders,picks tool as today (original features)
2023-07-13,DUOL,0.0,-0.102,0.4201944539910981,leaders,picks tool as today (original features)
2023-07-13,RIG,0.0,-0.0330559,0.4179557285881653,leaders,picks tool as today (original features)
2023-07-13,CCL,0.0,-0.102,0.40363544040942884,leaders,picks tool as today (original features)
2023-07-13,ANF,1.0,0.198,0.4015675222001266,leaders,picks tool as today (original features)
2023-07-13,PRG,1.0,0.20730962,0.3864378296167236,leaders,picks tool as today (original features)
2023-07-13,DDS,0.0,-0.038300447,0.3844611532728505,leaders,picks tool as today (original features)
2023-07-13,MTW,0.0,-0.102,0.38083666250342524,leaders,picks tool as today (original features)
2023-07-13,RDNT,0.0,-0.102,0.37388125119935167,leaders,picks tool as today (original features)
2023-07-27,COCO,1.0,0.198,0.416579909455736,all,picks tool as today (original features)
2023-07-27,GME,0.0,-0.102,0.41059715827111326,all,picks tool as today (original features)
2023-07-27,NEO,0.0,-0.102,0.40058594314552937,all,picks tool as today (original features)
2023-07-27,STAA,0.0,-0.18098196,0.3996513932939574,all,picks tool as today (original features)
2023-07-27,COHR,0.0,-0.2438328,0.39570627788945056,all,picks tool as today (original features)
2023-07-27,ANF,1.0,0.27418077,0.3883279134748817,all,picks tool as today (original features)
2023-07-27,RIG,0.0,-0.102,0.38575757703938696,all,picks tool as today (original features)
2023-07-27,WWW,0.0,-0.26128924,0.382337416508994,all,picks tool as today (original features)
2023-07-27,DFH,1.0,0.198,0.3821436483574528,all,picks tool as today (original features)
2023-07-27,CLSK,0.0,-0.102,0.37805445604853977,all,picks tool as today (original features)
2023-07-27,ANF,1.0,0.27418077,0.3883279134748817,leaders,picks tool as today (original features)
2023-07-27,RIG,0.0,-0.102,0.38575757703938696,leaders,picks tool as today (original features)
2023-07-27,DFH,1.0,0.198,0.3821436483574528,leaders,picks tool as today (original features)
2023-07-27,CLSK,0.0,-0.102,0.37805445604853977,leaders,picks tool as today (original features)
2023-07-27,CCL,0.0,-0.102,0.3704525873230957,leaders,picks tool as today (original features)
2023-07-27,WRLD,0.0,-0.102,0.36615059925376264,leaders,picks tool as today (original features)
2023-07-27,ACAD,0.0,-0.102,0.3624331283293922,leaders,picks tool as today (original features)
2023-07-27,OII,1.0,0.198,0.3621416144554973,leaders,picks tool as today (original features)
2023-07-27,VICR,0.0,-0.109210394,0.3581612116531879,leaders,picks tool as today (original features)
2023-07-27,SKYW,0.0,-0.043109734,0.35596084773036296,leaders,picks tool as today (original features)
2023-08-10,CCL,0.0,-0.11259913,0.43485688840543085,all,picks tool as today (original features)
2023-08-10,COCO,1.0,0.198,0.4324233417434254,all,picks tool as today (original features)
2023-08-10,PRG,0.0,-0.102,0.4281355137779438,all,picks tool as today (original features)
2023-08-10,TTD,0.0,-0.102,0.4123386673762619,all,picks tool as today (original features)
2023-08-10,CENX,0.0,-0.102,0.40019972816738025,all,picks tool as today (original features)
2023-08-10,ACLS,0.0,-0.102,0.3998968512782849,all,picks tool as today (original features)
2023-08-10,DFH,0.0,-0.102,0.3952052462311151,all,picks tool as today (original features)
2023-08-10,NVDA,0.0,0.09684508,0.3913651988953234,all,picks tool as today (original features)
2023-08-10,TEX,0.0,-0.102,0.39104977607924263,all,picks tool as today (original features)
2023-08-10,VICR,0.0,-0.102,0.390845850408971,all,picks tool as today (original features)
2023-08-10,CCL,0.0,-0.11259913,0.43485688840543085,leaders,picks tool as today (original features)
2023-08-10,COCO,1.0,0.198,0.4324233417434254,leaders,picks tool as today (original features)
2023-08-10,PRG,0.0,-0.102,0.4281355137779438,leaders,picks tool as today (original features)
2023-08-10,DFH,0.0,-0.102,0.3952052462311151,leaders,picks tool as today (original features)
2023-08-10,TEX,0.0,-0.102,0.39104977607924263,leaders,picks tool as today (original features)
2023-08-10,VICR,0.0,-0.102,0.390845850408971,leaders,picks tool as today (original features)
2023-08-10,RIG,0.0,-0.102,0.3866983802638469,leaders,picks tool as today (original features)
2023-08-10,CLSK,0.0,-0.13510583,0.3856872057699272,leaders,picks tool as today (original features)
2023-08-10,WRLD,0.0,-0.102,0.38521193670951953,leaders,picks tool as today (original features)
2023-08-10,VNO,0.0,-0.102,0.38370137915617597,leaders,picks tool as today (original features)
2023-08-24,SMTC,0.0,-0.102,0.5106653472357607,all,picks tool as today (original features)
2023-08-24,WRLD,0.0,-0.102,0.509726769605441,all,picks tool as today (original features)
2023-08-24,CCL,0.0,-0.102,0.5068677297888167,all,picks tool as today (original features)
2023-08-24,RIG,0.0,-0.102,0.5032435653159912,all,picks tool as today (original features)
2023-08-24,STLD,0.0,0.11776035,0.5011804079582359,all,picks tool as today (original features)
2023-08-24,MHO,0.0,-0.102,0.5001369818710888,all,picks tool as today (original features)
2023-08-24,PRG,0.0,-0.102,0.49966108979665375,all,picks tool as today (original features)
2023-08-24,AGYS,1.0,0.198,0.48140847643823315,all,picks tool as today (original features)
2023-08-24,CENX,0.0,-0.102,0.48112685272963507,all,picks tool as today (original features)
2023-08-24,LNC,0.0,-0.102,0.47804203052597355,all,picks tool as today (original features)
2023-08-24,MHO,0.0,-0.102,0.5001369818710888,leaders,picks tool as today (original features)
2023-08-24,EXTR,0.0,-0.102,0.4778544979799973,leaders,picks tool as today (original features)
2023-08-24,VNO,0.0,-0.102,0.45980082915390486,leaders,picks tool as today (original features)
2023-08-24,XPO,1.0,0.198,0.45259612299472063,leaders,picks tool as today (original features)
2023-08-24,GBX,0.0,-0.102,0.4525629255245945,leaders,picks tool as today (original features)
2023-08-24,LRCX,0.0,-0.102,0.4311899756201272,leaders,picks tool as today (original features)
2023-08-24,OII,1.0,0.198,0.4307863737476576,leaders,picks tool as today (original features)
2023-08-24,SAIA,0.0,-0.102,0.4307563479827234,leaders,picks tool as today (original features)
2023-08-24,COCO,1.0,0.198,0.4245907130530837,leaders,picks tool as today (original features)
2023-08-24,SLG,1.0,0.198,0.42008338045936194,leaders,picks tool as today (original features)
2023-09-08,RMBS,0.0,-0.102,0.5374712845885458,all,picks tool as today (original features)
2023-09-08,WWW,0.0,-0.102,0.4958691741177399,all,picks tool as today (original features)
2023-09-08,CENX,0.0,-0.102,0.49491960232059196,all,picks tool as today (original features)
2023-09-08,CCL,0.0,-0.11637906,0.49309835515279044,all,picks tool as today (original features)
2023-09-08,UNIT,0.0,-0.102,0.49297734776505164,all,picks tool as today (original features)
2023-09-08,LTH,0.0,-0.11365944,0.4910336633308182,all,picks tool as today (original features)
2023-09-08,RCL,0.0,-0.102,0.48496020618191754,all,picks tool as today (original features)
2023-09-08,MTCH,0.0,-0.10211354,0.4786646759079414,all,picks tool as today (original features)
2023-09-08,SMTC,0.0,-0.102,0.47727200917458346,all,picks tool as today (original features)
2023-09-08,TDS,0.0,-0.102,0.4765930249499169,all,picks tool as today (original features)
2023-09-08,TDS,0.0,-0.102,0.4765930249499169,leaders,picks tool as today (original features)
2023-09-08,RIG,0.0,-0.102,0.4750580848881211,leaders,picks tool as today (original features)
2023-09-08,COCO,0.0,-0.102,0.4748827070780842,leaders,picks tool as today (original features)
2023-09-08,DFH,0.0,-0.102,0.4736391437541767,leaders,picks tool as today (original features)
2023-09-08,XPO,1.0,0.20950615,0.47011528593767987,leaders,picks tool as today (original features)
2023-09-08,SKYW,0.0,-0.102,0.4458205403449154,leaders,picks tool as today (original features)
2023-09-08,FRPT,0.0,-0.102,0.43995399045229333,leaders,picks tool as today (original features)
2023-09-08,TTD,0.0,-0.102,0.43952206406035244,leaders,picks tool as today (original features)
2023-09-08,DUOL,0.0,-0.102,0.4316701902173311,leaders,picks tool as today (original features)
2023-09-08,SLG,0.0,-0.102,0.4311736342918718,leaders,picks tool as today (original features)
2023-09-22,SIRI,0.0,-0.102,0.4396768256620809,all,picks tool as today (original features)
2023-09-22,EGBN,0.0,-0.102,0.42781238673330313,all,picks tool as today (original features)
2023-09-22,KEY,0.0,-0.102,0.41715169622087306,all,picks tool as today (original features)
2023-09-22,DFH,0.0,-0.102,0.40625402797716503,all,picks tool as today (original features)
2023-09-22,CCL,0.0,-0.102,0.3913028739400093,all,picks tool as today (original features)
2023-09-22,ALB,0.0,-0.10686908,0.38914307222917527,all,picks tool as today (original features)
2023-09-22,XPO,1.0,0.198,0.3858887516796727,all,picks tool as today (original features)
2023-09-22,WWW,0.0,-0.102,0.3805574045076893,all,picks tool as today (original features)
2023-09-22,SAFE,0.0,-0.102,0.37753171875805636,all,picks tool as today (original features)
2023-09-22,SMG,0.0,-0.102,0.3754722365328596,all,picks tool as today (original features)
2023-09-22,DUOL,1.0,0.20976394,0.3693478949541845,leaders,picks tool as today (original features)
2023-09-22,TDS,0.0,-0.102,0.36283321324770584,leaders,picks tool as today (original features)
2023-09-22,SLG,0.0,-0.102,0.3609789567640517,leaders,picks tool as today (original features)
2023-09-22,LEU,0.0,-0.102,0.33915518680867157,leaders,picks tool as today (original features)
2023-09-22,ANIP,0.0,-0.102,0.32164108336464037,leaders,picks tool as today (original features)
2023-09-22,ANF,1.0,0.198,0.31260857633656425,leaders,picks tool as today (original features)
2023-09-22,PR,0.0,0.03273967,0.3119998622757277,leaders,picks tool as today (original features)
2023-09-22,POWL,1.0,0.21699649,0.296776422019412,leaders,picks tool as today (original features)
2023-09-22,STRL,0.0,-0.102,0.2912861951453476,leaders,picks tool as today (original features)
2023-09-22,RELY,0.0,-0.20719057,0.28472648033792086,leaders,picks tool as today (original features)
2023-10-06,VSAT,1.0,0.198,0.5004840729586747,all,picks tool as today (original features)
2023-10-06,WWW,1.0,0.198,0.4992097235936117,all,picks tool as today (original features)
2023-10-06,HE,1.0,0.198,0.46331668094561174,all,picks tool as today (original features)
2023-10-06,TDS,1.0,0.198,0.46043727237882776,all,picks tool as today (original features)
2023-10-06,XYZ,0.0,-0.102,0.4538043186704452,all,picks tool as today (original features)
2023-10-06,PRG,0.0,-0.102,0.4446032265970521,all,picks tool as today (original features)
2023-10-06,PDFS,0.0,-0.102,0.43272494741761186,all,picks tool as today (original features)
2023-10-06,SMG,1.0,0.198,0.4325302433550832,all,picks tool as today (original features)
2023-10-06,BOH,1.0,0.198,0.4302718867134152,all,picks tool as today (original features)
2023-10-06,COHR,1.0,0.198,0.43006538173114744,all,picks tool as today (original features)
2023-10-06,NVDA,0.0,-0.102,0.38595216163812507,leaders,picks tool as today (original features)
2023-10-06,DUOL,0.0,-0.102,0.3623696541623732,leaders,picks tool as today (original features)
2023-10-06,RMBS,0.0,-0.102,0.35958977623109484,leaders,picks tool as today (original features)
2023-10-06,GIII,1.0,0.198,0.35274733792541296,leaders,picks tool as today (original features)
2023-10-06,ANF,1.0,0.198,0.35220416740165295,leaders,picks tool as today (original features)
2023-10-06,AMD,0.0,-0.102,0.34453365445165984,leaders,picks tool as today (original features)
2023-10-06,ONTO,0.0,-0.102,0.3348778498140817,leaders,picks tool as today (original features)
2023-10-06,LEU,0.0,-0.102,0.33352554512007226,leaders,picks tool as today (original features)
2023-10-06,MLKN,1.0,0.198,0.3284868949145787,leaders,picks tool as today (original features)
2023-10-06,RELY,0.0,-0.26626423,0.32587559218852213,leaders,picks tool as today (original features)
2023-10-20,HE,1.0,0.198,0.504945575240542,all,picks tool as today (original features)
2023-10-20,ICUI,0.0,-0.102,0.47398859768701623,all,picks tool as today (original features)
2023-10-20,LTH,0.0,-0.102,0.4613442771498349,all,picks tool as today (original features)
2023-10-20,XYZ,0.0,-0.102,0.4567937353571955,all,picks tool as today (original features)
2023-10-20,CCS,1.0,0.22520277,0.45505969148522274,all,picks tool as today (original features)
2023-10-20,AMD,1.0,0.198,0.44004449696321907,all,picks tool as today (original features)
2023-10-20,PDFS,0.0,0.15745568,0.43988431279034573,all,picks tool as today (original features)
2023-10-20,SKYW,1.0,0.198,0.43942472165663576,all,picks tool as today (original features)
2023-10-20,TDS,0.0,0.048419967,0.4380261891461771,all,picks tool as today (original features)
2023-10-20,CVBF,1.0,0.198,0.4373508015445841,all,picks tool as today (original features)
2023-10-20,GAP,1.0,0.38229063,0.3825598828968876,leaders,picks tool as today (original features)
2023-10-20,LEU,0.0,0.05726782,0.36952777142922144,leaders,picks tool as today (original features)
2023-10-20,CNR,0.0,-0.102,0.3626091505475749,leaders,picks tool as today (original features)
2023-10-20,PR,0.0,-0.102,0.35777865785031304,leaders,picks tool as today (original features)
2023-10-20,ANF,1.0,0.198,0.3530946489147006,leaders,picks tool as today (original features)
2023-10-20,OII,0.0,-0.102,0.35305383718270467,leaders,picks tool as today (original features)
2023-10-20,AXON,1.0,0.198,0.34702210918298826,leaders,picks tool as today (original features)
2023-10-20,DUOL,1.0,0.20219184,0.3267775848747873,leaders,picks tool as today (original features)
2023-10-20,SM,0.0,-0.10691809,0.32462649668310223,leaders,picks tool as today (original features)
2023-10-20,GIII,1.0,0.198,0.31898896445594743,leaders,picks tool as today (original features)
2023-11-03,HE,0.0,-0.102,0.4764535210785149,all,picks tool as today (original features)
2023-11-03,VICR,0.0,-0.024466105,0.4210412802036286,all,picks tool as today (original features)
2023-11-03,EXTR,0.0,-0.19783328,0.41868083054575883,all,picks tool as today (original features)
2023-11-03,COHR,1.0,0.198,0.41649733847099885,all,picks tool as today (original features)
2023-11-03,OMCL,1.0,0.198,0.38971855985128084,all,picks tool as today (original features)
2023-11-03,NSSC,1.0,0.198,0.38532733912308204,all,picks tool as today (original features)
2023-11-03,ZION,1.0,0.198,0.3838056740042902,all,picks tool as today (original features)
2023-11-03,DUOL,1.0,0.198,0.37413429882542104,all,picks tool as today (original features)
2023-11-03,BOH,1.0,0.198,0.368954528972161,all,picks tool as today (original features)
2023-11-03,LEU,0.0,-0.102,0.3635918042780227,all,picks tool as today (original features)
2023-11-03,DUOL,1.0,0.198,0.37413429882542104,leaders,picks tool as today (original features)
2023-11-03,LEU,0.0,-0.102,0.3635918042780227,leaders,picks tool as today (original features)
2023-11-03,TDS,0.0,-0.102,0.36193542417261243,leaders,picks tool as today (original features)
2023-11-03,GAP,1.0,0.198,0.3403680533049607,leaders,picks tool as today (original features)
2023-11-03,STRL,0.0,-0.11995681,0.33546170605276904,leaders,picks tool as today (original features)
2023-11-03,MHO,1.0,0.198,0.3304927636541912,leaders,picks tool as today (original features)
2023-11-03,ANF,1.0,0.198,0.33043543711934903,leaders,picks tool as today (original features)
2023-11-03,VNO,0.0,-0.102,0.3301625719438537,leaders,picks tool as today (original features)
2023-11-03,XPO,1.0,0.198,0.32892777490718894,leaders,picks tool as today (original features)
2023-11-03,MLKN,1.0,0.198,0.3280505539808237,leaders,picks tool as today (original features)
2023-11-17,DFH,1.0,0.198,0.4185390146308083,all,picks tool as today (original features)
2023-11-17,TDS,0.0,-0.11163194,0.3944897217301365,all,picks tool as today (original features)
2023-11-17,M,1.0,0.198,0.3936697116961185,all,picks tool as today (original features)
2023-11-17,ACLS,0.0,-0.103878535,0.3915611962595919,all,picks tool as today (original features)
2023-11-17,BOH,1.0,0.198,0.38833720268387356,all,picks tool as today (original features)
2023-11-17,PTCT,1.0,0.198,0.3839747582864375,all,picks tool as today (original features)
2023-11-17,ZION,1.0,0.21285982,0.3817503448251308,all,picks tool as today (original features)
2023-11-17,GAP,1.0,0.198,0.3800192677665346,all,picks tool as today (original features)
2023-11-17,CVBF,0.0,-0.102,0.37913488993965183,all,picks tool as today (original features)
2023-11-17,FHN,1.0,0.198,0.37726378236886676,all,picks tool as today (original features)
2023-11-17,DFH,1.0,0.198,0.4185390146308083,leaders,picks tool as today (original features)
2023-11-17,TDS,0.0,-0.11163194,0.3944897217301365,leaders,picks tool as today (original features)
2023-11-17,GAP,1.0,0.198,0.3800192677665346,leaders,picks tool as today (original features)
2023-11-17,CCL,1.0,0.198,0.35078384706134086,leaders,picks tool as today (original features)
2023-11-17,CNR,0.0,-0.102,0.3463020561691987,leaders,picks tool as today (original features)
2023-11-17,NEO,0.0,-0.102,0.33618581065691217,leaders,picks tool as today (original features)
2023-11-17,VNO,1.0,0.198,0.3214210353181416,leaders,picks tool as today (original features)
2023-11-17,MPWR,1.0,0.198,0.31784057296716334,leaders,picks tool as today (original features)
2023-11-17,GIII,1.0,0.198,0.31294785203280223,leaders,picks tool as today (original features)
2023-11-17,COCO,0.0,-0.102,0.31189378461722295,leaders,picks tool as today (original features)
2023-12-04,ALB,1.0,0.198,0.5287028926847165,all,picks tool as today (original features)
2023-12-04,PTCT,1.0,0.198,0.5257889163738497,all,picks tool as today (original features)
2023-12-04,NBR,0.0,-0.102,0.47050338049550733,all,picks tool as today (original features)
2023-12-04,STAA,0.0,-0.102,0.47003307643978726,all,picks tool as today (original features)
2023-12-04,ILMN,1.0,0.198,0.4685255813914982,all,picks tool as today (original features)
2023-12-04,AA,0.0,-0.102,0.46273785381588783,all,picks tool as today (original features)
2023-12-04,LEU,0.0,-0.102,0.4626788790798681,all,picks tool as today (original features)
2023-12-04,MTZ,1.0,0.30315846,0.460422952589857,all,picks tool as today (original features)
2023-12-04,PRG,0.0,0.11194628,0.4560938958793836,all,picks tool as today (original features)
2023-12-04,ACLS,0.0,-0.102,0.4554049808936001,all,picks tool as today (original features)
2023-12-04,GAP,0.0,-0.102,0.4529870771132727,leaders,picks tool as today (original features)
2023-12-04,VNO,0.0,-0.102,0.4475008942327388,leaders,picks tool as today (original features)
2023-12-04,SLG,1.0,0.20514756,0.44494256972163243,leaders,picks tool as today (original features)
2023-12-04,CCL,1.0,0.198,0.4245421567204472,leaders,picks tool as today (original features)
2023-12-04,ARLO,0.0,-0.102,0.4137999880995505,leaders,picks tool as today (original features)
2023-12-04,UNIT,0.0,-0.102,0.41035052909935843,leaders,picks tool as today (original features)
2023-12-04,TDS,0.0,-0.102,0.4080384793527061,leaders,picks tool as today (original features)
2023-12-04,DFH,1.0,0.198,0.4075474995275823,leaders,picks tool as today (original features)
2023-12-04,MLKN,0.0,0.08686525,0.405624264890821,leaders,picks tool as today (original features)
2023-12-04,CNR,0.0,-0.102,0.4019408133987049,leaders,picks tool as today (original features)
2023-12-18,SLG,0.0,0.1739344,0.6815824661735479,all,picks tool as today (original features)
2023-12-18,VNO,0.0,-0.102,0.6782051034931451,all,picks tool as today (original features)
2023-12-18,ZION,0.0,-0.102,0.6316290596070737,all,picks tool as today (original features)
2023-12-18,BOH,0.0,-0.102,0.6280912274128562,all,picks tool as today (original features)
2023-12-18,M,0.0,-0.102,0.6225719041285739,all,picks tool as today (original features)
2023-12-18,STAA,0.0,-0.102,0.6221610046813678,all,picks tool as today (original features)
2023-12-18,NEO,0.0,-0.102,0.620341360897316,all,picks tool as today (original features)
2023-12-18,XPO,1.0,0.26568508,0.6172852227020643,all,picks tool as today (original features)
2023-12-18,AA,0.0,-0.102,0.610663551362537,all,picks tool as today (original features)
2023-12-18,NWL,0.0,-0.102,0.6089493153903849,all,picks tool as today (original features)
2023-12-18,SLG,0.0,0.1739344,0.6815824661735479,leaders,picks tool as today (original features)
2023-12-18,VNO,0.0,-0.102,0.6782051034931451,leaders,picks tool as today (original features)
2023-12-18,ZION,0.0,-0.102,0.6316290596070737,leaders,picks tool as today (original features)
2023-12-18,BOH,0.0,-0.102,0.6280912274128562,leaders,picks tool as today (original features)
2023-12-18,M,0.0,-0.102,0.6225719041285739,leaders,picks tool as today (original features)
2023-12-18,NEO,0.0,-0.102,0.620341360897316,leaders,picks tool as today (original features)
2023-12-18,XPO,1.0,0.26568508,0.6172852227020643,leaders,picks tool as today (original features)
2023-12-18,CCL,0.0,-0.102,0.6002653979751703,leaders,picks tool as today (original features)
2023-12-18,ARLO,0.0,-0.102,0.5980949709473434,leaders,picks tool as today (original features)
2023-12-18,KSS,0.0,-0.102,0.586908660107607,leaders,picks tool as today (original features)
2024-01-03,SLG,1.0,0.198,0.594346249612873,all,picks tool as today (original features)
2024-01-03,ARLO,1.0,0.198,0.5769862483064333,all,picks tool as today (original features)
2024-01-03,BOH,0.0,-0.102,0.574041920132525,all,picks tool as today (original features)
2024-01-03,STAA,1.0,0.198,0.5700363781037701,all,picks tool as today (original features)
2024-01-03,ZION,0.0,-0.102,0.5694252401578926,all,picks tool as today (original features)
2024-01-03,VNO,0.0,-0.102,0.5609661180200658,all,picks tool as today (original features)
2024-01-03,ACLS,1.0,0.198,0.5590558904735132,all,picks tool as today (original features)
2024-01-03,GAP,1.0,0.198,0.5498438660873783,all,picks tool as today (original features)
2024-01-03,TDS,0.0,-0.102,0.5405954225116986,all,picks tool as today (original features)
2024-01-03,UNIT,0.0,-0.112139896,0.5370456929665937,all,picks tool as today (original features)
2024-01-03,SLG,1.0,0.198,0.594346249612873,leaders,picks tool as today (original features)
2024-01-03,BOH,0.0,-0.102,0.574041920132525,leaders,picks tool as today (original features)
2024-01-03,ZION,0.0,-0.102,0.5694252401578926,leaders,picks tool as today (original features)
2024-01-03,VNO,0.0,-0.102,0.5609661180200658,leaders,picks tool as today (original features)
2024-01-03,GAP,1.0,0.198,0.5498438660873783,leaders,picks tool as today (original features)
2024-01-03,UNIT,0.0,-0.112139896,0.5370456929665937,leaders,picks tool as today (original features)
2024-01-03,MAC,1.0,0.198,0.5326897122730181,leaders,picks tool as today (original features)
2024-01-03,M,0.0,-0.021842495,0.5313510484510836,leaders,picks tool as today (original features)
2024-01-03,MLKN,0.0,-0.102,0.5273194425011063,leaders,picks tool as today (original features)
2024-01-03,AX,0.0,-0.04121572,0.5257794274685115,leaders,picks tool as today (original features)
2024-01-18,SLG,1.0,0.198,0.43173664152041386,all,picks tool as today (original features)
2024-01-18,CALY,1.0,0.198,0.42594306083522954,all,picks tool as today (original features)
2024-01-18,CENX,1.0,0.198,0.42326051732932474,all,picks tool as today (original features)
2024-01-18,GAP,1.0,0.198,0.4123681343873707,all,picks tool as today (original features)
2024-01-18,RELY,1.0,0.36248016,0.39779333912723036,all,picks tool as today (original features)
2024-01-18,DFH,1.0,0.198,0.3970568086703205,all,picks tool as today (original features)
2024-01-18,ZION,0.0,-0.023389932,0.39538020374638033,all,picks tool as today (original features)
2024-01-18,ALB,1.0,0.198,0.3928677767076164,all,picks tool as today (original features)
2024-01-18,MBI,1.0,0.198,0.39256397414112143,all,picks tool as today (original features)
2024-01-18,EGBN,0.0,-0.102,0.39017146497759825,all,picks tool as today (original features)
2024-01-18,SLG,1.0,0.198,0.43173664152041386,leaders,picks tool as today (original features)
2024-01-18,CENX,1.0,0.198,0.42326051732932474,leaders,picks tool as today (original features)
2024-01-18,DFH,1.0,0.198,0.3970568086703205,leaders,picks tool as today (original features)
2024-01-18,MBI,1.0,0.198,0.39256397414112143,leaders,picks tool as today (original features)
2024-01-18,MAC,0.0,0.0016190015,0.37303440013092914,leaders,picks tool as today (original features)
2024-01-18,CCL,0.0,-0.102,0.3619478471298511,leaders,picks tool as today (original features)
2024-01-18,FRPT,1.0,0.2706739,0.3607377289971719,leaders,picks tool as today (original features)
2024-01-18,BBWI,0.0,0.03324766,0.3603603031470723,leaders,picks tool as today (original features)
2024-01-18,AX,0.0,-0.060362022,0.3493122598644763,leaders,picks tool as today (original features)
2024-01-18,SIG,0.0,-0.102,0.3486989059229435,leaders,picks tool as today (original features)
2024-02-01,SLG,1.0,0.198,0.5064932493083673,all,picks tool as today (original features)
2024-02-01,CLSK,1.0,0.198,0.46761106010675424,all,picks tool as today (original features)
2024-02-01,RELY,1.0,0.2688933,0.4592044100408505,all,picks tool as today (original features)
2024-02-01,MBI,0.0,0.056727514,0.4387386030084496,all,picks tool as today (original features)
2024-02-01,SAFE,0.0,-0.102,0.43678697589010107,all,picks tool as today (original features)
2024-02-01,ARLO,1.0,0.198,0.4367340796678344,all,picks tool as today (original features)
2024-02-01,SIRI,0.0,-0.102,0.4352257031850706,all,picks tool as today (original features)
2024-02-01,MTZ,1.0,0.198,0.4329766279531602,all,picks tool as today (original features)
2024-02-01,CALY,1.0,0.198,0.4324006521124803,all,picks tool as today (original features)
2024-02-01,DFH,0.0,-0.102,0.42882892677711504,all,picks tool as today (original features)
2024-02-01,SLG,1.0,0.198,0.5064932493083673,leaders,picks tool as today (original features)
2024-02-01,MBI,0.0,0.056727514,0.4387386030084496,leaders,picks tool as today (original features)
2024-02-01,DFH,0.0,-0.102,0.42882892677711504,leaders,picks tool as today (original features)
2024-02-01,M,1.0,0.198,0.4275412802586401,leaders,picks tool as today (original features)
2024-02-01,MAC,0.0,-0.102,0.4135190867181434,leaders,picks tool as today (original features)
2024-02-01,TDS,0.0,-0.113979325,0.4020808110168315,leaders,picks tool as today (original features)
2024-02-01,CENX,0.0,-0.102,0.39909217108319034,leaders,picks tool as today (original features)
2024-02-01,SRPT,0.0,0.061502427,0.3978993006046591,leaders,picks tool as today (original features)
2024-02-01,AX,0.0,-0.102,0.39567895937947145,leaders,picks tool as today (original features)
2024-02-01,TDW,1.0,0.198,0.3933343712917034,leaders,picks tool as today (original features)
2024-02-15,MBI,0.0,-0.102,0.4863849184303689,all,picks tool as today (original features)
2024-02-15,CYTK,0.0,-0.102,0.4141263699344138,all,picks tool as today (original features)
2024-02-15,DFH,1.0,0.198,0.39685907206114385,all,picks tool as today (original features)
2024-02-15,WWW,0.0,-0.102,0.3834187154336847,all,picks tool as today (original features)
2024-02-15,SAFE,0.0,-0.102,0.37545319318875386,all,picks tool as today (original features)
2024-02-15,PTCT,1.0,0.198,0.3688275830316017,all,picks tool as today (original features)
2024-02-15,COHR,0.0,-0.102,0.3644904662728658,all,picks tool as today (original features)
2024-02-15,CENX,1.0,0.20118353,0.3624519010382052,all,picks tool as today (original features)
2024-02-15,MTZ,1.0,0.20011015,0.3528163701007552,all,picks tool as today (original features)
2024-02-15,MAC,0.0,-0.102,0.345718867995782,all,picks tool as today (original features)
2024-02-15,MBI,0.0,-0.102,0.4863849184303689,leaders,picks tool as today (original features)
2024-02-15,DFH,1.0,0.198,0.39685907206114385,leaders,picks tool as today (original features)
2024-02-15,COHR,0.0,-0.102,0.3644904662728658,leaders,picks tool as today (original features)
2024-02-15,CENX,1.0,0.20118353,0.3624519010382052,leaders,picks tool as today (original features)
2024-02-15,MAC,0.0,-0.102,0.345718867995782,leaders,picks tool as today (original features)
2024-02-15,SLG,1.0,0.198,0.34217550247692374,leaders,picks tool as today (original features)
2024-02-15,SRPT,0.0,0.060855363,0.3420137425670964,leaders,picks tool as today (original features)
2024-02-15,PLAB,0.0,-0.17457683,0.3311507524503516,leaders,picks tool as today (original features)
2024-02-15,NSSC,0.0,-0.102,0.3309719786768052,leaders,picks tool as today (original features)
2024-02-15,JBLU,0.0,-0.102,0.3201420415797325,leaders,picks tool as today (original features)
2024-03-01,MBI,0.0,-0.10334126,0.5106369342749207,all,picks tool as today (original features)
2024-03-01,CYTK,0.0,-0.102,0.4800731377614008,all,picks tool as today (original features)
2024-03-01,CENX,1.0,0.198,0.4399107702087201,all,picks tool as today (original features)
2024-03-01,ARWR,0.0,-0.102,0.4355153453336531,all,picks tool as today (original features)
2024-03-01,AMD,0.0,-0.102,0.4289894980631139,all,picks tool as today (original features)
2024-03-01,COHR,0.0,-0.102,0.4203886480647356,all,picks tool as today (original features)
2024-03-01,NEO,0.0,-0.102,0.4172613920168363,all,picks tool as today (original features)
2024-03-01,SMTC,1.0,0.198,0.41568987034601573,all,picks tool as today (original features)
2024-03-01,STAA,1.0,0.198,0.400886027213611,all,picks tool as today (original features)
2024-03-01,VSAT,0.0,-0.102,0.4004717291661763,all,picks tool as today (original features)
2024-03-01,MBI,0.0,-0.10334126,0.5106369342749207,leaders,picks tool as today (original features)
2024-03-01,ARWR,0.0,-0.102,0.4355153453336531,leaders,picks tool as today (original features)
2024-03-01,AMD,0.0,-0.102,0.4289894980631139,leaders,picks tool as today (original features)
2024-03-01,COHR,0.0,-0.102,0.4203886480647356,leaders,picks tool as today (original features)
2024-03-01,ARLO,0.0,-0.102,0.38965996413018467,leaders,picks tool as today (original features)
2024-03-01,DFH,0.0,-0.102,0.383231023854756,leaders,picks tool as today (original features)
2024-03-01,UCTT,0.0,-0.10282534,0.36715103235412144,leaders,picks tool as today (original features)
2024-03-01,NSSC,0.0,-0.102,0.3657948363686038,leaders,picks tool as today (original features)
2024-03-01,UTI,0.0,0.049896255,0.35266750434177674,leaders,picks tool as today (original features)
2024-03-01,ANF,0.0,-0.10681843,0.3518172147283623,leaders,picks tool as today (original features)
2024-03-15,PTCT,0.0,-0.102,0.4377126464271867,all,picks tool as today (original features)
2024-03-15,STAA,1.0,0.198,0.4320405336682613,all,picks tool as today (original features)
2024-03-15,ICUI,0.0,0.15634012,0.4274923374774508,all,picks tool as today (original features)
2024-03-15,ILMN,0.0,-0.102,0.42207331416573685,all,picks tool as today (original features)
2024-03-15,FLG,0.0,-0.102,0.40814424582932884,all,picks tool as today (original features)
2024-03-15,FMC,0.0,-0.102,0.39535893975088665,all,picks tool as today (original features)
2024-03-15,CALY,1.0,0.198,0.39240478394773226,all,picks tool as today (original features)
2024-03-15,SAFE,0.0,-0.0406843,0.3859530200282892,all,picks tool as today (original features)
2024-03-15,SLAB,0.0,-0.102,0.38387917170247676,all,picks tool as today (original features)
2024-03-15,CLSK,0.0,-0.102,0.3823636648515054,all,picks tool as today (original features)
2024-03-15,DFH,1.0,0.198,0.36452259005142634,leaders,picks tool as today (original features)
2024-03-15,XYZ,0.0,-0.102,0.35377002277740993,leaders,picks tool as today (original features)
2024-03-15,COHR,0.0,-0.102,0.35181283388787904,leaders,picks tool as today (original features)
2024-03-15,GAP,1.0,0.198,0.34938144028202117,leaders,picks tool as today (original features)
2024-03-15,AMD,0.0,-0.102,0.3491447323763907,leaders,picks tool as today (original features)
2024-03-15,ARLO,0.0,-0.102,0.3435538335726629,leaders,picks tool as today (original features)
2024-03-15,CENX,1.0,0.198,0.3424634714309657,leaders,picks tool as today (original features)
2024-03-15,ANF,0.0,-0.102,0.34222860178589554,leaders,picks tool as today (original features)
2024-03-15,AEO,0.0,-0.102,0.33752695531921006,leaders,picks tool as today (original features)
2024-03-15,NVDA,0.0,-0.102,0.3312890008044024,leaders,picks tool as today (original features)
2024-04-01,ILMN,0.0,-0.10386858,0.4677595592933407,all,picks tool as today (original features)
2024-04-01,VSAT,0.0,-0.102,0.4071760654724603,all,picks tool as today (original features)
2024-04-01,EGBN,0.0,-0.102,0.37892795293071135,all,picks tool as today (original features)
2024-04-01,PTCT,0.0,-0.102,0.3781973227264387,all,picks tool as today (original features)
2024-04-01,LEU,0.0,-0.108938366,0.3767377779121227,all,picks tool as today (original features)
2024-04-01,BFH,0.0,-0.102,0.3742693135159307,all,picks tool as today (original features)
2024-04-01,ICUI,0.0,-0.102,0.3737213484264116,all,picks tool as today (original features)
2024-04-01,FLG,0.0,-0.102,0.371186068241812,all,picks tool as today (original features)
2024-04-01,UCTT,0.0,-0.102,0.3663872058656244,all,picks tool as today (original features)
2024-04-01,AMD,0.0,-0.102,0.361548039485586,all,picks tool as today (original features)
2024-04-01,UCTT,0.0,-0.102,0.3663872058656244,leaders,picks tool as today (original features)
2024-04-01,AMD,0.0,-0.102,0.361548039485586,leaders,picks tool as today (original features)
2024-04-01,CENX,1.0,0.198,0.35954348404391734,leaders,picks tool as today (original features)
2024-04-01,JBLU,0.0,-0.14022285,0.3593946939501065,leaders,picks tool as today (original features)
2024-04-01,CLSK,0.0,-0.102,0.3582982355446575,leaders,picks tool as today (original features)
2024-04-01,DFH,0.0,-0.113914184,0.35424364719403945,leaders,picks tool as today (original features)
2024-04-01,COHR,0.0,-0.102,0.3526327057300843,leaders,picks tool as today (original features)
2024-04-01,ARLO,0.0,-0.102,0.349647522841003,leaders,picks tool as today (original features)
2024-04-01,SLG,0.0,-0.102,0.3448051255056347,leaders,picks tool as today (original features)
2024-04-01,ONTO,0.0,-0.102,0.32765254695048585,leaders,picks tool as today (original features)
2024-04-15,FLG,1.0,0.198,0.5559095657318204,all,picks tool as today (original features)
2024-04-15,GAP,0.0,-0.102,0.508437748362429,all,picks tool as today (original features)
2024-04-15,CALY,0.0,-0.102,0.5054203044799639,all,picks tool as today (original features)
2024-04-15,WWW,1.0,0.198,0.5026764792654467,all,picks tool as today (original features)
2024-04-15,RMBS,0.0,-0.102,0.4902045341883916,all,picks tool as today (original features)
2024-04-15,OMCL,1.0,0.198,0.49018704546244857,all,picks tool as today (original features)
2024-04-15,PTCT,1.0,0.198,0.48439227477770735,all,picks tool as today (original features)
2024-04-15,SLAB,0.0,-0.102,0.48426058833946817,all,picks tool as today (original features)
2024-04-15,QDEL,0.0,-0.102,0.48349288685392394,all,picks tool as today (original features)
2024-04-15,NSSC,1.0,0.198,0.47973861402011797,all,picks tool as today (original features)
2024-04-15,WRLD,0.0,-0.10736103,0.4689313121180622,leaders,picks tool as today (original features)
2024-04-15,STRL,1.0,0.198,0.44341613600043833,leaders,picks tool as today (original features)
2024-04-15,TILE,0.0,0.07962696,0.4238295032946635,leaders,picks tool as today (original features)
2024-04-15,SLG,1.0,0.20821476,0.42363920523160886,leaders,picks tool as today (original features)
2024-04-15,NVDA,0.0,-0.102,0.422769982740122,leaders,picks tool as today (original features)
2024-04-15,WSM,1.0,0.20064643,0.4067997080935517,leaders,picks tool as today (original features)
2024-04-15,ARLO,1.0,0.198,0.40399638099740226,leaders,picks tool as today (original features)
2024-04-15,VSEC,0.0,0.17733702,0.4029187828900697,leaders,picks tool as today (original features)
2024-04-15,FIX,0.0,0.08459967,0.4003815284368583,leaders,picks tool as today (original features)
2024-04-15,KALU,0.0,0.12611999,0.399051001192292,leaders,picks tool as today (original features)
2024-04-29,DFH,0.0,-0.10254502,0.39587557759172176,all,picks tool as today (original features)
2024-04-29,ICUI,1.0,0.198,0.373772629821105,all,picks tool as today (original features)
2024-04-29,FLG,1.0,0.198,0.36556458971255335,all,picks tool as today (original features)
2024-04-29,CYTK,0.0,-0.102,0.36530234519373256,all,picks tool as today (original features)
2024-04-29,CLSK,0.0,-0.11734217,0.35962848228868316,all,picks tool as today (original features)
2024-04-29,PTCT,1.0,0.198,0.3560031452590256,all,picks tool as today (original features)
2024-04-29,MTZ,1.0,0.198,0.3499106717629206,all,picks tool as today (original features)
2024-04-29,COHR,1.0,0.198,0.34215633807124207,all,picks tool as today (original features)
2024-04-29,RDNT,1.0,0.198,0.34086622870391525,all,picks tool as today (original features)
2024-04-29,TPC,1.0,0.198,0.34077466400204753,all,picks tool as today (original features)
2024-04-29,RDNT,1.0,0.198,0.34086622870391525,leaders,picks tool as today (original features)
2024-04-29,TPC,1.0,0.198,0.34077466400204753,leaders,picks tool as today (original features)
2024-04-29,KALU,0.0,-0.102,0.3287486244366857,leaders,picks tool as today (original features)
2024-04-29,CENX,0.0,-0.102,0.3270644326968011,leaders,picks tool as today (original features)
2024-04-29,ARLO,1.0,0.198,0.3107973521810236,leaders,picks tool as today (original features)
2024-04-29,PLAB,0.0,-0.17519806,0.3071530467567636,leaders,picks tool as today (original features)
2024-04-29,WDC,0.0,-0.097619794,0.3017536539802713,leaders,picks tool as today (original features)
2024-04-29,IESC,1.0,0.198,0.3005976660613994,leaders,picks tool as today (original features)
2024-04-29,TILE,0.0,-0.102,0.2990172826775855,leaders,picks tool as today (original features)
2024-04-29,NSSC,1.0,0.198,0.29484894027005776,leaders,picks tool as today (original features)
2024-05-13,UNFI,1.0,0.198,0.4473106694870091,all,picks tool as today (original features)
2024-05-13,SMTC,1.0,0.198,0.42643529143331754,all,picks tool as today (original features)
2024-05-13,IART,1.0,0.198,0.4241907323920295,all,picks tool as today (original features)
2024-05-13,FLG,0.0,-0.102,0.4222740989188994,all,picks tool as today (original features)
2024-05-13,EL,0.0,-0.102,0.41834361955738686,all,picks tool as today (original features)
2024-05-13,ACAD,1.0,0.198,0.41523694089768143,all,picks tool as today (original features)
2024-05-13,LEU,1.0,0.198,0.4137338968417841,all,picks tool as today (original features)
2024-05-13,EGBN,0.0,-0.102,0.4128957914248127,all,picks tool as today (original features)
2024-05-13,SHC,1.0,0.198,0.41091545157627896,all,picks tool as today (original features)
2024-05-13,SIRI,0.0,-0.102,0.4087506309455767,all,picks tool as today (original features)
2024-05-13,SMTC,1.0,0.198,0.42643529143331754,leaders,picks tool as today (original features)
2024-05-13,WDC,0.0,-0.102,0.4075848835807942,leaders,picks tool as today (original features)
2024-05-13,POWL,1.0,0.198,0.3972064602223949,leaders,picks tool as today (original features)
2024-05-13,CDE,1.0,0.198,0.39221275814756346,leaders,picks tool as today (original features)
2024-05-13,TPC,1.0,0.198,0.3881063939845764,leaders,picks tool as today (original features)
2024-05-13,CENX,0.0,-0.102,0.38803823608114574,leaders,picks tool as today (original features)
2024-05-13,MTZ,0.0,-0.10930981,0.38115313788713456,leaders,picks tool as today (original features)
2024-05-13,TDS,0.0,-0.102,0.3768529674262647,leaders,picks tool as today (original features)
2024-05-13,ANF,1.0,0.198,0.3728018514095799,leaders,picks tool as today (original features)
2024-05-13,NVDA,1.0,0.21752693,0.3682757511130477,leaders,picks tool as today (original features)
2024-05-28,SMTC,0.0,-0.25779676,0.4297557634518963,all,picks tool as today (original features)
2024-05-28,CENX,0.0,-0.102,0.400535328661562,all,picks tool as today (original features)
2024-05-28,CLSK,0.0,-0.102,0.3991998407270758,all,picks tool as today (original features)
2024-05-28,CDE,1.0,0.198,0.39741514450321436,all,picks tool as today (original features)
2024-05-28,TPC,0.0,-0.102,0.3927426164112532,all,picks tool as today (original features)
2024-05-28,FLG,0.0,-0.102,0.3848286395297584,all,picks tool as today (original features)
2024-05-28,DXPE,0.0,-0.102,0.37640397959615157,all,picks tool as today (original features)
2024-05-28,AA,0.0,-0.102,0.3717562410804644,all,picks tool as today (original features)
2024-05-28,MU,0.0,-0.102,0.3698157960441754,all,picks tool as today (original features)
2024-05-28,POWL,0.0,-0.102,0.3573774011889902,all,picks tool as today (original features)
2024-05-28,SMTC,0.0,-0.25779676,0.4297557634518963,leaders,picks tool as today (original features)
2024-05-28,CENX,0.0,-0.102,0.400535328661562,leaders,picks tool as today (original features)
2024-05-28,CDE,1.0,0.198,0.39741514450321436,leaders,picks tool as today (original features)
2024-05-28,TPC,0.0,-0.102,0.3927426164112532,leaders,picks tool as today (original features)
2024-05-28,AA,0.0,-0.102,0.3717562410804644,leaders,picks tool as today (original features)
2024-05-28,MU,0.0,-0.102,0.3698157960441754,leaders,picks tool as today (original features)
2024-05-28,POWL,0.0,-0.102,0.3573774011889902,leaders,picks tool as today (original features)
2024-05-28,MTZ,0.0,-0.13594393,0.3552615425941223,leaders,picks tool as today (original features)
2024-05-28,NSSC,0.0,-0.102,0.34942846425697704,leaders,picks tool as today (original features)
2024-05-28,HL,0.0,-0.102,0.34821423323961076,leaders,picks tool as today (original features)
2024-06-11,GL,1.0,0.198,0.5363936316575972,all,picks tool as today (original features)
2024-06-11,CDE,1.0,0.23644727,0.4669003795685528,all,picks tool as today (original features)
2024-06-11,SLAB,0.0,-0.102,0.45886063918054465,all,picks tool as today (original features)
2024-06-11,DFH,1.0,0.198,0.44866139358041074,all,picks tool as today (original features)
2024-06-11,DUOL,0.0,-0.102,0.44072175126214586,all,picks tool as today (original features)
2024-06-11,CENX,1.0,0.198,0.43546195293196643,all,picks tool as today (original features)
2024-06-11,GAP,0.0,-0.11534824,0.4317979200794675,all,picks tool as today (original features)
2024-06-11,TPC,1.0,0.198,0.42618729603261835,all,picks tool as today (original features)
2024-06-11,VICR,1.0,0.198,0.4216415392394649,all,picks tool as today (original features)
2024-06-11,CLSK,1.0,0.198,0.4145807702914792,all,picks tool as today (original features)
2024-06-11,CDE,1.0,0.23644727,0.4669003795685528,leaders,picks tool as today (original features)
2024-06-11,GAP,0.0,-0.11534824,0.4317979200794675,leaders,picks tool as today (original features)
2024-06-11,TPC,1.0,0.198,0.42618729603261835,leaders,picks tool as today (original features)
2024-06-11,COHR,1.0,0.198,0.4123533489148427,leaders,picks tool as today (original features)
2024-06-11,MTZ,0.0,-0.1104765,0.3992629009407674,leaders,picks tool as today (original features)
2024-06-11,MU,0.0,-0.102,0.3930241414489478,leaders,picks tool as today (original features)
2024-06-11,WDC,0.0,-0.102,0.3897258791366146,leaders,picks tool as today (original features)
2024-06-11,UCTT,0.0,-0.102,0.3883337393355139,leaders,picks tool as today (original features)
2024-06-11,CRS,1.0,0.198,0.38398386945196655,leaders,picks tool as today (original features)
2024-06-11,AA,0.0,-0.102,0.3793347477407541,leaders,picks tool as today (original features)
2024-06-26,DFH,1.0,0.198,0.48118992011112843,all,picks tool as today (original features)
2024-06-26,GAP,0.0,-0.102,0.4239580778248287,all,picks tool as today (original features)
2024-06-26,SLAB,0.0,-0.102,0.4137212559471543,all,picks tool as today (original features)
2024-06-26,JBLU,1.0,0.198,0.41214315857294487,all,picks tool as today (original features)
2024-06-26,GL,1.0,0.1988277,0.4101375263589324,all,picks tool as today (original features)
2024-06-26,TDS,1.0,0.198,0.4079990633314324,all,picks tool as today (original features)
2024-06-26,TPC,1.0,0.198,0.39795062395860664,all,picks tool as today (original features)
2024-06-26,CDE,1.0,0.20303592,0.3970889051221871,all,picks tool as today (original features)
2024-06-26,CAR,0.0,-0.102,0.3944224976158465,all,picks tool as today (original features)
2024-06-26,CLSK,1.0,0.198,0.39418948892012656,all,picks tool as today (original features)
2024-06-26,GAP,0.0,-0.102,0.4239580778248287,leaders,picks tool as today (original features)
2024-06-26,TDS,1.0,0.198,0.4079990633314324,leaders,picks tool as today (original features)
2024-06-26,TPC,1.0,0.198,0.39795062395860664,leaders,picks tool as today (original features)
2024-06-26,CDE,1.0,0.20303592,0.3970889051221871,leaders,picks tool as today (original features)
2024-06-26,SRPT,0.0,-0.102,0.3840906754623838,leaders,picks tool as today (original features)
2024-06-26,COHR,0.0,-0.102,0.3719271931504759,leaders,picks tool as today (original features)
2024-06-26,ANF,0.0,-0.102,0.348863796644513,leaders,picks tool as today (original features)
2024-06-26,WWW,1.0,0.198,0.3393817611143893,leaders,picks tool as today (original features)
2024-06-26,STRL,0.0,-0.113299206,0.33337726095849834,leaders,picks tool as today (original features)
2024-06-26,NSSC,0.0,-0.102,0.33302183916609324,leaders,picks tool as today (original features)
2024-07-11,TDS,0.0,-0.12439086,0.4475745883545053,all,picks tool as today (original features)
2024-07-11,SRPT,0.0,-0.102,0.43190760037913795,all,picks tool as today (original features)
2024-07-11,MD,1.0,0.198,0.4180098506167639,all,picks tool as today (original features)
2024-07-11,CYTK,0.0,-0.03574774,0.4077541660844395,all,picks tool as today (original features)
2024-07-11,UNIT,1.0,0.198,0.394054115668929,all,picks tool as today (original features)
2024-07-11,GME,0.0,-0.102,0.39063514956662876,all,picks tool as today (original features)
2024-07-11,SMTC,0.0,-0.102,0.3884525227664617,all,picks tool as today (original features)
2024-07-11,FLG,0.0,-0.17500725,0.38340770075278685,all,picks tool as today (original features)
2024-07-11,VST,0.0,-0.102,0.38218430380852675,all,picks tool as today (original features)
2024-07-11,DFH,1.0,0.198,0.3811300675838662,all,picks tool as today (original features)
2024-07-11,TDS,0.0,-0.12439086,0.4475745883545053,leaders,picks tool as today (original features)
2024-07-11,SRPT,0.0,-0.102,0.43190760037913795,leaders,picks tool as today (original features)
2024-07-11,SMTC,0.0,-0.102,0.3884525227664617,leaders,picks tool as today (original features)
2024-07-11,VST,0.0,-0.102,0.38218430380852675,leaders,picks tool as today (original features)
2024-07-11,PBI,0.0,-0.1262423,0.38029186366345674,leaders,picks tool as today (original features)
2024-07-11,ARLO,0.0,-0.102,0.35954809775789126,leaders,picks tool as today (original features)
2024-07-11,IESC,0.0,-0.102,0.3590737610447013,leaders,picks tool as today (original features)
2024-07-11,GAP,0.0,-0.102,0.3553089654647278,leaders,picks tool as today (original features)
2024-07-11,COHR,0.0,-0.102,0.3304550297214847,leaders,picks tool as today (original features)
2024-07-11,CDE,0.0,-0.102443084,0.327961102663369,leaders,picks tool as today (original features)
2024-07-25,ALB,0.0,-0.11958223,0.4587337261141404,all,picks tool as today (original features)
2024-07-25,FIVE,1.0,0.198,0.45399593945132105,all,picks tool as today (original features)
2024-07-25,VST,1.0,0.198,0.4236946835187305,all,picks tool as today (original features)
2024-07-25,OMCL,1.0,0.198,0.41699885132245557,all,picks tool as today (original features)
2024-07-25,MD,1.0,0.198,0.40110859719947134,all,picks tool as today (original features)
2024-07-25,GME,0.0,-0.12726095,0.4006345311933148,all,picks tool as today (original features)
2024-07-25,LEU,0.0,-0.102,0.3984077709703208,all,picks tool as today (original features)
2024-07-25,QDEL,1.0,0.198,0.3911318067040336,all,picks tool as today (original features)
2024-07-25,ANF,0.0,-0.10264014,0.3899927443866113,all,picks tool as today (original features)
2024-07-25,LSCC,0.0,-0.12086302,0.38891575133172523,all,picks tool as today (original features)
2024-07-25,TDS,0.0,-0.102,0.38163705345098164,leaders,picks tool as today (original features)
2024-07-25,PBI,0.0,-0.102,0.37134690928784936,leaders,picks tool as today (original features)
2024-07-25,SRPT,0.0,-0.102,0.33957644570593676,leaders,picks tool as today (original features)
2024-07-25,CDE,0.0,-0.102,0.3230259148955517,leaders,picks tool as today (original features)
2024-07-25,CRS,0.0,-0.102,0.3212040672553011,leaders,picks tool as today (original features)
2024-07-25,ARLO,0.0,-0.11360714,0.31757286390554557,leaders,picks tool as today (original features)
2024-07-25,UFPT,0.0,-0.102,0.3084286310932287,leaders,picks tool as today (original features)
2024-07-25,WSM,0.0,-0.14987291,0.30474211848477817,leaders,picks tool as today (original features)
2024-07-25,CORT,1.0,0.198,0.30377877453899077,leaders,picks tool as today (original features)
2024-07-25,GEO,0.0,-0.102,0.30206915246781424,leaders,picks tool as today (original features)
2024-08-08,MTZ,0.0,-0.102,0.40969706217116647,all,picks tool as today (original features)
2024-08-08,CRS,1.0,0.23029603,0.39742006278812525,all,picks tool as today (original features)
2024-08-08,GL,1.0,0.198,0.3883263090925738,all,picks tool as today (original features)
2024-08-08,UFPT,0.0,-0.102,0.37916196878613434,all,picks tool as today (original features)
2024-08-08,POWL,1.0,0.198,0.37796707469632157,all,picks tool as today (original features)
2024-08-08,LTH,0.0,0.0030462123,0.3765292233851155,all,picks tool as today (original features)
2024-08-08,CDE,1.0,0.20060217,0.3692390975243915,all,picks tool as today (original features)
2024-08-08,WWW,1.0,0.198,0.3650821330553525,all,picks tool as today (original features)
2024-08-08,BFH,1.0,0.198,0.35620363033145735,all,picks tool as today (original features)
2024-08-08,ICUI,1.0,0.198,0.3419715416132478,all,picks tool as today (original features)
2024-08-08,MTZ,0.0,-0.102,0.40969706217116647,leaders,picks tool as today (original features)
2024-08-08,CRS,1.0,0.23029603,0.39742006278812525,leaders,picks tool as today (original features)
2024-08-08,UFPT,0.0,-0.102,0.37916196878613434,leaders,picks tool as today (original features)
2024-08-08,POWL,1.0,0.198,0.37796707469632157,leaders,picks tool as today (original features)
2024-08-08,LTH,0.0,0.0030462123,0.3765292233851155,leaders,picks tool as today (original features)
2024-08-08,BFH,1.0,0.198,0.35620363033145735,leaders,picks tool as today (original features)
2024-08-08,ICUI,1.0,0.198,0.3419715416132478,leaders,picks tool as today (original features)
2024-08-08,STBA,0.0,0.093999915,0.33776762592173953,leaders,picks tool as today (original features)
2024-08-08,NSSC,0.0,-0.102,0.3328681745372454,leaders,picks tool as today (original features)
2024-08-08,CORT,1.0,0.198,0.33254870538243764,leaders,picks tool as today (original features)
2024-08-22,FLG,1.0,0.198,0.5177365032051628,all,picks tool as today (original features)
2024-08-22,GME,0.0,-0.102,0.46980666688520684,all,picks tool as today (original features)
2024-08-22,VST,0.0,-0.102,0.43694200320950227,all,picks tool as today (original features)
2024-08-22,CENX,0.0,-0.102,0.4328743326401195,all,picks tool as today (original features)
2024-08-22,SIRI,0.0,-0.102,0.4259179448761953,all,picks tool as today (original features)
2024-08-22,LEU,1.0,0.198,0.4236702168648394,all,picks tool as today (original features)
2024-08-22,HE,0.0,-0.14024056,0.4236531488124853,all,picks tool as today (original features)
2024-08-22,GEO,0.0,-0.102,0.42028349053911496,all,picks tool as today (original features)
2024-08-22,VICR,1.0,0.198,0.4189309718365748,all,picks tool as today (original features)
2024-08-22,RELY,1.0,0.37608418,0.4174309294790536,all,picks tool as today (original features)
2024-08-22,VST,0.0,-0.102,0.43694200320950227,leaders,picks tool as today (original features)
2024-08-22,NVDA,0.0,-0.102,0.4071828995203382,leaders,picks tool as today (original features)
2024-08-22,GAP,0.0,-0.102,0.4070724603194922,leaders,picks tool as today (original features)
2024-08-22,ANF,0.0,-0.11222997,0.40590667366085414,leaders,picks tool as today (original features)
2024-08-22,SMTC,1.0,0.198,0.4049279300691172,leaders,picks tool as today (original features)
2024-08-22,POWL,0.0,-0.102,0.3999469455439515,leaders,picks tool as today (original features)
2024-08-22,CDE,0.0,-0.102,0.3934817514508459,leaders,picks tool as today (original features)
2024-08-22,TDS,1.0,0.198,0.39236882226874337,leaders,picks tool as today (original features)
2024-08-22,HL,0.0,-0.102,0.38960042807859296,leaders,picks tool as today (original features)
2024-08-22,SLG,1.0,0.198,0.37018477857109494,leaders,picks tool as today (original features)
2024-09-06,GEO,0.0,-0.102,0.5455845031167844,all,picks tool as today (original features)
2024-09-06,ARLO,1.0,0.198,0.5279681695683843,all,picks tool as today (original features)
2024-09-06,FLG,0.0,-0.102,0.524794854917885,all,picks tool as today (original features)
2024-09-06,CLSK,1.0,0.198,0.5235809026772104,all,picks tool as today (original features)
2024-09-06,SIRI,0.0,-0.102,0.5119142057142533,all,picks tool as today (original features)
2024-09-06,HE,1.0,0.198,0.5020934925293289,all,picks tool as today (original features)
2024-09-06,LGND,1.0,0.198,0.49721878469853853,all,picks tool as today (original features)
2024-09-06,TPC,1.0,0.198,0.49672524146318475,all,picks tool as today (original features)
2024-09-06,MD,1.0,0.198,0.4960286351457298,all,picks tool as today (original features)
2024-09-06,UCTT,1.0,0.26181307,0.48923371518969616,all,picks tool as today (original features)
2024-09-06,LGND,1.0,0.198,0.49721878469853853,leaders,picks tool as today (original features)
2024-09-06,MD,1.0,0.198,0.4960286351457298,leaders,picks tool as today (original features)
2024-09-06,SMTC,1.0,0.198,0.4758305386415323,leaders,picks tool as today (original features)
2024-09-06,TBBK,1.0,0.198,0.45497491896448383,leaders,picks tool as today (original features)
2024-09-06,CRS,1.0,0.198,0.45394635913636594,leaders,picks tool as today (original features)
2024-09-06,UNIT,0.0,0.11587063,0.42224092978351324,leaders,picks tool as today (original features)
2024-09-06,MTH,0.0,-0.102,0.41340385805526375,leaders,picks tool as today (original features)
2024-09-06,HWKN,0.0,-0.102,0.38586752480035424,leaders,picks tool as today (original features)
2024-09-06,EAT,1.0,0.198,0.37621686126288184,leaders,picks tool as today (original features)
2024-09-06,RDNT,1.0,0.40803045,0.3751037091782601,leaders,picks tool as today (original features)
2024-09-20,HE,0.0,-0.12688604,0.4585691786956948,all,picks tool as today (original features)
2024-09-20,NVDA,1.0,0.198,0.4240929623802473,all,picks tool as today (original features)
2024-09-20,PBI,1.0,0.25049633,0.42359493709665896,all,picks tool as today (original features)
2024-09-20,CYTK,0.0,-0.102,0.4157985166293182,all,picks tool as today (original features)
2024-09-20,ANF,0.0,0.07874751,0.3951083126654485,all,picks tool as today (original features)
2024-09-20,CLSK,1.0,0.198,0.3932223321317563,all,picks tool as today (original features)
2024-09-20,CENX,1.0,0.20682967,0.3925345937150011,all,picks tool as today (original features)
2024-09-20,UNIT,1.0,0.198,0.39218813171081063,all,picks tool as today (original features)
2024-09-20,ONTO,0.0,-0.102,0.39099118681514833,all,picks tool as today (original features)
2024-09-20,MU,1.0,0.24222428,0.38796351824183883,all,picks tool as today (original features)
2024-09-20,PBI,1.0,0.25049633,0.42359493709665896,leaders,picks tool as today (original features)
2024-09-20,UNIT,1.0,0.198,0.39218813171081063,leaders,picks tool as today (original features)
2024-09-20,VNO,1.0,0.198,0.3651760670300697,leaders,picks tool as today (original features)
2024-09-20,LUMN,0.0,-0.102,0.3565203368896427,leaders,picks tool as today (original features)
2024-09-20,CRS,1.0,0.198,0.3560369347720078,leaders,picks tool as today (original features)
2024-09-20,OMCL,0.0,-0.102,0.34835535493691594,leaders,picks tool as today (original features)
2024-09-20,TBBK,0.0,-0.102,0.34463715062426403,leaders,picks tool as today (original features)
2024-09-20,SMTC,0.0,-0.102,0.3439294538527636,leaders,picks tool as today (original features)
2024-09-20,SKY,1.0,0.22803994,0.34091217918455863,leaders,picks tool as today (original features)
2024-09-20,DUOL,1.0,0.198,0.3345934626706952,leaders,picks tool as today (original features)
2024-10-04,CLSK,0.0,-0.102,0.5425446612606512,all,picks tool as today (original features)
2024-10-04,FLG,0.0,-0.102,0.4675813724444542,all,picks tool as today (original features)
2024-10-04,LUMN,0.0,-0.102,0.46651465541843623,all,picks tool as today (original features)
2024-10-04,AMKR,0.0,-0.18265589,0.4489504135913002,all,picks tool as today (original features)
2024-10-04,ANF,0.0,-0.102,0.43879370267741186,all,picks tool as today (original features)
2024-10-04,IART,1.0,0.29211766,0.4304654602666301,all,picks tool as today (original features)
2024-10-04,GAP,1.0,0.22098869,0.428311815964539,all,picks tool as today (original features)
2024-10-04,MKSI,0.0,0.08254363,0.41967771999949793,all,picks tool as today (original features)
2024-10-04,UNFI,1.0,0.198,0.40442974242657775,all,picks tool as today (original features)
2024-10-04,RMBS,1.0,0.198,0.4022560051866125,all,picks tool as today (original features)
2024-10-04,LUMN,0.0,-0.102,0.46651465541843623,leaders,picks tool as today (original features)
2024-10-04,UNFI,1.0,0.198,0.40442974242657775,leaders,picks tool as today (original features)
2024-10-04,VFC,0.0,-0.102,0.40053186375035166,leaders,picks tool as today (original features)
2024-10-04,UNIT,0.0,-0.102,0.3894319513511297,leaders,picks tool as today (original features)
2024-10-04,DFH,0.0,-0.111037895,0.3848814177906849,leaders,picks tool as today (original features)
2024-10-04,NVDA,1.0,0.198,0.3785151245520328,leaders,picks tool as today (original features)
2024-10-04,COHR,0.0,0.05705798,0.37523634229662317,leaders,picks tool as today (original features)
2024-10-04,JBLU,0.0,-0.102,0.3706118630855045,leaders,picks tool as today (original features)
2024-10-04,LEU,0.0,-0.10447716,0.34805854723605534,leaders,picks tool as today (original features)
2024-10-04,OMCL,1.0,0.198,0.3469998192643465,leaders,picks tool as today (original features)
2024-10-18,FLG,0.0,-0.11365839,0.4663255722228636,all,picks tool as today (original features)
2024-10-18,AMKR,0.0,-0.18346098,0.4602920062835946,all,picks tool as today (original features)
2024-10-18,LUMN,0.0,-0.102,0.4301282609282163,all,picks tool as today (original features)
2024-10-18,INTC,0.0,-0.102,0.427453487538031,all,picks tool as today (original features)
2024-10-18,ARLO,0.0,-0.102,0.416498189744782,all,picks tool as today (original features)
2024-10-18,RMBS,1.0,0.198,0.4078578043531152,all,picks tool as today (original features)
2024-10-18,QDEL,0.0,-0.102,0.4073339874523821,all,picks tool as today (original features)
2024-10-18,IART,1.0,0.198,0.40721732155697177,all,picks tool as today (original features)
2024-10-18,UCTT,0.0,-0.102,0.40627439642523305,all,picks tool as today (original features)
2024-10-18,CALY,0.0,-0.102,0.4028298243945706,all,picks tool as today (original features)
2024-10-18,LUMN,0.0,-0.102,0.4301282609282163,leaders,picks tool as today (original features)
2024-10-18,DFH,0.0,-0.102,0.3888537538520266,leaders,picks tool as today (original features)
2024-10-18,CDE,0.0,-0.102,0.3865511356318275,leaders,picks tool as today (original features)
2024-10-18,UNFI,1.0,0.30780026,0.37053567796755815,leaders,picks tool as today (original features)
2024-10-18,CENX,1.0,0.198,0.37010235001988995,leaders,picks tool as today (original features)
2024-10-18,ANF,0.0,-0.102,0.360445423928145,leaders,picks tool as today (original features)
2024-10-18,LEU,0.0,-0.102,0.35797440916056883,leaders,picks tool as today (original features)
2024-10-18,DUOL,1.0,0.198,0.3522670202868175,leaders,picks tool as today (original features)
2024-10-18,UNIT,0.0,-0.102,0.35010825235165083,leaders,picks tool as today (original features)
2024-10-18,MPWR,0.0,-0.102,0.33695178052982977,leaders,picks tool as today (original features)
2024-11-01,FLG,1.0,0.198,0.6499955733813627,all,picks tool as today (original features)
2024-11-01,GAP,1.0,0.2419731,0.6243147705702683,all,picks tool as today (original features)
2024-11-01,M,1.0,0.198,0.6132388267099486,all,picks tool as today (original features)
2024-11-01,ANF,1.0,0.19806103,0.6074589334667561,all,picks tool as today (original features)
2024-11-01,NSSC,0.0,-0.14685597,0.601850435983674,all,picks tool as today (original features)
2024-11-01,DKS,1.0,0.198,0.5947731831674342,all,picks tool as today (original features)
2024-11-01,MKSI,1.0,0.198,0.5875453990816665,all,picks tool as today (original features)
2024-11-01,GL,0.0,0.1836897,0.5859649255738456,all,picks tool as today (original features)
2024-11-01,MU,0.0,-0.102,0.5813394735888613,all,picks tool as today (original features)
2024-11-01,VECO,0.0,-0.102,0.5715283080820821,all,picks tool as today (original features)
2024-11-01,COHR,1.0,0.198,0.556246847927367,leaders,picks tool as today (original features)
2024-11-01,NVDA,0.0,-0.102,0.5533187182694533,leaders,picks tool as today (original features)
2024-11-01,UNFI,1.0,0.198,0.5415823537560986,leaders,picks tool as today (original features)
2024-11-01,TDS,1.0,0.198,0.5407041628569704,leaders,picks tool as today (original features)
2024-11-01,LUMN,1.0,0.198,0.5399283799141597,leaders,picks tool as today (original features)
2024-11-01,VNO,0.0,0.048636872,0.5368076792300204,leaders,picks tool as today (original features)
2024-11-01,SMTC,1.0,0.198,0.5347790492064911,leaders,picks tool as today (original features)
2024-11-01,CENX,1.0,0.198,0.525146661190065,leaders,picks tool as today (original features)
2024-11-01,VST,1.0,0.198,0.5095903526254348,leaders,picks tool as today (original features)
2024-11-01,DUOL,1.0,0.22220662,0.4961781443218115,leaders,picks tool as today (original features)
2024-11-15,GAP,1.0,0.198,0.48823220188198224,all,picks tool as today (original features)
2024-11-15,FLG,1.0,0.198,0.46451241700046475,all,picks tool as today (original features)
2024-11-15,DLTR,1.0,0.198,0.43807704724150615,all,picks tool as today (original features)
2024-11-15,SIRI,0.0,-0.102,0.4345231987805289,all,picks tool as today (original features)
2024-11-15,VSAT,1.0,0.198,0.42746994940401856,all,picks tool as today (original features)
2024-11-15,AMN,1.0,0.20475103,0.4271551752756157,all,picks tool as today (original features)
2024-11-15,ANF,0.0,-0.102,0.4217450734689324,all,picks tool as today (original features)
2024-11-15,UNFI,1.0,0.2999391,0.4110453648594394,all,picks tool as today (original features)
2024-11-15,CENX,0.0,-0.102,0.4098660992851906,all,picks tool as today (original features)
2024-11-15,HE,0.0,-0.102,0.3945458598380879,all,picks tool as today (original features)
2024-11-15,UNFI,1.0,0.2999391,0.4110453648594394,leaders,picks tool as today (original features)
2024-11-15,CENX,0.0,-0.102,0.4098660992851906,leaders,picks tool as today (original features)
2024-11-15,WWW,0.0,-0.102,0.39245922219678775,leaders,picks tool as today (original features)
2024-11-15,UNIT,0.0,-0.0324115,0.3893996615951545,leaders,picks tool as today (original features)
2024-11-15,JBLU,0.0,-0.11106516,0.3807192088961709,leaders,picks tool as today (original features)
2024-11-15,LUMN,0.0,-0.102,0.3753775472333481,leaders,picks tool as today (original features)
2024-11-15,STRL,0.0,-0.102,0.3697657398409,leaders,picks tool as today (original features)
2024-11-15,TPL,1.0,0.198,0.365146415904024,leaders,picks tool as today (original features)
2024-11-15,NVDA,0.0,-0.102,0.36164794654758525,leaders,picks tool as today (original features)
2024-11-15,TDS,1.0,0.198,0.3576189267818419,leaders,picks tool as today (original features)
2024-12-02,FLG,0.0,-0.102,0.4546127082607706,all,picks tool as today (original features)
2024-12-02,LEU,0.0,-0.102,0.4036125305582285,all,picks tool as today (original features)
2024-12-02,TPL,0.0,-0.102,0.3679804663312387,all,picks tool as today (original features)
2024-12-02,LUMN,0.0,-0.102,0.3534399872152489,all,picks tool as today (original features)
2024-12-02,UNFI,1.0,0.198,0.3503352867842986,all,picks tool as today (original features)
2024-12-02,TPC,0.0,-0.102,0.34385349840426754,all,picks tool as today (original features)
2024-12-02,QDEL,1.0,0.198,0.3420449200944378,all,picks tool as today (original features)
2024-12-02,ACHC,0.0,-0.102,0.32989869363891217,all,picks tool as today (original features)
2024-12-02,CYTK,0.0,-0.102,0.32916521805745974,all,picks tool as today (original features)
2024-12-02,DUOL,0.0,-0.102,0.32803328727100156,all,picks tool as today (original features)
2024-12-02,TPL,0.0,-0.102,0.3679804663312387,leaders,picks tool as today (original features)
2024-12-02,UNFI,1.0,0.198,0.3503352867842986,leaders,picks tool as today (original features)
2024-12-02,DUOL,0.0,-0.102,0.32803328727100156,leaders,picks tool as today (original features)
2024-12-02,CENX,0.0,-0.102,0.32501687954795416,leaders,picks tool as today (original features)
2024-12-02,CORT,0.0,-0.102,0.3230230905187481,leaders,picks tool as today (original features)
2024-12-02,STRL,0.0,-0.102,0.3175150954003691,leaders,picks tool as today (original features)
2024-12-02,MD,0.0,-0.102,0.3134422022621823,leaders,picks tool as today (original features)
2024-12-02,PTCT,0.0,-0.102,0.31175573174883725,leaders,picks tool as today (original features)
2024-12-02,WWW,0.0,-0.102,0.3056953931218295,leaders,picks tool as today (original features)
2024-12-02,RDNT,0.0,-0.102,0.3034579000808356,leaders,picks tool as today (original features)
2024-12-16,FLG,0.0,-0.102,0.4100404114481332,all,picks tool as today (original features)
2024-12-16,LEU,0.0,-0.102,0.4034646099940027,all,picks tool as today (original features)
2024-12-16,ACHC,0.0,-0.19913438,0.4000524440189781,all,picks tool as today (original features)
2024-12-16,GEO,1.0,0.21076602,0.35227822009715826,all,picks tool as today (original features)
2024-12-16,TPC,0.0,-0.102,0.3328227992629814,all,picks tool as today (original features)
2024-12-16,AMN,0.0,-0.102,0.33112730611203356,all,picks tool as today (original features)
2024-12-16,TDW,1.0,0.19948778,0.3296278565460499,all,picks tool as today (original features)
2024-12-16,AGX,1.0,0.198,0.32685305448719815,all,picks tool as today (original features)
2024-12-16,QDEL,0.0,-0.102,0.3252063249377946,all,picks tool as today (original features)
2024-12-16,LUMN,0.0,-0.102,0.3215227754305347,all,picks tool as today (original features)
2024-12-16,GEO,1.0,0.21076602,0.35227822009715826,leaders,picks tool as today (original features)
2024-12-16,AGX,1.0,0.198,0.32685305448719815,leaders,picks tool as today (original features)
2024-12-16,UNFI,1.0,0.198,0.3174989622665806,leaders,picks tool as today (original features)
2024-12-16,CRK,1.0,0.198,0.31109355524464005,leaders,picks tool as today (original features)
2024-12-16,VST,1.0,0.198,0.3104414139209284,leaders,picks tool as today (original features)
2024-12-16,UTI,0.0,0.04667928,0.3037726465910906,leaders,picks tool as today (original features)
2024-12-16,VICR,0.0,-0.102,0.3022543526019669,leaders,picks tool as today (original features)
2024-12-16,CENX,0.0,-0.102,0.30181706131727376,leaders,picks tool as today (original features)
2024-12-16,MD,0.0,-0.102,0.30043088622230757,leaders,picks tool as today (original features)
2024-12-16,SMTC,0.0,-0.102,0.28776867795925065,leaders,picks tool as today (original features)
2024-12-31,LUMN,0.0,-0.102,0.5443397343505275,all,picks tool as today (original features)
2024-12-31,QDEL,0.0,-0.102,0.5322371751547597,all,picks tool as today (original features)
2024-12-31,CDE,1.0,0.198,0.5135356459457615,all,picks tool as today (original features)
2024-12-31,TPL,1.0,0.198,0.504841592012597,all,picks tool as today (original features)
2024-12-31,AMD,0.0,-0.11111499,0.5030621055664882,all,picks tool as today (original features)
2024-12-31,ARLO,1.0,0.198,0.5029600346360317,all,picks tool as today (original features)
2024-12-31,UNIT,0.0,-0.102,0.4950791523763533,all,picks tool as today (original features)
2024-12-31,FLG,1.0,0.198,0.4948391338045345,all,picks tool as today (original features)
2024-12-31,LSCC,1.0,0.198,0.4941234246289442,all,picks tool as today (original features)
2024-12-31,LEU,1.0,0.198,0.4846278804968618,all,picks tool as today (original features)
2024-12-31,GEO,1.0,0.19993001,0.462966881561576,leaders,picks tool as today (original features)
2024-12-31,JBLU,0.0,-0.1139593,0.4572889614631059,leaders,picks tool as today (original features)
2024-12-31,ANF,0.0,-0.102,0.4549166250984266,leaders,picks tool as today (original features)
2024-12-31,TILE,0.0,-0.102,0.45254673682735297,leaders,picks tool as today (original features)
2024-12-31,CRK,1.0,0.198,0.4492523616418915,leaders,picks tool as today (original features)
2024-12-31,MRVL,0.0,-0.102,0.4476446825574956,leaders,picks tool as today (original features)
2024-12-31,SMTC,1.0,0.198,0.4388479995634718,leaders,picks tool as today (original features)
2024-12-31,PTCT,1.0,0.198,0.43170922874521644,leaders,picks tool as today (original features)
2024-12-31,UNFI,1.0,0.198,0.42687019118888714,leaders,picks tool as today (original features)
2024-12-31,AXON,1.0,0.198,0.42369586945804827,leaders,picks tool as today (original features)
2025-01-16,FIVE,0.0,-0.102,0.44644235753761413,all,picks tool as today (original features)
2025-01-16,HLIT,0.0,-0.11472139,0.42303448039659647,all,picks tool as today (original features)
2025-01-16,MPWR,1.0,0.198,0.4157005013406202,all,picks tool as today (original features)
2025-01-16,MCHP,0.0,-0.102,0.41233581418174636,all,picks tool as today (original features)
2025-01-16,CDE,1.0,0.198,0.41196516784071996,all,picks tool as today (original features)
2025-01-16,AMD,0.0,-0.102,0.4052428654779994,all,picks tool as today (original features)
2025-01-16,TPC,0.0,-0.102,0.40347741798058295,all,picks tool as today (original features)
2025-01-16,CXW,0.0,-0.102,0.40308343442426664,all,picks tool as today (original features)
2025-01-16,OMCL,0.0,-0.102,0.3974253724003113,all,picks tool as today (original features)
2025-01-16,CRUS,0.0,-0.102,0.3964832718771183,all,picks tool as today (original features)
2025-01-16,CXW,0.0,-0.102,0.40308343442426664,leaders,picks tool as today (original features)
2025-01-16,UTI,0.0,0.049538467,0.3818809687657035,leaders,picks tool as today (original features)
2025-01-16,TPL,0.0,-0.102,0.36695237202996417,leaders,picks tool as today (original features)
2025-01-16,TTMI,0.0,-0.102,0.3569511258472462,leaders,picks tool as today (original features)
2025-01-16,DY,0.0,-0.102,0.35095142748624675,leaders,picks tool as today (original features)
2025-01-16,DUOL,1.0,0.198,0.34854672231474537,leaders,picks tool as today (original features)
2025-01-16,JBLU,0.0,-0.102,0.3366813601763223,leaders,picks tool as today (original features)
2025-01-16,WWW,0.0,-0.102,0.3337034985794213,leaders,picks tool as today (original features)
2025-01-16,NWL,0.0,-0.24609451,0.33060948200107304,leaders,picks tool as today (original features)
2025-01-16,RELY,0.0,-0.102,0.32947964676725583,leaders,picks tool as today (original features)
2025-01-31,FIVE,0.0,-0.102,0.5377912553481313,all,picks tool as today (original features)
2025-01-31,CLSK,0.0,-0.102,0.47851978831974906,all,picks tool as today (original features)
2025-01-31,FLG,0.0,-0.102,0.4768618568579966,all,picks tool as today (original features)
2025-01-31,GO,0.0,-0.31947994,0.4595562066202667,all,picks tool as today (original features)
2025-01-31,AMN,0.0,-0.102,0.447110616516807,all,picks tool as today (original features)
2025-01-31,ARLO,1.0,0.198,0.44536214727596,all,picks tool as today (original features)
2025-01-31,GME,0.0,-0.102,0.43802609928243813,all,picks tool as today (original features)
2025-01-31,INTC,1.0,0.198,0.43691835585754796,all,picks tool as today (original features)
2025-01-31,GEO,0.0,-0.102,0.43667229879645864,all,picks tool as today (original features)
2025-01-31,NX,0.0,-0.102,0.4337742115551842,all,picks tool as today (original features)
2025-01-31,GEO,0.0,-0.102,0.43667229879645864,leaders,picks tool as today (original features)
2025-01-31,CDE,0.0,-0.102,0.4261151628788772,leaders,picks tool as today (original features)
2025-01-31,URBN,0.0,-0.102,0.4137166195736615,leaders,picks tool as today (original features)
2025-01-31,CRK,0.0,-0.102,0.4084435056860601,leaders,picks tool as today (original features)
2025-01-31,UTI,0.0,-0.102,0.3998512213469846,leaders,picks tool as today (original features)
2025-01-31,OMCL,0.0,-0.102,0.38335624957175324,leaders,picks tool as today (original features)
2025-01-31,CBRL,0.0,-0.102,0.3829255327094309,leaders,picks tool as today (original features)
2025-01-31,CIEN,0.0,-0.102,0.3746352845015125,leaders,picks tool as today (original features)
2025-01-31,DY,0.0,-0.102,0.3733811287538284,leaders,picks tool as today (original features)
2025-01-31,UNFI,0.0,-0.102,0.3724947239570489,leaders,picks tool as today (original features)
2025-02-14,FIVE,0.0,-0.102,0.6340367966270399,all,picks tool as today (original features)
2025-02-14,DY,0.0,-0.102,0.6260489629889935,all,picks tool as today (original features)
2025-02-14,SLVM,0.0,-0.102,0.6045215800126129,all,picks tool as today (original features)
2025-02-14,IART,0.0,-0.102,0.5919773424842985,all,picks tool as today (original features)
2025-02-14,SCHL,0.0,-0.102,0.5911178961469458,all,picks tool as today (original features)
2025-02-14,CDE,0.0,-0.102,0.5742803954626275,all,picks tool as today (original features)
2025-02-14,CLSK,0.0,-0.102,0.5720806597854616,all,picks tool as today (original features)
2025-02-14,STRL,0.0,-0.102,0.5683817493837039,all,picks tool as today (original features)
2025-02-14,ACHC,0.0,-0.21047543,0.5657562287625797,all,picks tool as today (original features)
2025-02-14,AMN,1.0,0.2204594,0.549135421740714,all,picks tool as today (original features)
2025-02-14,CDE,0.0,-0.102,0.5742803954626275,leaders,picks tool as today (original features)
2025-02-14,CENX,0.0,-0.102,0.5112403997170838,leaders,picks tool as today (original features)
2025-02-14,NVDA,0.0,-0.102,0.49631126221192007,leaders,picks tool as today (original features)
2025-02-14,EAT,0.0,-0.102,0.48582834366035066,leaders,picks tool as today (original features)
2025-02-14,RMBS,0.0,-0.102,0.4759427340295955,leaders,picks tool as today (original features)
2025-02-14,RAMP,0.0,-0.102,0.46799545108481877,leaders,picks tool as today (original features)
2025-02-14,FMCC,0.0,-0.102,0.46161749010966824,leaders,picks tool as today (original features)
2025-02-14,FNMA,0.0,-0.102,0.4608548154925951,leaders,picks tool as today (original features)
2025-02-14,CRK,0.0,-0.102,0.45750218908327916,leaders,picks tool as today (original features)
2025-02-14,CCL,0.0,-0.102,0.4477150644460874,leaders,picks tool as today (original features)
2025-03-03,FIVE,0.0,-0.102,0.49555537865344107,all,picks tool as today (original features)
2025-03-03,LEU,0.0,-0.102,0.43519964864055677,all,picks tool as today (original features)
2025-03-03,FMCC,0.0,-0.102,0.4310756085288173,all,picks tool as today (original features)
2025-03-03,TPC,0.0,-0.102,0.4298472949035067,all,picks tool as today (original features)
2025-03-03,FLG,0.0,-0.102,0.4298036136335099,all,picks tool as today (original features)
2025-03-03,UNFI,0.0,-0.109290265,0.42857884757242787,all,picks tool as today (original features)
2025-03-03,CRK,1.0,0.198,0.4275385456275562,all,picks tool as today (original features)
2025-03-03,ALK,0.0,-0.102,0.4145106104841911,all,picks tool as today (original features)
2025-03-03,GEO,0.0,-0.102,0.410716470083589,all,picks tool as today (original features)
2025-03-03,IIPR,0.0,-0.102,0.40707550388206,all,picks tool as today (original features)
2025-03-03,FMCC,0.0,-0.102,0.4310756085288173,leaders,picks tool as today (original features)
2025-03-03,TPC,0.0,-0.102,0.4298472949035067,leaders,picks tool as today (original features)
2025-03-03,ALK,0.0,-0.102,0.4145106104841911,leaders,picks tool as today (original features)
2025-03-03,FNMA,0.0,-0.102,0.4022541148795628,leaders,picks tool as today (original features)
2025-03-03,VFC,0.0,-0.102,0.395508280968929,leaders,picks tool as today (original features)
2025-03-03,TPL,0.0,-0.102,0.39127614802055943,leaders,picks tool as today (original features)
2025-03-03,EAT,0.0,-0.102,0.3695954977273322,leaders,picks tool as today (original features)
2025-03-03,MD,0.0,-0.102,0.369148234593961,leaders,picks tool as today (original features)
2025-03-03,VICR,0.0,-0.102,0.352517957768782,leaders,picks tool as today (original features)
2025-03-03,UTI,0.0,-0.102,0.3473736239792354,leaders,picks tool as today (original features)
2025-03-17,IIPR,0.0,-0.13581668,0.39943978798545987,all,picks tool as today (original features)
2025-03-17,VST,0.0,-0.102,0.39181354867874946,all,picks tool as today (original features)
2025-03-17,AES,0.0,-0.12460548,0.38478752392462706,all,picks tool as today (original features)
2025-03-17,VSAT,1.0,0.198,0.3708625057375464,all,picks tool as today (original features)
2025-03-17,SCHL,0.0,-0.114239715,0.3675907778437663,all,picks tool as today (original features)
2025-03-17,CLSK,0.0,-0.102,0.364046186348395,all,picks tool as today (original features)
2025-03-17,NEO,0.0,-0.102,0.3639577695683087,all,picks tool as today (original features)
2025-03-17,CDE,0.0,-0.102,0.36237996343819523,all,picks tool as today (original features)
2025-03-17,SIG,1.0,0.20854796,0.3618837704305334,all,picks tool as today (original features)
2025-03-17,VAL,0.0,-0.102,0.3599509192813681,all,picks tool as today (original features)
2025-03-17,CDE,0.0,-0.102,0.36237996343819523,leaders,picks tool as today (original features)
2025-03-17,CENX,0.0,-0.102,0.3114796027016523,leaders,picks tool as today (original features)
2025-03-17,TPL,0.0,-0.12150672,0.301756199606023,leaders,picks tool as today (original features)
2025-03-17,VSEC,0.0,-0.119794264,0.300123477166847,leaders,picks tool as today (original features)
2025-03-17,LSCC,0.0,-0.102,0.29070114704218336,leaders,picks tool as today (original features)
2025-03-17,EQT,0.0,-0.102,0.2868624847167646,leaders,picks tool as today (original features)
2025-03-17,MD,0.0,-0.102,0.2857672734094167,leaders,picks tool as today (original features)
2025-03-17,FLG,0.0,-0.102,0.2848526678590955,leaders,picks tool as today (original features)
2025-03-17,PBI,0.0,-0.102,0.28308949374449077,leaders,picks tool as today (original features)
2025-03-17,VICR,0.0,-0.102,0.27591826681631587,leaders,picks tool as today (original features)
2025-03-31,AGYS,0.0,-0.102,0.6138521173108256,all,picks tool as today (original features)
2025-03-31,SRPT,0.0,-0.105415836,0.6073093184035534,all,picks tool as today (original features)
2025-03-31,CRL,0.0,-0.102,0.6017424848507305,all,picks tool as today (original features)
2025-03-31,NSSC,0.0,-0.11233883,0.600233961245136,all,picks tool as today (original features)
2025-03-31,GME,1.0,0.198,0.5874069176628832,all,picks tool as today (original features)
2025-03-31,AMD,0.0,-0.125029,0.582358809493957,all,picks tool as today (original features)
2025-03-31,ALB,0.0,-0.12391068,0.5811170030200099,all,picks tool as today (original features)
2025-03-31,ROG,0.0,-0.102,0.5785535738037616,all,picks tool as today (original features)
2025-03-31,NX,0.0,-0.102,0.5782387226938202,all,picks tool as today (original features)
2025-03-31,LVS,0.0,-0.102,0.5761656763152455,all,picks tool as today (original features)
2025-03-31,IDCC,0.0,-0.1264014,0.5405651246577062,leaders,picks tool as today (original features)
2025-03-31,GEO,0.0,-0.11189385,0.492894979934528,leaders,picks tool as today (original features)
2025-03-31,MD,0.0,-0.102,0.4181681474174569,leaders,picks tool as today (original features)
2025-03-31,FICO,0.0,-0.12740126,0.4174074988105379,leaders,picks tool as today (original features)
2025-03-31,VSEC,0.0,-0.102,0.40142081297632626,leaders,picks tool as today (original features)
2025-03-31,CXW,0.0,0.035949655,0.39895320101810017,leaders,picks tool as today (original features)
2025-03-31,CORT,0.0,-0.102,0.3904701244476344,leaders,picks tool as today (original features)
2025-03-31,CRK,0.0,-0.102,0.3895750987423419,leaders,picks tool as today (original features)
2025-03-31,DNOW,0.0,-0.102,0.3721624529512072,leaders,picks tool as today (original features)
2025-03-31,EXEL,0.0,-0.102,0.3485695246057818,leaders,picks tool as today (original features)
2025-04-14,SMTC,0.0,-0.102,0.45143894374184046,all,picks tool as today (original features)
2025-04-14,NSSC,1.0,0.20089841,0.4384405827073966,all,picks tool as today (original features)
2025-04-14,DIOD,1.0,0.198,0.4291600697999411,all,picks tool as today (original features)
2025-04-14,COHU,1.0,0.198,0.4153249641997587,all,picks tool as today (original features)
2025-04-14,FORM,0.0,-0.102,0.4143662075983818,all,picks tool as today (original features)
2025-04-14,WST,0.0,0.05410079,0.4110410309580932,all,picks tool as today (original features)
2025-04-14,VECO,0.0,0.07024529,0.4030128208531489,all,picks tool as today (original features)
2025-04-14,MCHP,1.0,0.198,0.4006809423695405,all,picks tool as today (original features)
2025-04-14,AMKR,0.0,-0.10447355,0.4001523331837108,all,picks tool as today (original features)
2025-04-14,ACHC,0.0,-0.10203787,0.3995505179653538,all,picks tool as today (original features)
2025-04-14,GEO,0.0,-0.102,0.3542879088222307,leaders,picks tool as today (original features)
2025-04-14,AGX,0.0,-0.102,0.34763924888283365,leaders,picks tool as today (original features)
2025-04-14,CRK,1.0,0.198,0.3307991713226533,leaders,picks tool as today (original features)
2025-04-14,CXW,0.0,-0.007113929,0.2931612201706176,leaders,picks tool as today (original features)
2025-04-14,FICO,0.0,-0.102,0.289915485373318,leaders,picks tool as today (original features)
2025-04-14,CDE,0.0,-0.102,0.28555655161513677,leaders,picks tool as today (original features)
2025-04-14,UTI,1.0,0.198,0.2819531821643523,leaders,picks tool as today (original features)
2025-04-14,AXON,1.0,0.198,0.2768775614031027,leaders,picks tool as today (original features)
2025-04-14,HWKN,1.0,0.198,0.268846392673824,leaders,picks tool as today (original features)
2025-04-14,MRCY,0.0,0.093843944,0.2676643207880735,leaders,picks tool as today (original features)
2025-04-29,SAIA,1.0,0.20953602,0.505845260714229,all,picks tool as today (original features)
2025-04-29,NEO,1.0,0.198,0.49389832103636794,all,picks tool as today (original features)
2025-04-29,AMKR,1.0,0.198,0.48537725336511567,all,picks tool as today (original features)
2025-04-29,FORM,1.0,0.198,0.482275899852386,all,picks tool as today (original features)
2025-04-29,COHU,1.0,0.198,0.4759176953916079,all,picks tool as today (original features)
2025-04-29,MKSI,1.0,0.21944454,0.4674493001746433,all,picks tool as today (original features)
2025-04-29,ARWR,1.0,0.198,0.46376577764312266,all,picks tool as today (original features)
2025-04-29,NSSC,1.0,0.198,0.4622429861686759,all,picks tool as today (original features)
2025-04-29,ACLS,1.0,0.198,0.4595977793661142,all,picks tool as today (original features)
2025-04-29,DIOD,1.0,0.198,0.45913148460188097,all,picks tool as today (original features)
2025-04-29,GEV,1.0,0.198,0.409903721174591,leaders,picks tool as today (original features)
2025-04-29,DUOL,1.0,0.198,0.40590141289566395,leaders,picks tool as today (original features)
2025-04-29,GEO,0.0,-0.102,0.3892405585822799,leaders,picks tool as today (original features)
2025-04-29,AGX,1.0,0.198,0.38832200673777956,leaders,picks tool as today (original features)
2025-04-29,TPL,0.0,-0.102,0.34131285069045375,leaders,picks tool as today (original features)
2025-04-29,FNMA,1.0,0.198,0.33481788496274983,leaders,picks tool as today (original features)
2025-04-29,CALM,1.0,0.2099849,0.325503246589457,leaders,picks tool as today (original features)
2025-04-29,GT,0.0,-0.07745454,0.31870872839447045,leaders,picks tool as today (original features)
2025-04-29,PEGA,1.0,0.198,0.3183884688267808,leaders,picks tool as today (original features)
2025-04-29,CRS,1.0,0.198,0.3179383294323065,leaders,picks tool as today (original features)
2025-05-13,TER,0.0,-0.102,0.4785029113767726,all,picks tool as today (original features)
2025-05-13,STAA,0.0,-0.102,0.45110117352851864,all,picks tool as today (original features)
2025-05-13,AAP,1.0,0.29411817,0.44879180865983614,all,picks tool as today (original features)
2025-05-13,SCHL,0.0,-0.102,0.4472475389157124,all,picks tool as today (original features)
2025-05-13,THRM,1.0,0.198,0.44683906980793653,all,picks tool as today (original features)
2025-05-13,SRPT,1.0,0.198,0.436945302299928,all,picks tool as today (original features)
2025-05-13,VAL,1.0,0.206387,0.4368047171162495,all,picks tool as today (original features)
2025-05-13,IIPR,0.0,-0.102,0.4353848913779382,all,picks tool as today (original features)
2025-05-13,AMN,0.0,-0.102,0.4324853943632676,all,picks tool as today (original features)
2025-05-13,ROG,0.0,-0.102,0.4316100224286828,all,picks tool as today (original features)
2025-05-13,FNMA,1.0,0.5394781,0.422262396640008,leaders,picks tool as today (original features)
2025-05-13,FIX,1.0,0.198,0.4008132428412038,leaders,picks tool as today (original features)
2025-05-13,FMCC,1.0,0.40540737,0.3972944495228132,leaders,picks tool as today (original features)
2025-05-13,AGX,1.0,0.198,0.39531826611927123,leaders,picks tool as today (original features)
2025-05-13,CIEN,0.0,-0.102,0.39445170101067895,leaders,picks tool as today (original features)
2025-05-13,EAT,1.0,0.198,0.3926633394002088,leaders,picks tool as today (original features)
2025-05-13,TPL,0.0,-0.102,0.39256614664675193,leaders,picks tool as today (original features)
2025-05-13,UNFI,0.0,-0.102,0.38084675569795495,leaders,picks tool as today (original features)
2025-05-13,LEU,1.0,0.20519456,0.37742263162759404,leaders,picks tool as today (original features)
2025-05-13,UTI,0.0,-0.102,0.3660938205026272,leaders,picks tool as today (original features)
2025-05-28,ARWR,1.0,0.198,0.4602461592106897,all,picks tool as today (original features)
2025-05-28,VAL,1.0,0.21483946,0.4466154591980573,all,picks tool as today (original features)
2025-05-28,MTZ,1.0,0.198,0.43774475504144766,all,picks tool as today (original features)
2025-05-28,TDW,1.0,0.198,0.4362755530866455,all,picks tool as today (original features)
2025-05-28,ACLS,1.0,0.198,0.43278732432704425,all,picks tool as today (original features)
2025-05-28,CAR,1.0,0.198,0.42393114171830243,all,picks tool as today (original features)
2025-05-28,PII,1.0,0.198,0.4235182258262549,all,picks tool as today (original features)
2025-05-28,GEO,0.0,-0.102,0.4225242265673038,all,picks tool as today (original features)
2025-05-28,VST,1.0,0.198,0.420032356027819,all,picks tool as today (original features)
2025-05-28,AMN,0.0,-0.102,0.41441194257014136,all,picks tool as today (original features)
2025-05-28,MTZ,1.0,0.198,0.43774475504144766,leaders,picks tool as today (original features)
2025-05-28,CAR,1.0,0.198,0.42393114171830243,leaders,picks tool as today (original features)
2025-05-28,VST,1.0,0.198,0.420032356027819,leaders,picks tool as today (original features)
2025-05-28,IESC,1.0,0.198,0.4012351416824914,leaders,picks tool as today (original features)
2025-05-28,ARLO,1.0,0.198,0.38746403892959386,leaders,picks tool as today (original features)
2025-05-28,TPC,1.0,0.2057436,0.3843412956130873,leaders,picks tool as today (original features)
2025-05-28,AGX,1.0,0.198,0.3811510204516883,leaders,picks tool as today (original features)
2025-05-28,FIX,1.0,0.3929928,0.3734728099501138,leaders,picks tool as today (original features)
2025-05-28,STRL,1.0,0.198,0.3697374721673285,leaders,picks tool as today (original features)
2025-05-28,NRG,0.0,-0.05037358,0.36884465019039775,leaders,picks tool as today (original features)
2025-06-11,NEOG,0.0,-0.102,0.4878786959874866,all,picks tool as today (original features)
2025-06-11,SHOO,1.0,0.20370266,0.4697969058706461,all,picks tool as today (original features)
2025-06-11,CORT,0.0,-0.102,0.4620252485713399,all,picks tool as today (original features)
2025-06-11,FIX,1.0,0.3374404,0.4418807246274588,all,picks tool as today (original features)
2025-06-11,AEO,1.0,0.199788,0.4416664498351396,all,picks tool as today (original features)
2025-06-11,UNIT,1.0,0.198,0.43902059398355975,all,picks tool as today (original features)
2025-06-11,CCOI,0.0,-0.1648968,0.43412129076222034,all,picks tool as today (original features)
2025-06-11,DUOL,0.0,-0.102,0.425015121772863,all,picks tool as today (original features)
2025-06-11,FUN,0.0,-0.102,0.4242919154665783,all,picks tool as today (original features)
2025-06-11,AMN,0.0,-0.102,0.4231451266330267,all,picks tool as today (original features)
2025-06-11,FIX,1.0,0.3374404,0.4418807246274588,leaders,picks tool as today (original features)
2025-06-11,DUOL,0.0,-0.102,0.425015121772863,leaders,picks tool as today (original features)
2025-06-11,FIVE,1.0,0.19955161,0.4194547126342202,leaders,picks tool as today (original features)
2025-06-11,VST,1.0,0.198,0.41108883440482474,leaders,picks tool as today (original features)
2025-06-11,IESC,1.0,0.198,0.4106586874799796,leaders,picks tool as today (original features)
2025-06-11,CAR,1.0,0.198,0.4054671151633735,leaders,picks tool as today (original features)
2025-06-11,WWW,1.0,0.198,0.3966159201521389,leaders,picks tool as today (original features)
2025-06-11,UTI,0.0,-0.102,0.39573517398744007,leaders,picks tool as today (original features)
2025-06-11,STRL,1.0,0.198,0.3933196443440114,leaders,picks tool as today (original features)
2025-06-11,MTZ,0.0,0.15932597,0.38414539843503875,leaders,picks tool as today (original features)
2025-06-26,AMN,0.0,-0.102,0.5024629869758163,all,picks tool as today (original features)
2025-06-26,PII,1.0,0.198,0.4789185536427901,all,picks tool as today (original features)
2025-06-26,SRPT,1.0,0.3061835,0.47514785581921926,all,picks tool as today (original features)
2025-06-26,TDW,1.0,0.198,0.4706951768014846,all,picks tool as today (original features)
2025-06-26,CORT,0.0,-0.102,0.4571606137333244,all,picks tool as today (original features)
2025-06-26,TFIN,0.0,-0.102,0.45307919403759195,all,picks tool as today (original features)
2025-06-26,ACHC,0.0,-0.102,0.44663842072628046,all,picks tool as today (original features)
2025-06-26,MAN,0.0,-0.073516384,0.44527769680345314,all,picks tool as today (original features)
2025-06-26,SHOO,1.0,0.198,0.4377226600134349,all,picks tool as today (original features)
2025-06-26,VAL,1.0,0.198,0.4339393657195803,all,picks tool as today (original features)
2025-06-26,FIVE,1.0,0.198,0.41460930305618465,leaders,picks tool as today (original features)
2025-06-26,FNMA,0.0,-0.102,0.4023531770547919,leaders,picks tool as today (original features)
2025-06-26,AGX,1.0,0.198,0.39771086033957254,leaders,picks tool as today (original features)
2025-06-26,STRL,1.0,0.2904557,0.3954878857411672,leaders,picks tool as today (original features)
2025-06-26,LEU,1.0,0.198,0.39179312433189123,leaders,picks tool as today (original features)
2025-06-26,VST,0.0,0.058068532,0.38727387881244635,leaders,picks tool as today (original features)
2025-06-26,TDS,1.0,0.198,0.38332774516173546,leaders,picks tool as today (original features)
2025-06-26,URBN,0.0,0.006491345,0.3806000478506377,leaders,picks tool as today (original features)
2025-06-26,IESC,1.0,0.198,0.3803916973717135,leaders,picks tool as today (original features)
2025-06-26,ACAD,0.0,-0.047024764,0.3787727945247797,leaders,picks tool as today (original features)
2025-07-11,AMN,0.0,-0.102,0.4455456405210477,all,picks tool as today (original features)
2025-07-11,FIVE,1.0,0.198,0.4448576042305686,all,picks tool as today (original features)
2025-07-11,STAA,1.0,0.53827626,0.4417405807818661,all,picks tool as today (original features)
2025-07-11,SRPT,1.0,0.23850638,0.4230959092943901,all,picks tool as today (original features)
2025-07-11,DUOL,0.0,-0.102,0.42203894898652544,all,picks tool as today (original features)
2025-07-11,ARLO,1.0,0.22255468,0.41982881088858803,all,picks tool as today (original features)
2025-07-11,WGO,0.0,-0.102,0.4164788752610261,all,picks tool as today (original features)
2025-07-11,CRK,0.0,-0.102,0.4098559075016723,all,picks tool as today (original features)
2025-07-11,NEO,0.0,-0.102,0.40631586019454724,all,picks tool as today (original features)
2025-07-11,FNMA,0.0,-0.102,0.40610991775671484,all,picks tool as today (original features)
2025-07-11,FIVE,1.0,0.198,0.4448576042305686,leaders,picks tool as today (original features)
2025-07-11,ARLO,1.0,0.22255468,0.41982881088858803,leaders,picks tool as today (original features)
2025-07-11,WWW,1.0,0.198,0.402400277284509,leaders,picks tool as today (original features)
2025-07-11,MU,0.0,-0.102,0.39231939323149495,leaders,picks tool as today (original features)
2025-07-11,CIEN,1.0,0.198,0.386549114710527,leaders,picks tool as today (original features)
2025-07-11,AGX,1.0,0.198,0.3833926029281522,leaders,picks tool as today (original features)
2025-07-11,FMCC,0.0,-0.102,0.3813784549769989,leaders,picks tool as today (original features)
2025-07-11,TPC,0.0,-0.102,0.38005697675443517,leaders,picks tool as today (original features)
2025-07-11,CAR,0.0,-0.102,0.3791065049286055,leaders,picks tool as today (original features)
2025-07-11,MCHP,0.0,-0.102,0.37821677924347347,leaders,picks tool as today (original features)
2025-07-25,DUOL,1.0,0.22297186,0.4703309890651109,all,picks tool as today (original features)
2025-07-25,TPC,1.0,0.33112466,0.4625038011744225,all,picks tool as today (original features)
2025-07-25,CBRL,0.0,-0.102,0.4564920858738464,all,picks tool as today (original features)
2025-07-25,URBN,0.0,-0.102,0.4473334223994674,all,picks tool as today (original features)
2025-07-25,FNMA,1.0,0.198,0.4428695178063175,all,picks tool as today (original features)
2025-07-25,AAP,0.0,-0.102,0.44050282126557894,all,picks tool as today (original features)
2025-07-25,ONTO,0.0,-0.102,0.4373942539771125,all,picks tool as today (original features)
2025-07-25,OMCL,1.0,0.198,0.4338540869698734,all,picks tool as today (original features)
2025-07-25,ARLO,0.0,0.15450037,0.42952161829832924,all,picks tool as today (original features)
2025-07-25,FIVE,0.0,0.13083333,0.42729120263409026,all,picks tool as today (original features)
2025-07-25,TPC,1.0,0.33112466,0.4625038011744225,leaders,picks tool as today (original features)
2025-07-25,CBRL,0.0,-0.102,0.4564920858738464,leaders,picks tool as today (original features)
2025-07-25,URBN,0.0,-0.102,0.4473334223994674,leaders,picks tool as today (original features)
2025-07-25,AAP,0.0,-0.102,0.44050282126557894,leaders,picks tool as today (original features)
2025-07-25,ARLO,0.0,0.15450037,0.42952161829832924,leaders,picks tool as today (original features)
2025-07-25,FIVE,0.0,0.13083333,0.42729120263409026,leaders,picks tool as today (original features)
2025-07-25,CAR,0.0,-0.11404603,0.42179006294477545,leaders,picks tool as today (original features)
2025-07-25,WWW,1.0,0.198,0.41530772134002925,leaders,picks tool as today (original features)
2025-07-25,VST,0.0,-0.0052464944,0.41510338412124226,leaders,picks tool as today (original features)
2025-07-25,CDE,1.0,0.198,0.41054401724236644,leaders,picks tool as today (original features)
2025-08-08,HZO,1.0,0.198,0.43967035663729637,all,picks tool as today (original features)
2025-08-08,AAP,0.0,-0.102,0.43395373461089365,all,picks tool as today (original features)
2025-08-08,CNC,1.0,0.198,0.4317499929982725,all,picks tool as today (original features)
2025-08-08,MOH,1.0,0.23834422,0.42740910566989626,all,picks tool as today (original features)
2025-08-08,CAR,0.0,-0.102,0.42363095815563917,all,picks tool as today (original features)
2025-08-08,NKTR,1.0,0.198,0.4213258487696716,all,picks tool as today (original features)
2025-08-08,AEO,1.0,0.42484894,0.4202413500506644,all,picks tool as today (original features)
2025-08-08,NEOG,1.0,0.198,0.4154745984142447,all,picks tool as today (original features)
2025-08-08,UNFI,1.0,0.198,0.41116308771103915,all,picks tool as today (original features)
2025-08-08,SAIA,0.0,-0.036928818,0.4049326724612772,all,picks tool as today (original features)
2025-08-08,AAP,0.0,-0.102,0.43395373461089365,leaders,picks tool as today (original features)
2025-08-08,UNFI,1.0,0.198,0.41116308771103915,leaders,picks tool as today (original features)
2025-08-08,FNMA,0.0,-0.102,0.3934968664821907,leaders,picks tool as today (original features)
2025-08-08,MU,1.0,0.24049297,0.39303643829690393,leaders,picks tool as today (original features)
2025-08-08,TTMI,0.0,-0.102,0.38330561445622247,leaders,picks tool as today (original features)
2025-08-08,ARLO,0.0,0.011764301,0.37653402260654645,leaders,picks tool as today (original features)
2025-08-08,COHR,0.0,-0.21284549,0.3762091829350799,leaders,picks tool as today (original features)
2025-08-08,WWW,0.0,-0.102,0.375382145863631,leaders,picks tool as today (original features)
2025-08-08,LEU,0.0,-0.102,0.3690492286587644,leaders,picks tool as today (original features)
2025-08-08,AMD,0.0,-0.102,0.36358953723929904,leaders,picks tool as today (original features)
2025-08-22,NKTR,1.0,0.21257643,0.462060406017808,all,picks tool as today (original features)
2025-08-22,CAR,0.0,-0.102,0.4295418394099682,all,picks tool as today (original features)
2025-08-22,SRPT,0.0,-0.102,0.4069135686457836,all,picks tool as today (original features)
2025-08-22,ORCL,1.0,0.34838283,0.40500451867735354,all,picks tool as today (original features)
2025-08-22,AMD,0.0,-0.102,0.4039819855274106,all,picks tool as today (original features)
2025-08-22,FRPT,0.0,-0.102,0.39813417247206323,all,picks tool as today (original features)
2025-08-22,UNFI,1.0,0.23112658,0.39667445922594363,all,picks tool as today (original features)
2025-08-22,LEU,1.0,0.198,0.39191656794989893,all,picks tool as today (original features)
2025-08-22,DUOL,0.0,-0.102,0.38941890989754735,all,picks tool as today (original features)
2025-08-22,TFIN,0.0,-0.102,0.38018968505856837,all,picks tool as today (original features)
2025-08-22,ORCL,1.0,0.34838283,0.40500451867735354,leaders,picks tool as today (original features)
2025-08-22,AMD,0.0,-0.102,0.4039819855274106,leaders,picks tool as today (original features)
2025-08-22,UNFI,1.0,0.23112658,0.39667445922594363,leaders,picks tool as today (original features)
2025-08-22,CALY,0.0,-0.102,0.37590150409817397,leaders,picks tool as today (original features)
2025-08-22,GEV,0.0,-0.102,0.37437200923376784,leaders,picks tool as today (original features)
2025-08-22,WWW,0.0,-0.102,0.36560920213050757,leaders,picks tool as today (original features)
2025-08-22,LGND,1.0,0.198,0.36443025092948456,leaders,picks tool as today (original features)
2025-08-22,AGX,0.0,-0.102,0.36280072228805443,leaders,picks tool as today (original features)
2025-08-22,STRL,1.0,0.198,0.35688401414985155,leaders,picks tool as today (original features)
2025-08-22,SCHL,0.0,-0.102,0.3562738427631988,leaders,picks tool as today (original features)
2025-09-08,SRPT,1.0,0.198,0.5849573581430204,all,picks tool as today (original features)
2025-09-08,CLSK,1.0,0.198,0.513608203831029,all,picks tool as today (original features)
2025-09-08,CAR,0.0,-0.10627048,0.5020686622763803,all,picks tool as today (original features)
2025-09-08,TFIN,0.0,-0.102,0.49424519263913147,all,picks tool as today (original features)
2025-09-08,CRL,0.0,-0.102,0.4891828462003542,all,picks tool as today (original features)
2025-09-08,NEOG,0.0,-0.102,0.4882818061365912,all,picks tool as today (original features)
2025-09-08,COHU,1.0,0.21746475,0.48632449060257316,all,picks tool as today (original features)
2025-09-08,KSS,0.0,-0.102,0.48082673743401294,all,picks tool as today (original features)
2025-09-08,PII,1.0,0.198,0.4761876401343608,all,picks tool as today (original features)
2025-09-08,UCTT,1.0,0.198,0.47193349037069804,all,picks tool as today (original features)
2025-09-08,KSS,0.0,-0.102,0.48082673743401294,leaders,picks tool as today (original features)
2025-09-08,CLF,1.0,0.198,0.4642219424896954,leaders,picks tool as today (original features)
2025-09-08,ARWR,1.0,0.198,0.4392802680867542,leaders,picks tool as today (original features)
2025-09-08,SMTC,1.0,0.21047115,0.43915279068279184,leaders,picks tool as today (original features)
2025-09-08,COHR,1.0,0.198,0.42026078973437736,leaders,picks tool as today (original features)
2025-09-08,AAP,0.0,-0.102,0.41177957171182694,leaders,picks tool as today (original features)
2025-09-08,XYZ,0.0,-0.19271484,0.40330898105184093,leaders,picks tool as today (original features)
2025-09-08,AEO,0.0,-0.102,0.39809146674107637,leaders,picks tool as today (original features)
2025-09-08,NKTR,1.0,0.25245517,0.39760790647812716,leaders,picks tool as today (original features)
2025-09-08,KTOS,1.0,0.198,0.39333526330711494,leaders,picks tool as today (original features)
2025-09-22,SRPT,1.0,0.198,0.5041543529776109,all,picks tool as today (original features)
2025-09-22,CNR,1.0,0.198,0.5022602038101542,all,picks tool as today (original features)
2025-09-22,KSS,0.0,-0.102,0.4674200939748626,all,picks tool as today (original features)
2025-09-22,HZO,0.0,-0.102,0.4381870366752598,all,picks tool as today (original features)
2025-09-22,CAR,0.0,-0.102,0.4208588130031355,all,picks tool as today (original features)
2025-09-22,ARWR,1.0,0.198,0.408410302705067,all,picks tool as today (original features)
2025-09-22,SAIA,0.0,-0.102,0.405313467586935,all,picks tool as today (original features)
2025-09-22,WWW,0.0,-0.102,0.4004833644887272,all,picks tool as today (original features)
2025-09-22,CLF,1.0,0.198,0.39368997523007093,all,picks tool as today (original features)
2025-09-22,CNC,1.0,0.198,0.3921104350539489,all,picks tool as today (original features)
2025-09-22,KSS,0.0,-0.102,0.4674200939748626,leaders,picks tool as today (original features)
2025-09-22,ARWR,1.0,0.198,0.408410302705067,leaders,picks tool as today (original features)
2025-09-22,WWW,0.0,-0.102,0.4004833644887272,leaders,picks tool as today (original features)
2025-09-22,CLF,1.0,0.198,0.39368997523007093,leaders,picks tool as today (original features)
2025-09-22,SMTC,1.0,0.198,0.3896024047077827,leaders,picks tool as today (original features)
2025-09-22,AEO,0.0,-0.102,0.3812115442899843,leaders,picks tool as today (original features)
2025-09-22,DCH,0.0,-0.102,0.3755297372521724,leaders,picks tool as today (original features)
2025-09-22,AAP,0.0,-0.102,0.3726643365359411,leaders,picks tool as today (original features)
2025-09-22,ORCL,0.0,-0.1021981,0.3721535211852057,leaders,picks tool as today (original features)
2025-09-22,COHR,0.0,-0.1056649,0.36894708568511425,leaders,picks tool as today (original features)
2025-10-06,KSS,0.0,-0.102,0.47512423020476574,all,picks tool as today (original features)
2025-10-06,SAIA,0.0,-0.102,0.41313940291973933,all,picks tool as today (original features)
2025-10-06,NEO,1.0,0.198,0.39576995092643846,all,picks tool as today (original features)
2025-10-06,ON,0.0,-0.102,0.3955983987887676,all,picks tool as today (original features)
2025-10-06,VSAT,1.0,0.198,0.39548528591117854,all,picks tool as today (original features)
2025-10-06,TPC,1.0,0.2069435,0.38631584136927727,all,picks tool as today (original features)
2025-10-06,VFC,0.0,-0.102,0.3825699136582429,all,picks tool as today (original features)
2025-10-06,IIPR,0.0,-0.102,0.3807554992920872,all,picks tool as today (original features)
2025-10-06,CCOI,0.0,-0.102,0.3787461185737183,all,picks tool as today (original features)
2025-10-06,REZI,0.0,-0.27871487,0.3777265465515641,all,picks tool as today (original features)
2025-10-06,KSS,0.0,-0.102,0.47512423020476574,leaders,picks tool as today (original features)
2025-10-06,VSAT,1.0,0.198,0.39548528591117854,leaders,picks tool as today (original features)
2025-10-06,TPC,1.0,0.2069435,0.38631584136927727,leaders,picks tool as today (original features)
2025-10-06,REZI,0.0,-0.27871487,0.3777265465515641,leaders,picks tool as today (original features)
2025-10-06,CLF,1.0,0.23375945,0.37748067664843354,leaders,picks tool as today (original features)
2025-10-06,UNFI,0.0,-0.102,0.3691442855269443,leaders,picks tool as today (original features)
2025-10-06,ARWR,1.0,0.198,0.3648899043243939,leaders,picks tool as today (original features)
2025-10-06,KTOS,0.0,-0.102,0.3575196980429915,leaders,picks tool as today (original features)
2025-10-06,COHR,1.0,0.198,0.3540711639173751,leaders,picks tool as today (original features)
2025-10-06,LEU,1.0,0.198,0.3510703736329245,leaders,picks tool as today (original features)
2025-10-20,TFIN,0.0,-0.102,0.5003136010294418,all,picks tool as today (original features)
2025-10-20,GEO,0.0,-0.102,0.48529007693610426,all,picks tool as today (original features)
2025-10-20,ILMN,1.0,0.198,0.46456391969956956,all,picks tool as today (original features)
2025-10-20,LUMN,1.0,0.20191063,0.4625142210739943,all,picks tool as today (original features)
2025-10-20,KSS,1.0,0.20331849,0.4603412257702216,all,picks tool as today (original features)
2025-10-20,CRI,1.0,0.198,0.45051635910494187,all,picks tool as today (original features)
2025-10-20,VFC,1.0,0.198,0.44947558922073755,all,picks tool as today (original features)
2025-10-20,OMCL,1.0,0.198,0.44188759472840794,all,picks tool as today (original features)
2025-10-20,MANH,0.0,-0.102,0.4394103607054967,all,picks tool as today (original features)
2025-10-20,NKTR,0.0,-0.102,0.43832025101543864,all,picks tool as today (original features)
2025-10-20,KSS,1.0,0.20331849,0.4603412257702216,leaders,picks tool as today (original features)
2025-10-20,NKTR,0.0,-0.102,0.43832025101543864,leaders,picks tool as today (original features)
2025-10-20,HL,0.0,-0.10497184,0.4381996087862126,leaders,picks tool as today (original features)
2025-10-20,PTCT,1.0,0.23688242,0.42125370583007593,leaders,picks tool as today (original features)
2025-10-20,REZI,0.0,-0.25483197,0.4200784286898863,leaders,picks tool as today (original features)
2025-10-20,CYTK,0.0,0.06017359,0.4172662982898347,leaders,picks tool as today (original features)
2025-10-20,ARWR,1.0,0.198,0.41642026400555754,leaders,picks tool as today (original features)
2025-10-20,TPC,0.0,-0.102,0.41454763816415197,leaders,picks tool as today (original features)
2025-10-20,CLF,0.0,-0.102,0.4117359374975858,leaders,picks tool as today (original features)
2025-10-20,CENX,0.0,-0.102,0.40578264669629455,leaders,picks tool as today (original features)
2025-11-03,CCOI,0.0,-0.26616484,0.47941222827529356,all,picks tool as today (original features)
2025-11-03,KSS,1.0,0.198,0.47321295620959386,all,picks tool as today (original features)
2025-11-03,MRVL,0.0,-0.111549675,0.47169902412021597,all,picks tool as today (original features)
2025-11-03,TFIN,1.0,0.198,0.4708312943864985,all,picks tool as today (original features)
2025-11-03,AMN,0.0,-0.102,0.4681121594102749,all,picks tool as today (original features)
2025-11-03,NKTR,0.0,-0.102,0.4652657792396193,all,picks tool as today (original features)
2025-11-03,AAON,1.0,0.198,0.46049425885255846,all,picks tool as today (original features)
2025-11-03,HL,1.0,0.198,0.45055030422348663,all,picks tool as today (original features)
2025-11-03,ON,0.0,-0.102,0.4499556011048996,all,picks tool as today (original features)
2025-11-03,HZO,0.0,-0.102,0.4482753816303987,all,picks tool as today (original features)
2025-11-03,KSS,1.0,0.198,0.47321295620959386,leaders,picks tool as today (original features)
2025-11-03,NKTR,0.0,-0.102,0.4652657792396193,leaders,picks tool as today (original features)
2025-11-03,HL,1.0,0.198,0.45055030422348663,leaders,picks tool as today (original features)
2025-11-03,CYTK,0.0,0.05613763,0.44742322822455205,leaders,picks tool as today (original features)
2025-11-03,ARWR,1.0,0.198,0.4297284886164208,leaders,picks tool as today (original features)
2025-11-03,AEO,1.0,0.198,0.41771112925055087,leaders,picks tool as today (original features)
2025-11-03,FORM,0.0,-0.102,0.4172702184705834,leaders,picks tool as today (original features)
2025-11-03,SMTC,0.0,-0.102,0.4172180653934093,leaders,picks tool as today (original features)
2025-11-03,UNFI,0.0,-0.102,0.4166013254393235,leaders,picks tool as today (original features)
2025-11-03,INTC,0.0,-0.102,0.4019127394987056,leaders,picks tool as today (original features)
2025-11-17,CBRL,1.0,0.198,0.4581286369344563,all,picks tool as today (original features)
2025-11-17,VFC,1.0,0.198,0.44218802780730754,all,picks tool as today (original features)
2025-11-17,CCOI,0.0,-0.102,0.4386123531038833,all,picks tool as today (original features)
2025-11-17,ON,1.0,0.198,0.4232341520927383,all,picks tool as today (original features)
2025-11-17,TFIN,1.0,0.198,0.41051397318270655,all,picks tool as today (original features)
2025-11-17,NX,1.0,0.198,0.41044861251601233,all,picks tool as today (original features)
2025-11-17,NEOG,0.0,-0.102,0.4054365227037551,all,picks tool as today (original features)
2025-11-17,FMC,1.0,0.198,0.4047122155043535,all,picks tool as today (original features)
2025-11-17,VCEL,0.0,-0.102,0.4020515498784244,all,picks tool as today (original features)
2025-11-17,OMCL,1.0,0.198,0.3982163014274012,all,picks tool as today (original features)
2025-11-17,NKTR,0.0,-0.102,0.3949659715988764,leaders,picks tool as today (original features)
2025-11-17,ARWR,1.0,0.198,0.3705466224791446,leaders,picks tool as today (original features)
2025-11-17,HL,1.0,0.198,0.3570246456827111,leaders,picks tool as today (original features)
2025-11-17,ALB,1.0,0.21244459,0.3515057558452059,leaders,picks tool as today (original features)
2025-11-17,CYTK,0.0,-0.102,0.34838944964247553,leaders,picks tool as today (original features)
2025-11-17,MU,0.0,-0.102,0.34218695031487684,leaders,picks tool as today (original features)
2025-11-17,MKSI,1.0,0.198,0.3396448211675642,leaders,picks tool as today (original features)
2025-11-17,FORM,1.0,0.198,0.3375002501424646,leaders,picks tool as today (original features)
2025-11-17,STX,0.0,-0.102,0.3367934700899158,leaders,picks tool as today (original features)
2025-11-17,VICR,1.0,0.198,0.3356581320163411,leaders,picks tool as today (original features)
2025-12-02,UCTT,1.0,0.198,0.40486044721466924,all,picks tool as today (original features)
2025-12-02,NEOG,1.0,0.198,0.40421148940921375,all,picks tool as today (original features)
2025-12-02,QDEL,1.0,0.198,0.39502390669904186,all,picks tool as today (original features)
2025-12-02,FORM,1.0,0.198,0.38259022458983116,all,picks tool as today (original features)
2025-12-02,CRI,1.0,0.198,0.38070532888842695,all,picks tool as today (original features)
2025-12-02,ON,1.0,0.198,0.37901086630727404,all,picks tool as today (original features)
2025-12-02,SAIA,1.0,0.198,0.36639321114443046,all,picks tool as today (original features)
2025-12-02,FNMA,0.0,-0.102,0.3635414158713621,all,picks tool as today (original features)
2025-12-02,WLK,1.0,0.198,0.36202965004095694,all,picks tool as today (original features)
2025-12-02,CENX,1.0,0.198,0.35979250594510925,all,picks tool as today (original features)
2025-12-02,FORM,1.0,0.198,0.38259022458983116,leaders,picks tool as today (original features)
2025-12-02,CENX,1.0,0.198,0.35979250594510925,leaders,picks tool as today (original features)
2025-12-02,MU,1.0,0.198,0.3590020866003146,leaders,picks tool as today (original features)
2025-12-02,ALB,1.0,0.198,0.35673737258307525,leaders,picks tool as today (original features)
2025-12-02,PDFS,1.0,0.198,0.35435670841166156,leaders,picks tool as today (original features)
2025-12-02,STX,1.0,0.198,0.35247237356573285,leaders,picks tool as today (original features)
2025-12-02,WDC,1.0,0.20635894,0.3513757626364924,leaders,picks tool as today (original features)
2025-12-02,AEO,1.0,0.198,0.3486914037362461,leaders,picks tool as today (original features)
2025-12-02,LRCX,1.0,0.2018243,0.3477404559395741,leaders,picks tool as today (original features)
2025-12-02,LUMN,0.0,-0.102,0.339208922328972,leaders,picks tool as today (original features)
2025-12-16,CRI,1.0,0.198,0.4719310005191425,all,picks tool as today (original features)
2025-12-16,ZD,0.0,-0.102,0.4539873603227541,all,picks tool as today (original features)
2025-12-16,CAR,0.0,-0.102,0.4493332067517434,all,picks tool as today (original features)
2025-12-16,VICR,1.0,0.198,0.4441943279230139,all,picks tool as today (original features)
2025-12-16,NBR,1.0,0.198,0.4417133768693392,all,picks tool as today (original features)
2025-12-16,QDEL,1.0,0.198,0.43918768955160303,all,picks tool as today (original features)
2025-12-16,CBRL,1.0,0.198,0.4291604884471292,all,picks tool as today (original features)
2025-12-16,HL,1.0,0.2561493,0.4268961534039408,all,picks tool as today (original features)
2025-12-16,CLF,0.0,-0.102,0.42639845059502324,all,picks tool as today (original features)
2025-12-16,VSAT,1.0,0.198,0.4218036024564665,all,picks tool as today (original features)
2025-12-16,VICR,1.0,0.198,0.4441943279230139,leaders,picks tool as today (original features)
2025-12-16,HL,1.0,0.2561493,0.4268961534039408,leaders,picks tool as today (original features)
2025-12-16,CLF,0.0,-0.102,0.42639845059502324,leaders,picks tool as today (original features)
2025-12-16,CENX,1.0,0.198,0.4130244276546606,leaders,picks tool as today (original features)
2025-12-16,FORM,1.0,0.198,0.40578279891677294,leaders,picks tool as today (original features)
2025-12-16,KSS,0.0,-0.102,0.40533830450950753,leaders,picks tool as today (original features)
2025-12-16,ALB,1.0,0.198,0.40444427151238754,leaders,picks tool as today (original features)
2025-12-16,MU,1.0,0.198,0.40215750115265425,leaders,picks tool as today (original features)
2025-12-16,CIEN,1.0,0.198,0.39732806981980945,leaders,picks tool as today (original features)
2025-12-16,WDC,1.0,0.198,0.3946597711581572,leaders,picks tool as today (original features)
2025-12-31,CRI,1.0,0.198,0.47613717641611786,all,picks tool as today (original features)
2025-12-31,CAR,0.0,-0.102,0.44007855117880806,all,picks tool as today (original features)
2025-12-31,NBR,1.0,0.198,0.4330983994621204,all,picks tool as today (original features)
2025-12-31,FNMA,0.0,-0.102,0.42426100616267626,all,picks tool as today (original features)
2025-12-31,FMC,1.0,0.198,0.4159544949090454,all,picks tool as today (original features)
2025-12-31,VICR,1.0,0.198,0.4132463024771141,all,picks tool as today (original features)
2025-12-31,CLF,0.0,-0.102,0.4126722111314105,all,picks tool as today (original features)
2025-12-31,QDEL,1.0,0.198,0.4121525250833261,all,picks tool as today (original features)
2025-12-31,AMD,1.0,0.21755542,0.41064529972724756,all,picks tool as today (original features)
2025-12-31,ORCL,0.0,-0.102,0.407585082910972,all,picks tool as today (original features)
2025-12-31,NBR,1.0,0.198,0.4330983994621204,leaders,picks tool as today (original features)
2025-12-31,VICR,1.0,0.198,0.4132463024771141,leaders,picks tool as today (original features)
2025-12-31,CLF,0.0,-0.102,0.4126722111314105,leaders,picks tool as today (original features)
2025-12-31,CDE,1.0,0.20439376,0.40001394770042376,leaders,picks tool as today (original features)
2025-12-31,WDC,1.0,0.198,0.3998529826780221,leaders,picks tool as today (original features)
2025-12-31,FORM,1.0,0.198,0.39203475223090695,leaders,picks tool as today (original features)
2025-12-31,ALB,1.0,0.23527363,0.3916547442697336,leaders,picks tool as today (original features)
2025-12-31,AMKR,1.0,0.198,0.38853438079550906,leaders,picks tool as today (original features)
2025-12-31,STX,1.0,0.198,0.3879032363565886,leaders,picks tool as today (original features)
2025-12-31,VIAV,1.0,0.198,0.38673992100766996,leaders,picks tool as today (original features)
2026-01-15,CCOI,1.0,0.198,0.629659882569704,all,picks tool as today (original features)
2026-01-15,SRPT,0.0,-0.102,0.5544625831544711,all,picks tool as today (original features)
2026-01-15,DUOL,0.0,-0.102,0.5539182571316288,all,picks tool as today (original features)
2026-01-15,WWW,0.0,-0.102,0.5524219307053225,all,picks tool as today (original features)
2026-01-15,ORCL,0.0,-0.102,0.5509126626720005,all,picks tool as today (original features)
2026-01-15,CLSK,0.0,-0.11040528,0.5470766010284752,all,picks tool as today (original features)
2026-01-15,MRVL,0.0,-0.102,0.5387852763372368,all,picks tool as today (original features)
2026-01-15,FUN,1.0,0.198,0.5377361763789689,all,picks tool as today (original features)
2026-01-15,SWKS,0.0,-0.102,0.5362763031000406,all,picks tool as today (original features)
2026-01-15,ARLO,0.0,-0.102,0.5346726452444301,all,picks tool as today (original features)
2026-01-15,NBR,1.0,0.198,0.4299505201961556,leaders,picks tool as today (original features)
2026-01-15,OMCL,0.0,-0.102,0.4221504484634663,leaders,picks tool as today (original features)
2026-01-15,CLF,0.0,-0.102,0.4219251876576734,leaders,picks tool as today (original features)
2026-01-15,ADEA,0.0,-0.102,0.4211549641115653,leaders,picks tool as today (original features)
2026-01-15,UCTT,1.0,0.24569367,0.42019875404178797,leaders,picks tool as today (original features)
2026-01-15,STRL,1.0,0.198,0.41456584842002075,leaders,picks tool as today (original features)
2026-01-15,ENTG,1.0,0.198,0.41389239423570306,leaders,picks tool as today (original features)
2026-01-15,AMD,0.0,-0.102,0.40902665727925164,leaders,picks tool as today (original features)
2026-01-15,ONTO,0.0,-0.102,0.40483464781601103,leaders,picks tool as today (original features)
2026-01-15,AMKR,0.0,-0.102,0.4043578923708148,leaders,picks tool as today (original features)
2026-01-30,CCOI,0.0,-0.102,0.49950914116300804,all,picks tool as today (original features)
2026-01-30,ARLO,0.0,-0.102,0.46808778964511516,all,picks tool as today (original features)
2026-01-30,ORCL,0.0,-0.102,0.4504755352154983,all,picks tool as today (original features)
2026-01-30,SRPT,0.0,-0.102,0.44968263548925325,all,picks tool as today (original features)
2026-01-30,CAR,0.0,-0.11766219,0.42453784543326634,all,picks tool as today (original features)
2026-01-30,WDC,1.0,0.198,0.41630894549377506,all,picks tool as today (original features)
2026-01-30,MRVL,0.0,-0.102,0.41583985626381903,all,picks tool as today (original features)
2026-01-30,DUOL,0.0,-0.102,0.40986782379975,all,picks tool as today (original features)
2026-01-30,RELY,1.0,0.23476249,0.4042085499548687,all,picks tool as today (original features)
2026-01-30,ARWR,0.0,-0.102,0.4000729330663765,all,picks tool as today (original features)
2026-01-30,WDC,1.0,0.198,0.41630894549377506,leaders,picks tool as today (original features)
2026-01-30,ARWR,0.0,-0.102,0.4000729330663765,leaders,picks tool as today (original features)
2026-01-30,MU,0.0,-0.102,0.39908173932937296,leaders,picks tool as today (original features)
2026-01-30,VICR,0.0,-0.102,0.39902314046150544,leaders,picks tool as today (original features)
2026-01-30,UCTT,1.0,0.23655307,0.39644209134240366,leaders,picks tool as today (original features)
2026-01-30,ONTO,0.0,-0.102,0.39273945822905165,leaders,picks tool as today (original features)
2026-01-30,NEOG,0.0,-0.102,0.3900308053827506,leaders,picks tool as today (original features)
2026-01-30,OMCL,0.0,-0.18364951,0.3881680580069771,leaders,picks tool as today (original features)
2026-01-30,INTC,0.0,-0.102,0.38564022959650895,leaders,picks tool as today (original features)
2026-01-30,STX,0.0,-0.11588554,0.38422056360002316,leaders,picks tool as today (original features)
2026-02-13,SRPT,0.0,-0.102,0.4094683754113671,all,picks tool as today (original features)
2026-02-13,ARWR,0.0,-0.102,0.3957464093121447,all,picks tool as today (original features)
2026-02-13,FUN,1.0,0.198,0.38478818047781016,all,picks tool as today (original features)
2026-02-13,WWW,1.0,0.198,0.37645695401827983,all,picks tool as today (original features)
2026-02-13,AEO,0.0,-0.102,0.37499325653306326,all,picks tool as today (original features)
2026-02-13,MOH,1.0,0.21528842,0.3727258175498188,all,picks tool as today (original features)
2026-02-13,MU,0.0,-0.102,0.3721179191807341,all,picks tool as today (original features)
2026-02-13,CAR,0.0,-0.14276887,0.36991785536469807,all,picks tool as today (original features)
2026-02-13,DUOL,0.0,-0.18242104,0.36903116867067703,all,picks tool as today (original features)
2026-02-13,KSS,0.0,-0.102,0.3677134278708432,all,picks tool as today (original features)
2026-02-13,AEO,0.0,-0.102,0.37499325653306326,leaders,picks tool as today (original features)
2026-02-13,MU,0.0,-0.102,0.3721179191807341,leaders,picks tool as today (original features)
2026-02-13,WDC,0.0,-0.102,0.3666693074052665,leaders,picks tool as today (original features)
2026-02-13,NKTR,0.0,-0.102,0.3582408954075772,leaders,picks tool as today (original features)
2026-02-13,PLAB,0.0,-0.102,0.3580626511166378,leaders,picks tool as today (original features)
2026-02-13,RIG,0.0,-0.102,0.3563451287921998,leaders,picks tool as today (original features)
2026-02-13,NEOG,0.0,-0.102,0.356168239698464,leaders,picks tool as today (original features)
2026-02-13,FCX,0.0,-0.102,0.35060674504856176,leaders,picks tool as today (original features)
2026-02-13,AA,1.0,0.198,0.34363085624581585,leaders,picks tool as today (original features)
2026-02-13,KLIC,0.0,-0.102,0.33937162582553343,leaders,picks tool as today (original features)
2026-03-02,SRPT,1.0,0.20878436,0.44346182062989553,all,picks tool as today (original features)
2026-03-02,DUOL,0.0,-0.102,0.4400860131688476,all,picks tool as today (original features)
2026-03-02,CORT,0.0,-0.102,0.43186852825154165,all,picks tool as today (original features)
2026-03-02,FUN,0.0,-0.102,0.42921696612374416,all,picks tool as today (original features)
2026-03-02,ARWR,0.0,-0.102,0.4202241556374697,all,picks tool as today (original features)
2026-03-02,GEO,0.0,-0.102,0.4188577493381238,all,picks tool as today (original features)
2026-03-02,NSP,1.0,0.20427743,0.4101836550404226,all,picks tool as today (original features)
2026-03-02,INTC,0.0,-0.102,0.40280217523697653,all,picks tool as today (original features)
2026-03-02,ORCL,1.0,0.198,0.3958029456376194,all,picks tool as today (original features)
2026-03-02,ARLO,0.0,-0.10991365,0.3922565614308033,all,picks tool as today (original features)
2026-03-02,INTC,0.0,-0.102,0.40280217523697653,leaders,picks tool as today (original features)
2026-03-02,NEOG,0.0,-0.102,0.3880803745684763,leaders,picks tool as today (original features)
2026-03-02,AA,0.0,-0.102,0.3764565285764957,leaders,picks tool as today (original features)
2026-03-02,NKTR,1.0,0.198,0.37574463695514715,leaders,picks tool as today (original features)
2026-03-02,MU,0.0,-0.102,0.3694157977076547,leaders,picks tool as today (original features)
2026-03-02,CENX,1.0,0.198,0.3656457011269145,leaders,picks tool as today (original features)
2026-03-02,UCTT,0.0,-0.102,0.3651479979086818,leaders,picks tool as today (original features)
2026-03-02,KLIC,0.0,-0.102,0.36183323191182537,leaders,picks tool as today (original features)
2026-03-02,NBR,1.0,0.19813003,0.36039290520974326,leaders,picks tool as today (original features)
2026-03-02,WDC,0.0,-0.11594953,0.35848044809669316,leaders,picks tool as today (original features)
2026-03-16,CORT,1.0,0.198,0.4385919915488105,all,picks tool as today (original features)
2026-03-16,SRPT,1.0,0.198,0.41914981026348247,all,picks tool as today (original features)
2026-03-16,FUN,1.0,0.198,0.4068713123785666,all,picks tool as today (original features)
2026-03-16,VST,0.0,-0.102,0.39343098487961115,all,picks tool as today (original features)
2026-03-16,ACLS,1.0,0.20438671,0.38568927142223103,all,picks tool as today (original features)
2026-03-16,FMCC,0.0,-0.102,0.3827960558638561,all,picks tool as today (original features)
2026-03-16,ARWR,1.0,0.198,0.37841384677798834,all,picks tool as today (original features)
2026-03-16,CHTR,0.0,-0.102,0.3727868435803652,all,picks tool as today (original features)
2026-03-16,ACHC,1.0,0.198,0.36600670576441435,all,picks tool as today (original features)
2026-03-16,DUOL,0.0,-0.102,0.36597326825004856,all,picks tool as today (original features)
2026-03-16,WDC,0.0,-0.102,0.36308135686531506,leaders,picks tool as today (original features)
2026-03-16,FLEX,1.0,0.198,0.35847949427504633,leaders,picks tool as today (original features)
2026-03-16,ADEA,1.0,0.198,0.345321255076836,leaders,picks tool as today (original features)
2026-03-16,NBR,1.0,0.198,0.34315589891808934,leaders,picks tool as today (original features)
2026-03-16,STX,0.0,-0.102,0.3342262129344687,leaders,picks tool as today (original features)
2026-03-16,KLIC,1.0,0.198,0.33359122100157357,leaders,picks tool as today (original features)
2026-03-16,TTMI,0.0,-0.102,0.32952913848492227,leaders,picks tool as today (original features)
2026-03-16,UCTT,1.0,0.198,0.32185743353271734,leaders,picks tool as today (original features)
2026-03-16,VSAT,1.0,0.20334405,0.31749423667138804,leaders,picks tool as today (original features)
2026-03-16,VICR,0.0,-0.102,0.31673528523228145,leaders,picks tool as today (original features)
2026-03-30,HUM,1.0,0.21486747,0.43435076533564826,all,picks tool as today (original features)
2026-03-30,LEU,1.0,0.198,0.42338240567075935,all,picks tool as today (original features)
2026-03-30,HL,1.0,0.20938219,0.3965997276575073,all,picks tool as today (original features)
2026-03-30,CSGP,0.0,-0.102,0.39489690264654176,all,picks tool as today (original features)
2026-03-30,DUOL,1.0,0.20390731,0.38895585871065225,all,picks tool as today (original features)
2026-03-30,KSS,1.0,0.198,0.38700952087130946,all,picks tool as today (original features)
2026-03-30,KTOS,1.0,0.21399263,0.3812352481201124,all,picks tool as today (original features)
2026-03-30,AGYS,0.0,-0.102,0.37755004480530874,all,picks tool as today (original features)
2026-03-30,ORCL,1.0,0.21209577,0.37520614052896756,all,picks tool as today (original features)
2026-03-30,LUMN,1.0,0.198,0.3743823095994297,all,picks tool as today (original features)
2026-03-30,PLAB,1.0,0.198,0.34954119677475637,leaders,picks tool as today (original features)
2026-03-30,NKTR,1.0,0.198,0.34840400081525585,leaders,picks tool as today (original features)
2026-03-30,ACLS,1.0,0.198,0.34465891090652767,leaders,picks tool as today (original features)
2026-03-30,CIEN,1.0,0.198,0.31572709570151364,leaders,picks tool as today (original features)
2026-03-30,GLW,1.0,0.21892565,0.29493392426164766,leaders,picks tool as today (original features)
2026-03-30,VECO,1.0,0.2084782,0.2925251033690405,leaders,picks tool as today (original features)
2026-03-30,FTI,0.0,-0.020417465,0.29060444296707044,leaders,picks tool as today (original features)
2026-03-30,AA,1.0,0.198,0.29008948063050055,leaders,picks tool as today (original features)
2026-03-30,VIAV,1.0,0.198,0.289117297371838,leaders,picks tool as today (original features)
2026-03-30,UCTT,1.0,0.25028124,0.2878571555637108,leaders,picks tool as today (original features)
2026-04-14,CNC,1.0,0.20036182,0.5093920100875449,all,picks tool as today (original features)
2026-04-14,SRPT,0.0,-0.102,0.4958172923923438,all,picks tool as today (original features)
2026-04-14,LEU,1.0,0.1993878,0.47831505706225974,all,picks tool as today (original features)
2026-04-14,CDE,0.0,-0.102,0.4757889095777048,all,picks tool as today (original features)
2026-04-14,NKTR,1.0,0.198,0.46330830169794357,all,picks tool as today (original features)
2026-04-14,TYL,0.0,-0.102,0.4570266984272381,all,picks tool as today (original features)
2026-04-14,CHTR,0.0,-0.102,0.45321010016185465,all,picks tool as today (original features)
2026-04-14,RMBS,1.0,0.22752431,0.4514444374873018,all,picks tool as today (original features)
2026-04-14,APH,0.0,-0.102,0.44486863464466725,all,picks tool as today (original features)
2026-04-14,CBRL,1.0,0.198,0.4424284456221569,all,picks tool as today (original features)
2026-04-14,NKTR,1.0,0.198,0.46330830169794357,leaders,picks tool as today (original features)
2026-04-14,RMBS,1.0,0.22752431,0.4514444374873018,leaders,picks tool as today (original features)
2026-04-14,APH,0.0,-0.102,0.44486863464466725,leaders,picks tool as today (original features)
2026-04-14,DY,1.0,0.36320075,0.42164951038066756,leaders,picks tool as today (original features)
2026-04-14,SANM,1.0,0.198,0.41752416935558706,leaders,picks tool as today (original features)
2026-04-14,ACHC,0.0,-0.102,0.4112370310140719,leaders,picks tool as today (original features)
2026-04-14,VAL,1.0,0.198,0.40889927098905976,leaders,picks tool as today (original features)
2026-04-14,MCHP,1.0,0.198,0.40828799160305845,leaders,picks tool as today (original features)
2026-04-14,ARWR,1.0,0.198,0.4076723656288662,leaders,picks tool as today (original features)
2026-04-14,TTMI,1.0,0.198,0.407576299225154,leaders,picks tool as today (original features)
2026-04-28,SMPL,0.0,-0.102,0.5731742068417457,all,picks tool as today (original features)
2026-04-28,QDEL,0.0,-0.102,0.5639388059803824,all,picks tool as today (original features)
2026-04-28,NKTR,0.0,-0.102,0.5551470655283701,all,picks tool as today (original features)
2026-04-28,CCOI,0.0,-0.32087648,0.5263060089838794,all,picks tool as today (original features)
2026-04-28,SRPT,0.0,-0.102,0.519875812441993,all,picks tool as today (original features)
2026-04-28,ARWR,1.0,0.198,0.5118161888855399,all,picks tool as today (original features)
2026-04-28,FUN,1.0,0.198,0.5108985888487353,all,picks tool as today (original features)
2026-04-28,CBRL,1.0,0.4117146,0.5086208025653414,all,picks tool as today (original features)
2026-04-28,BAX,1.0,0.198,0.5021341901032447,all,picks tool as today (original features)
2026-04-28,ACHC,0.0,-0.102,0.5015876132228942,all,picks tool as today (original features)
2026-04-28,NKTR,0.0,-0.102,0.5551470655283701,leaders,picks tool as today (original features)
2026-04-28,ARWR,1.0,0.198,0.5118161888855399,leaders,picks tool as today (original features)
2026-04-28,ACHC,0.0,-0.102,0.5015876132228942,leaders,picks tool as today (original features)
2026-04-28,ACLS,1.0,0.198,0.4985254089717317,leaders,picks tool as today (original features)
2026-04-28,DIOD,1.0,0.198,0.4833315379627234,leaders,picks tool as today (original features)
2026-04-28,OMCL,0.0,-0.102,0.48238056772322474,leaders,picks tool as today (original features)
2026-04-28,MRVL,1.0,0.198,0.47820573807598893,leaders,picks tool as today (original features)
2026-04-28,AGX,1.0,0.198,0.47678063068399307,leaders,picks tool as today (original features)
2026-04-28,SYNA,1.0,0.198,0.4721076950623287,leaders,picks tool as today (original features)
2026-04-28,PLAB,0.0,-0.23719633,0.47035405460914065,leaders,picks tool as today (original features)
2026-05-12,CCOI,1.0,0.2502955,0.47590040547030094,all,picks tool as today (original features)
2026-05-12,NSP,0.0,-0.102,0.46398847369957935,all,picks tool as today (original features)
2026-05-12,CDE,0.0,-0.102,0.4620541070096507,all,picks tool as today (original features)
2026-05-12,FUN,1.0,0.198,0.4485281507372925,all,picks tool as today (original features)
2026-05-12,QDEL,1.0,0.198,0.44789374878769006,all,picks tool as today (original features)
2026-05-12,SANM,1.0,0.198,0.4396723581944085,all,picks tool as today (original features)
2026-05-12,AXON,1.0,0.198,0.43855585799309105,all,picks tool as today (original features)
2026-05-12,GO,1.0,0.198,0.43539776027094734,all,picks tool as today (original features)
2026-05-12,NSIT,1.0,0.198,0.43060545671999517,all,picks tool as today (original features)
2026-05-12,SMPL,1.0,0.198,0.4233457166073503,all,picks tool as today (original features)
2026-05-12,SANM,1.0,0.198,0.4396723581944085,leaders,picks tool as today (original features)
2026-05-12,ACLS,0.0,-0.102,0.41966941215834075,leaders,picks tool as today (original features)
2026-05-12,CNC,0.0,0.12883794,0.4180744956934232,leaders,picks tool as today (original features)
2026-05-12,ACHC,0.0,-0.102,0.4160159397750962,leaders,picks tool as today (original features)
2026-05-12,COCO,0.0,-0.102,0.41479784836941336,leaders,picks tool as today (original features)
2026-05-12,RELY,0.0,-0.102,0.41125990491816555,leaders,picks tool as today (original features)
2026-05-12,MRCY,1.0,0.198,0.39966711693811624,leaders,picks tool as today (original features)
2026-05-12,NBR,0.0,-0.102,0.399146109113596,leaders,picks tool as today (original features)
2026-05-12,SM,0.0,-0.10528517,0.3976179834777066,leaders,picks tool as today (original features)
2026-05-12,RMBS,1.0,0.198,0.39694572951990237,leaders,picks tool as today (original features)
2026-05-27,AEO,0.0,-0.1677175,0.4607173543537691,all,picks tool as today (original features)
2026-05-27,CCOI,0.0,-0.122259,0.46025199891866425,all,picks tool as today (original features)
2026-05-27,CDE,0.0,-0.102,0.4599169120678898,all,picks tool as today (original features)
2026-05-27,KTOS,0.0,-0.102,0.4379350214729579,all,picks tool as today (original features)
2026-05-27,CBRL,1.0,0.25631648,0.4314155794525538,all,picks tool as today (original features)
2026-05-27,DFH,0.0,-0.102,0.4249994678713744,all,picks tool as today (original features)
2026-05-27,CLF,0.0,-0.105663285,0.42322854162565654,all,picks tool as today (original features)
2026-05-27,FNMA,0.0,-0.102,0.4201760530046193,all,picks tool as today (original features)
2026-05-27,TREX,1.0,0.198,0.4157753003887479,all,picks tool as today (original features)
2026-05-27,BBWI,0.0,-0.102,0.41443376788073594,all,picks tool as today (original features)
2026-05-27,CLF,0.0,-0.105663285,0.42322854162565654,leaders,picks tool as today (original features)
2026-05-27,SANM,0.0,-0.102,0.41422631315872166,leaders,picks tool as today (original features)
2026-05-27,LUMN,0.0,-0.102,0.4082260112935515,leaders,picks tool as today (original features)
2026-05-27,ACLS,1.0,0.198,0.4043049617061698,leaders,picks tool as today (original features)
2026-05-27,MRCY,1.0,0.198,0.3941839916436572,leaders,picks tool as today (original features)
2026-05-27,FORM,0.0,-0.102,0.38853271465580935,leaders,picks tool as today (original features)
2026-05-27,CLSK,0.0,-0.11231051,0.38412280359656137,leaders,picks tool as today (original features)
2026-05-27,ZD,1.0,0.198,0.38224343613826367,leaders,picks tool as today (original features)
2026-05-27,AGX,0.0,-0.102,0.3816251989143833,leaders,picks tool as today (original features)
2026-05-27,DIOD,0.0,-0.102,0.38156680435073154,leaders,picks tool as today (original features)
2026-06-10,SMPL,0.0,-0.102,0.42713968092277366,all,picks tool as today (original features)
2026-06-10,CSGP,0.0,-0.102,0.41868238708149036,all,picks tool as today (original features)
2026-06-10,BSX,0.0,-0.102,0.4069223343022692,all,picks tool as today (original features)
2026-06-10,DFH,1.0,0.198,0.40603654692881475,all,picks tool as today (original features)
2026-06-10,AXON,0.0,-0.102,0.3853093943179341,all,picks tool as today (original features)
2026-06-10,VSH,1.0,0.198,0.38424665321467383,all,picks tool as today (original features)
2026-06-10,RMBS,0.0,-0.102,0.3768363675741087,all,picks tool as today (original features)
2026-06-10,FND,1.0,0.198,0.37664972867439633,all,picks tool as today (original features)
2026-06-10,FMCC,1.0,0.198,0.3739465410687996,all,picks tool as today (original features)
2026-06-10,MU,1.0,0.198,0.3716912132549821,all,picks tool as today (original features)
2026-06-10,VSH,1.0,0.198,0.38424665321467383,leaders,picks tool as today (original features)
2026-06-10,RMBS,0.0,-0.102,0.3768363675741087,leaders,picks tool as today (original features)
2026-06-10,MU,1.0,0.198,0.3716912132549821,leaders,picks tool as today (original features)
2026-06-10,COCO,0.0,-0.102,0.36928419456548806,leaders,picks tool as today (original features)
2026-06-10,ONTO,1.0,0.198,0.3543608541020828,leaders,picks tool as today (original features)
2026-06-10,STAA,0.0,-0.102,0.3524711642276318,leaders,picks tool as today (original features)
2026-06-10,CORT,1.0,0.198,0.3501926676616436,leaders,picks tool as today (original features)
2026-06-10,MRCY,1.0,0.198,0.3492012771411522,leaders,picks tool as today (original features)
2026-06-10,MRVL,1.0,0.198,0.3478982904123921,leaders,picks tool as today (original features)
2026-06-10,ARCB,0.0,-0.102,0.3469585647466941,leaders,picks tool as today (original features)
2026-06-25,SMPL,1.0,0.22094546,0.43896627153670664,all,picks tool as today (original features)
2026-06-25,STAA,0.0,-0.102,0.4163551691399383,all,picks tool as today (original features)
2026-06-25,CENX,0.0,-0.102,0.41179304528488614,all,picks tool as today (original features)
2026-06-25,SANM,0.0,-0.102,0.4075797968506271,all,picks tool as today (original features)
2026-06-25,FLO,0.0,-0.102,0.3821037340536739,all,picks tool as today (original features)
2026-06-25,CNC,0.0,-0.102,0.3772921696872791,all,picks tool as today (original features)
2026-06-25,PII,0.0,-0.102,0.3764664302892554,all,picks tool as today (original features)
2026-06-25,WWW,1.0,0.198,0.3760824055951389,all,picks tool as today (original features)
2026-06-25,SRPT,1.0,0.198,0.3705747506749674,all,picks tool as today (original features)
2026-06-25,TSCO,0.0,0.027502583,0.36953777636999124,all,picks tool as today (original features)
2026-06-25,STAA,0.0,-0.102,0.4163551691399383,leaders,picks tool as today (original features)
2026-06-25,SANM,0.0,-0.102,0.4075797968506271,leaders,picks tool as today (original features)
2026-06-25,CNC,0.0,-0.102,0.3772921696872791,leaders,picks tool as today (original features)
2026-06-25,PII,0.0,-0.102,0.3764664302892554,leaders,picks tool as today (original features)
2026-06-25,ON,0.0,-0.174225,0.36773197663530877,leaders,picks tool as today (original features)
2026-06-25,SYNA,0.0,-0.123557106,0.3668459849113449,leaders,picks tool as today (original features)
2026-06-25,ARCB,0.0,-0.102,0.36669983233774595,leaders,picks tool as today (original features)
2026-06-25,VSH,0.0,-0.102,0.3644904961810004,leaders,picks tool as today (original features)
2026-06-25,KSS,0.0,-0.102,0.3632633978265762,leaders,picks tool as today (original features)
2026-06-25,WSC,0.0,-0.102,0.36179962272101024,leaders,picks tool as today (original features)
2026-07-10,WWW,1.0,0.198,0.6502310514212161,all,picks tool as today (original features)
2026-07-10,CAR,0.0,-0.102,0.5788650808685138,all,picks tool as today (original features)
2026-07-10,AORT,1.0,0.198,0.5550086967613354,all,picks tool as today (original features)
2026-07-10,DFH,0.0,-0.102,0.5261454953321508,all,picks tool as today (original features)
2026-07-10,FNMA,0.0,-0.102,0.524234491600515,all,picks tool as today (original features)
2026-07-10,ARE,0.0,-0.03525861,0.5130808004141786,all,picks tool as today (original features)
2026-07-10,FMCC,0.0,-0.10672971,0.5128117034966075,all,picks tool as today (original features)
2026-07-10,EFOR,1.0,0.198,0.5107863642313102,all,picks tool as today (original features)
2026-07-10,SRPT,0.0,-0.102,0.4985286854813096,all,picks tool as today (original features)
2026-07-10,AZTA,1.0,0.22000311,0.49739321473758313,all,picks tool as today (original features)
2026-07-10,NSP,1.0,0.198,0.48715695498995526,leaders,picks tool as today (original features)
2026-07-10,IART,0.0,-0.102,0.479508434110551,leaders,picks tool as today (original features)
2026-07-10,HUM,0.0,-0.015002922,0.4783425756462523,leaders,picks tool as today (original features)
2026-07-10,HLIT,0.0,-0.102,0.47039024233271126,leaders,picks tool as today (original features)
2026-07-10,AMN,0.0,0.092840895,0.46863317855703585,leaders,picks tool as today (original features)
2026-07-10,NEO,1.0,0.198,0.46395479074095836,leaders,picks tool as today (original features)
2026-07-10,WSC,0.0,-0.102,0.4637737866142947,leaders,picks tool as today (original features)
2026-07-10,ARCB,0.0,-0.102,0.4586286159468167,leaders,picks tool as today (original features)
2026-07-10,QLYS,0.0,-0.102,0.45505024998804583,leaders,picks tool as today (original features)
2026-07-10,MRCY,0.0,-0.102,0.4544590089031324,leaders,picks tool as today (original features)
2023-01-04,LEU,1.0,0.20254545,0.5058317024202766,all,upgraded features (run-16 set)
2023-01-04,FTI,1.0,0.198,0.4964389317121671,all,upgraded features (run-16 set)
2023-01-04,OII,1.0,0.198,0.47188000522352924,all,upgraded features (run-16 set)
2023-01-04,RES,0.0,-0.11831591,0.46228170982425454,all,upgraded features (run-16 set)
2023-01-04,ROG,1.0,0.198,0.46140982793774776,all,upgraded features (run-16 set)
2023-01-04,CNR,0.0,-0.102,0.44886177358255325,all,upgraded features (run-16 set)
2023-01-04,PTCT,1.0,0.198,0.4444675089529007,all,upgraded features (run-16 set)
2023-01-04,HP,0.0,-0.10783494,0.44190208256377767,all,upgraded features (run-16 set)
2023-01-04,GIII,1.0,0.198,0.44078196469104375,all,upgraded features (run-16 set)
2023-01-04,INSW,1.0,0.198,0.4352140394841317,all,upgraded features (run-16 set)
2023-01-04,OII,1.0,0.198,0.47188000522352924,leaders,upgraded features (run-16 set)
2023-01-04,HAL,0.0,-0.102,0.4312414333816179,leaders,upgraded features (run-16 set)
2023-01-04,TDW,1.0,0.198,0.42126610002244974,leaders,upgraded features (run-16 set)
2023-01-04,ATI,1.0,0.198,0.41567533554000546,leaders,upgraded features (run-16 set)
2023-01-04,EXTR,0.0,-0.102,0.41438283427073436,leaders,upgraded features (run-16 set)
2023-01-04,TBBK,1.0,0.198,0.4049969482774693,leaders,upgraded features (run-16 set)
2023-01-04,AGYS,0.0,0.049159236,0.40291340357429234,leaders,upgraded features (run-16 set)
2023-01-04,DDS,1.0,0.198,0.397277503230395,leaders,upgraded features (run-16 set)
2023-01-04,DKS,1.0,0.198,0.37818257849469933,leaders,upgraded features (run-16 set)
2023-01-04,ACLS,1.0,0.198,0.3700854691417411,leaders,upgraded features (run-16 set)
2023-01-19,CNR,0.0,-0.102,0.5366051789262147,all,upgraded features (run-16 set)
2023-01-19,CRK,0.0,-0.102,0.5170376062985818,all,upgraded features (run-16 set)
2023-01-19,UNIT,0.0,-0.102,0.4961542228755846,all,upgraded features (run-16 set)
2023-01-19,FORM,1.0,0.198,0.4800620735980945,all,upgraded features (run-16 set)
2023-01-19,LEU,1.0,0.198,0.4740447643256183,all,upgraded features (run-16 set)
2023-01-19,GIII,0.0,-0.102,0.4720963028460512,all,upgraded features (run-16 set)
2023-01-19,LNC,1.0,0.198,0.4675101630115622,all,upgraded features (run-16 set)
2023-01-19,WRLD,1.0,0.198,0.46533491207091987,all,upgraded features (run-16 set)
2023-01-19,WWW,1.0,0.198,0.46315339639771325,all,upgraded features (run-16 set)
2023-01-19,FRPT,0.0,-0.102,0.4598280650629975,all,upgraded features (run-16 set)
2023-01-19,PR,0.0,-0.102,0.442852499473878,leaders,upgraded features (run-16 set)
2023-01-19,RIG,1.0,0.21341155,0.42409323565499035,leaders,upgraded features (run-16 set)
2023-01-19,OII,0.0,-0.102,0.42223544565519944,leaders,upgraded features (run-16 set)
2023-01-19,ADEA,0.0,-0.102,0.4210148297983729,leaders,upgraded features (run-16 set)
2023-01-19,GEO,0.0,-0.102,0.41681655287287206,leaders,upgraded features (run-16 set)
2023-01-19,NBR,0.0,-0.102,0.3972946144707102,leaders,upgraded features (run-16 set)
2023-01-19,TDW,1.0,0.198,0.38929048269781696,leaders,upgraded features (run-16 set)
2023-01-19,LSCC,1.0,0.198,0.37947133362813795,leaders,upgraded features (run-16 set)
2023-01-19,AMKR,0.0,-0.102,0.37783026014698096,leaders,upgraded features (run-16 set)
2023-01-19,AXON,1.0,0.198,0.3743555359457826,leaders,upgraded features (run-16 set)
2023-02-02,CNR,0.0,-0.102,0.5995737933489381,all,upgraded features (run-16 set)
2023-02-02,CRK,0.0,-0.1283989,0.5569331141365693,all,upgraded features (run-16 set)
2023-02-02,IIPR,0.0,-0.102,0.5342092896308777,all,upgraded features (run-16 set)
2023-02-02,ARWR,0.0,-0.102,0.5083643339843584,all,upgraded features (run-16 set)
2023-02-02,EQT,0.0,-0.102,0.500853301505889,all,upgraded features (run-16 set)
2023-02-02,LUMN,0.0,-0.102,0.49558896281954506,all,upgraded features (run-16 set)
2023-02-02,UNIT,0.0,-0.102,0.48445797884993697,all,upgraded features (run-16 set)
2023-02-02,SM,0.0,-0.102,0.4814214266239459,all,upgraded features (run-16 set)
2023-02-02,DINO,0.0,-0.102,0.46222501770629265,all,upgraded features (run-16 set)
2023-02-02,RES,0.0,-0.12108021,0.45716071198354363,all,upgraded features (run-16 set)
2023-02-02,OII,0.0,-0.102,0.44326379366692764,leaders,upgraded features (run-16 set)
2023-02-02,HAL,0.0,-0.102,0.4367643703675991,leaders,upgraded features (run-16 set)
2023-02-02,GAP,0.0,-0.10672978,0.4362776211142041,leaders,upgraded features (run-16 set)
2023-02-02,BBWI,0.0,-0.102,0.4357651040819552,leaders,upgraded features (run-16 set)
2023-02-02,NBR,0.0,-0.102,0.4272288147007483,leaders,upgraded features (run-16 set)
2023-02-02,RIG,0.0,-0.102,0.4150617772861139,leaders,upgraded features (run-16 set)
2023-02-02,HL,0.0,-0.102,0.4135893368930347,leaders,upgraded features (run-16 set)
2023-02-02,FTI,1.0,0.198,0.40619479999931024,leaders,upgraded features (run-16 set)
2023-02-02,GEO,0.0,-0.102,0.40551014513934774,leaders,upgraded features (run-16 set)
2023-02-02,TDW,1.0,0.198,0.40066472675344456,leaders,upgraded features (run-16 set)
2023-02-16,CNR,0.0,-0.10266757,0.45207354790866716,all,upgraded features (run-16 set)
2023-02-16,CRK,0.0,-0.102,0.44700009086973996,all,upgraded features (run-16 set)
2023-02-16,FRPT,0.0,-0.102,0.44629624909947313,all,upgraded features (run-16 set)
2023-02-16,CCL,0.0,-0.102,0.4431896837601536,all,upgraded features (run-16 set)
2023-02-16,STAA,0.0,-0.12266492,0.44249129617717275,all,upgraded features (run-16 set)
2023-02-16,KSS,0.0,-0.102,0.4424086134097338,all,upgraded features (run-16 set)
2023-02-16,GIII,0.0,-0.13149191,0.44176188960853685,all,upgraded features (run-16 set)
2023-02-16,UNIT,0.0,-0.102,0.4343786485251272,all,upgraded features (run-16 set)
2023-02-16,AMD,1.0,0.198,0.4326227030555896,all,upgraded features (run-16 set)
2023-02-16,GME,0.0,-0.102,0.43141760625237957,all,upgraded features (run-16 set)
2023-02-16,RIG,0.0,-0.102,0.41993869333815653,leaders,upgraded features (run-16 set)
2023-02-16,SIG,0.0,-0.11157683,0.41664610476241065,leaders,upgraded features (run-16 set)
2023-02-16,NBR,0.0,-0.102,0.4108784579214618,leaders,upgraded features (run-16 set)
2023-02-16,GAP,0.0,-0.102,0.40692300891814975,leaders,upgraded features (run-16 set)
2023-02-16,PVH,0.0,-0.11757555,0.4053804629301706,leaders,upgraded features (run-16 set)
2023-02-16,AGYS,0.0,-0.1589663,0.4043504373226422,leaders,upgraded features (run-16 set)
2023-02-16,ADEA,0.0,-0.102,0.39765211035519804,leaders,upgraded features (run-16 set)
2023-02-16,CAR,0.0,-0.102,0.3974859685158154,leaders,upgraded features (run-16 set)
2023-02-16,LTH,0.0,-0.102,0.3822967766262906,leaders,upgraded features (run-16 set)
2023-02-16,ON,0.0,-0.102,0.3800768777877154,leaders,upgraded features (run-16 set)
2023-03-03,SYNA,0.0,-0.102,0.47147302936316593,all,upgraded features (run-16 set)
2023-03-03,ARWR,0.0,-0.102,0.46549713096376394,all,upgraded features (run-16 set)
2023-03-03,STAA,1.0,0.198,0.4505964430132711,all,upgraded features (run-16 set)
2023-03-03,AMD,1.0,0.198,0.446854659729376,all,upgraded features (run-16 set)
2023-03-03,BFH,0.0,-0.102,0.4407395110171195,all,upgraded features (run-16 set)
2023-03-03,WRLD,0.0,-0.102,0.4403124793763946,all,upgraded features (run-16 set)
2023-03-03,CACC,0.0,-0.102,0.4395329438698443,all,upgraded features (run-16 set)
2023-03-03,UNIT,0.0,-0.102,0.4383715754668083,all,upgraded features (run-16 set)
2023-03-03,GME,0.0,-0.10520857,0.4374498923648347,all,upgraded features (run-16 set)
2023-03-03,CCL,0.0,-0.102,0.4352557603007736,all,upgraded features (run-16 set)
2023-03-03,RIG,0.0,-0.102,0.41822587840789804,leaders,upgraded features (run-16 set)
2023-03-03,LTH,0.0,-0.102,0.4157455610406091,leaders,upgraded features (run-16 set)
2023-03-03,RES,0.0,-0.102,0.412921954211394,leaders,upgraded features (run-16 set)
2023-03-03,SAIA,0.0,-0.102,0.401607356455871,leaders,upgraded features (run-16 set)
2023-03-03,FTI,0.0,-0.102,0.4007726116108552,leaders,upgraded features (run-16 set)
2023-03-03,OII,0.0,-0.102,0.3746614200014745,leaders,upgraded features (run-16 set)
2023-03-03,AGYS,0.0,-0.102,0.3721372593559256,leaders,upgraded features (run-16 set)
2023-03-03,NVDA,1.0,0.198,0.37091384158578045,leaders,upgraded features (run-16 set)
2023-03-03,MPWR,0.0,-0.102,0.36861070073942326,leaders,upgraded features (run-16 set)
2023-03-03,TDW,0.0,-0.10987879,0.36792194792301713,leaders,upgraded features (run-16 set)
2023-03-17,SHC,0.0,-0.102,0.6043283151623263,all,upgraded features (run-16 set)
2023-03-17,ANF,0.0,-0.102,0.5996360134782759,all,upgraded features (run-16 set)
2023-03-17,NEO,0.0,-0.102,0.5856648150946967,all,upgraded features (run-16 set)
2023-03-17,GEO,1.0,0.198,0.5710923823189041,all,upgraded features (run-16 set)
2023-03-17,MTW,0.0,-0.102,0.567676992104244,all,upgraded features (run-16 set)
2023-03-17,RELY,1.0,0.198,0.5675617932989736,all,upgraded features (run-16 set)
2023-03-17,AMD,0.0,-0.102,0.5658043186948497,all,upgraded features (run-16 set)
2023-03-17,STAA,1.0,0.198,0.5625496833163175,all,upgraded features (run-16 set)
2023-03-17,AXON,0.0,-0.102,0.5607263083883989,all,upgraded features (run-16 set)
2023-03-17,BBWI,1.0,0.198,0.5549509150920239,all,upgraded features (run-16 set)
2023-03-17,NEO,0.0,-0.102,0.5856648150946967,leaders,upgraded features (run-16 set)
2023-03-17,MTW,0.0,-0.102,0.567676992104244,leaders,upgraded features (run-16 set)
2023-03-17,RELY,1.0,0.198,0.5675617932989736,leaders,upgraded features (run-16 set)
2023-03-17,AMD,0.0,-0.102,0.5658043186948497,leaders,upgraded features (run-16 set)
2023-03-17,AXON,0.0,-0.102,0.5607263083883989,leaders,upgraded features (run-16 set)
2023-03-17,OI,0.0,-0.0043820506,0.5507573143676395,leaders,upgraded features (run-16 set)
2023-03-17,NVDA,1.0,0.198,0.5471287800924102,leaders,upgraded features (run-16 set)
2023-03-17,DUOL,1.0,0.198,0.543903078183499,leaders,upgraded features (run-16 set)
2023-03-17,MTRN,0.0,0.03938736,0.5433772920775967,leaders,upgraded features (run-16 set)
2023-03-17,SLAB,0.0,-0.12657657,0.5415590886125833,leaders,upgraded features (run-16 set)
2023-03-31,MTW,0.0,-0.102,0.47715885647212175,all,upgraded features (run-16 set)
2023-03-31,LNC,0.0,-0.102,0.4693482458152205,all,upgraded features (run-16 set)
2023-03-31,WRLD,1.0,0.198,0.46822437574781245,all,upgraded features (run-16 set)
2023-03-31,TDS,0.0,-0.102,0.4659128381193219,all,upgraded features (run-16 set)
2023-03-31,KSS,0.0,-0.102,0.4647194992459183,all,upgraded features (run-16 set)
2023-03-31,RIG,0.0,-0.102,0.4620803286831716,all,upgraded features (run-16 set)
2023-03-31,FIS,0.0,0.075728536,0.4570128921314852,all,upgraded features (run-16 set)
2023-03-31,UNIT,0.0,-0.102,0.45671299229367307,all,upgraded features (run-16 set)
2023-03-31,BFH,0.0,-0.102,0.437273306459584,all,upgraded features (run-16 set)
2023-03-31,TTD,1.0,0.198,0.4318234067315771,all,upgraded features (run-16 set)
2023-03-31,MTW,0.0,-0.102,0.47715885647212175,leaders,upgraded features (run-16 set)
2023-03-31,AMD,0.0,-0.102,0.43013936325448654,leaders,upgraded features (run-16 set)
2023-03-31,NEO,0.0,-0.102,0.4214242539860573,leaders,upgraded features (run-16 set)
2023-03-31,ACLS,0.0,-0.102,0.41175941328734056,leaders,upgraded features (run-16 set)
2023-03-31,MPWR,0.0,-0.102,0.390838053781325,leaders,upgraded features (run-16 set)
2023-03-31,NVDA,1.0,0.38486695,0.3611084221050689,leaders,upgraded features (run-16 set)
2023-03-31,LSCC,0.0,-0.102,0.3598686053494037,leaders,upgraded features (run-16 set)
2023-03-31,DUOL,0.0,-0.102,0.3533700456468401,leaders,upgraded features (run-16 set)
2023-03-31,PRG,1.0,0.198,0.3517395821270018,leaders,upgraded features (run-16 set)
2023-03-31,NSSC,0.0,-0.102,0.35129489133539143,leaders,upgraded features (run-16 set)
2023-04-17,CAR,0.0,-0.102,0.4343797501156565,all,upgraded features (run-16 set)
2023-04-17,RIG,0.0,-0.102,0.42402183688053935,all,upgraded features (run-16 set)
2023-04-17,ARLO,1.0,0.198,0.415865540568956,all,upgraded features (run-16 set)
2023-04-17,GME,0.0,-0.102,0.40944253148549314,all,upgraded features (run-16 set)
2023-04-17,LNC,0.0,-0.102,0.40692486601591804,all,upgraded features (run-16 set)
2023-04-17,SAFE,0.0,-0.102,0.4007478853731484,all,upgraded features (run-16 set)
2023-04-17,XYZ,0.0,-0.102,0.3983833448964104,all,upgraded features (run-16 set)
2023-04-17,SLG,0.0,-0.102,0.39713443242371793,all,upgraded features (run-16 set)
2023-04-17,TTD,1.0,0.198,0.39501373868881823,all,upgraded features (run-16 set)
2023-04-17,MTW,0.0,-0.102,0.39248872601065193,all,upgraded features (run-16 set)
2023-04-17,TTD,1.0,0.198,0.39501373868881823,leaders,upgraded features (run-16 set)
2023-04-17,ALGN,0.0,-0.102,0.3794728028716483,leaders,upgraded features (run-16 set)
2023-04-17,TDW,0.0,-0.102,0.37826564346641095,leaders,upgraded features (run-16 set)
2023-04-17,ACLS,0.0,-0.102,0.3722981887660855,leaders,upgraded features (run-16 set)
2023-04-17,NEO,0.0,-0.102,0.3638474751558543,leaders,upgraded features (run-16 set)
2023-04-17,DUOL,0.0,-0.102,0.3625919712926882,leaders,upgraded features (run-16 set)
2023-04-17,PRG,1.0,0.198,0.3260927677817112,leaders,upgraded features (run-16 set)
2023-04-17,AMD,1.0,0.198,0.32594094131530416,leaders,upgraded features (run-16 set)
2023-04-17,PR,0.0,-0.102,0.3193911659846095,leaders,upgraded features (run-16 set)
2023-04-17,PVH,0.0,-0.102,0.315133489980617,leaders,upgraded features (run-16 set)
2023-05-01,LEU,0.0,-0.102,0.3747617859478945,all,upgraded features (run-16 set)
2023-05-01,EWBC,0.0,-0.102,0.3673728845619267,all,upgraded features (run-16 set)
2023-05-01,RIG,1.0,0.198,0.3598030002450968,all,upgraded features (run-16 set)
2023-05-01,XYZ,1.0,0.20739888,0.3597631903821574,all,upgraded features (run-16 set)
2023-05-01,BOH,0.0,-0.102,0.3532887029063205,all,upgraded features (run-16 set)
2023-05-01,SAFE,0.0,-0.102,0.35322690149168945,all,upgraded features (run-16 set)
2023-05-01,GME,1.0,0.198,0.34963492673418595,all,upgraded features (run-16 set)
2023-05-01,ARLO,1.0,0.198,0.3492716443607403,all,upgraded features (run-16 set)
2023-05-01,NEO,1.0,0.2133532,0.346081084685311,all,upgraded features (run-16 set)
2023-05-01,LNC,0.0,-0.102,0.34468475990441766,all,upgraded features (run-16 set)
2023-05-01,ARLO,1.0,0.198,0.3492716443607403,leaders,upgraded features (run-16 set)
2023-05-01,TDW,0.0,-0.102,0.3058396840667033,leaders,upgraded features (run-16 set)
2023-05-01,PRG,1.0,0.198,0.3044135905979486,leaders,upgraded features (run-16 set)
2023-05-01,TBBK,1.0,0.198,0.28207369999136095,leaders,upgraded features (run-16 set)
2023-05-01,SKYW,1.0,0.198,0.2801087950578819,leaders,upgraded features (run-16 set)
2023-05-01,TTD,1.0,0.20136827,0.2783586573983309,leaders,upgraded features (run-16 set)
2023-05-01,LTH,0.0,-0.10219267,0.2780976856479379,leaders,upgraded features (run-16 set)
2023-05-01,DUOL,0.0,-0.102,0.27687420970923227,leaders,upgraded features (run-16 set)
2023-05-01,RELY,0.0,0.13433741,0.2726897578468476,leaders,upgraded features (run-16 set)
2023-05-01,CNR,1.0,0.198,0.27208751600282655,leaders,upgraded features (run-16 set)
2023-05-15,ZION,1.0,0.198,0.435901179560479,all,upgraded features (run-16 set)
2023-05-15,EWBC,1.0,0.21223988,0.4246033082720678,all,upgraded features (run-16 set)
2023-05-15,RIG,1.0,0.198,0.42428623911792956,all,upgraded features (run-16 set)
2023-05-15,GME,1.0,0.20984088,0.418456945030231,all,upgraded features (run-16 set)
2023-05-15,VNO,1.0,0.198,0.39195861132914783,all,upgraded features (run-16 set)
2023-05-15,BOH,1.0,0.198,0.3870251034286613,all,upgraded features (run-16 set)
2023-05-15,UNIT,0.0,-0.102,0.38513564864451716,all,upgraded features (run-16 set)
2023-05-15,SAFE,0.0,-0.102486685,0.3836266574873468,all,upgraded features (run-16 set)
2023-05-15,KEY,1.0,0.198,0.3833660692437034,all,upgraded features (run-16 set)
2023-05-15,SBCF,1.0,0.198,0.3825211418150051,all,upgraded features (run-16 set)
2023-05-15,TBBK,1.0,0.198,0.38067100965594924,leaders,upgraded features (run-16 set)
2023-05-15,FTI,1.0,0.198,0.3718724406537656,leaders,upgraded features (run-16 set)
2023-05-15,GNW,0.0,-0.102,0.3581081260751248,leaders,upgraded features (run-16 set)
2023-05-15,LTH,0.0,-0.102,0.3433185842516114,leaders,upgraded features (run-16 set)
2023-05-15,TDW,1.0,0.198,0.3405056517349948,leaders,upgraded features (run-16 set)
2023-05-15,NSSC,0.0,0.10548314,0.3393874908289361,leaders,upgraded features (run-16 set)
2023-05-15,NEO,0.0,-0.102,0.3330905014706062,leaders,upgraded features (run-16 set)
2023-05-15,TTD,1.0,0.198,0.3326896532694437,leaders,upgraded features (run-16 set)
2023-05-15,CNR,0.0,-0.102,0.3262513930707567,leaders,upgraded features (run-16 set)
2023-05-15,ARLO,1.0,0.198,0.32355427028983647,leaders,upgraded features (run-16 set)
2023-05-30,KEY,1.0,0.198,0.42055934610118273,all,upgraded features (run-16 set)
2023-05-30,SLG,1.0,0.198,0.41824320708412505,all,upgraded features (run-16 set)
2023-05-30,HALO,1.0,0.198,0.38893503868901125,all,upgraded features (run-16 set)
2023-05-30,CENX,1.0,0.198,0.38661928544645296,all,upgraded features (run-16 set)
2023-05-30,EWBC,1.0,0.198,0.385667658864839,all,upgraded features (run-16 set)
2023-05-30,ZION,1.0,0.198,0.3852011233434655,all,upgraded features (run-16 set)
2023-05-30,EGBN,1.0,0.198,0.38416276330584154,all,upgraded features (run-16 set)
2023-05-30,RIG,1.0,0.21403922,0.38160540392411973,all,upgraded features (run-16 set)
2023-05-30,NBR,1.0,0.198,0.3772490985830101,all,upgraded features (run-16 set)
2023-05-30,GBCI,1.0,0.198,0.36929925993799617,all,upgraded features (run-16 set)
2023-05-30,NEO,0.0,-0.102,0.32609863455373445,leaders,upgraded features (run-16 set)
2023-05-30,LTH,0.0,-0.12541935,0.31376964182927836,leaders,upgraded features (run-16 set)
2023-05-30,GNW,0.0,-0.102,0.29786611160686477,leaders,upgraded features (run-16 set)
2023-05-30,ANF,1.0,0.198,0.29609647150932794,leaders,upgraded features (run-16 set)
2023-05-30,UPBD,0.0,0.010602957,0.290521123243477,leaders,upgraded features (run-16 set)
2023-05-30,FLG,1.0,0.28209087,0.2826167095029966,leaders,upgraded features (run-16 set)
2023-05-30,TDW,1.0,0.198,0.27888670919794006,leaders,upgraded features (run-16 set)
2023-05-30,RMBS,0.0,-0.103159614,0.2698215343902913,leaders,upgraded features (run-16 set)
2023-05-30,TTD,1.0,0.198,0.26548714385076194,leaders,upgraded features (run-16 set)
2023-05-30,COCO,0.0,-0.102,0.26179359565002314,leaders,upgraded features (run-16 set)
2023-06-13,NEO,0.0,-0.102,0.3311236361829486,all,upgraded features (run-16 set)
2023-06-13,FHN,0.0,-0.04460181,0.3172963377548726,all,upgraded features (run-16 set)
2023-06-13,ZION,0.0,-0.102,0.31388951586251607,all,upgraded features (run-16 set)
2023-06-13,MTW,0.0,-0.102,0.3049271374307797,all,upgraded features (run-16 set)
2023-06-13,ARWR,0.0,-0.102,0.29837100674208855,all,upgraded features (run-16 set)
2023-06-13,ARLO,1.0,0.198,0.29688200966272293,all,upgraded features (run-16 set)
2023-06-13,WRLD,1.0,0.198,0.2931490454801469,all,upgraded features (run-16 set)
2023-06-13,PTCT,0.0,-0.102,0.2929465170830916,all,upgraded features (run-16 set)
2023-06-13,ANF,1.0,0.20262988,0.29267631612131656,all,upgraded features (run-16 set)
2023-06-13,WWW,0.0,-0.102,0.2906496840239439,all,upgraded features (run-16 set)
2023-06-13,MTW,0.0,-0.102,0.3049271374307797,leaders,upgraded features (run-16 set)
2023-06-13,ARLO,1.0,0.198,0.29688200966272293,leaders,upgraded features (run-16 set)
2023-06-13,WRLD,1.0,0.198,0.2931490454801469,leaders,upgraded features (run-16 set)
2023-06-13,ANF,1.0,0.20262988,0.29267631612131656,leaders,upgraded features (run-16 set)
2023-06-13,NSSC,0.0,-0.102,0.2800151972453224,leaders,upgraded features (run-16 set)
2023-06-13,LTH,0.0,-0.102,0.2773063142568754,leaders,upgraded features (run-16 set)
2023-06-13,ACLS,0.0,-0.102,0.2747264832222716,leaders,upgraded features (run-16 set)
2023-06-13,COCO,0.0,-0.102,0.2647259200486006,leaders,upgraded features (run-16 set)
2023-06-13,VSAT,0.0,-0.102,0.2548780093033006,leaders,upgraded features (run-16 set)
2023-06-13,RMBS,0.0,-0.1723505,0.25266127884885065,leaders,upgraded features (run-16 set)
2023-06-28,WRLD,0.0,-0.06192989,0.3486614647844707,all,upgraded features (run-16 set)
2023-06-28,GME,0.0,-0.102,0.3461754557884498,all,upgraded features (run-16 set)
2023-06-28,NEO,0.0,-0.102,0.34184183174567073,all,upgraded features (run-16 set)
2023-06-28,ARWR,0.0,-0.102,0.3389337696060035,all,upgraded features (run-16 set)
2023-06-28,COHR,0.0,-0.24973726,0.33259610809082857,all,upgraded features (run-16 set)
2023-06-28,COCO,0.0,-0.102,0.3218760842017744,all,upgraded features (run-16 set)
2023-06-28,SMTC,1.0,0.198,0.3218031964153016,all,upgraded features (run-16 set)
2023-06-28,EGBN,1.0,0.198,0.3188762226551216,all,upgraded features (run-16 set)
2023-06-28,BOH,1.0,0.198,0.316132079587263,all,upgraded features (run-16 set)
2023-06-28,ZION,1.0,0.20508754,0.3143598566457784,all,upgraded features (run-16 set)
2023-06-28,WRLD,0.0,-0.06192989,0.3486614647844707,leaders,upgraded features (run-16 set)
2023-06-28,ARWR,0.0,-0.102,0.3389337696060035,leaders,upgraded features (run-16 set)
2023-06-28,COHR,0.0,-0.24973726,0.33259610809082857,leaders,upgraded features (run-16 set)
2023-06-28,COCO,0.0,-0.102,0.3218760842017744,leaders,upgraded features (run-16 set)
2023-06-28,MRVL,0.0,-0.102,0.29855349954204236,leaders,upgraded features (run-16 set)
2023-06-28,PRG,1.0,0.22598906,0.2908425615152054,leaders,upgraded features (run-16 set)
2023-06-28,ANF,1.0,0.3527684,0.2876170554293843,leaders,upgraded features (run-16 set)
2023-06-28,RMBS,0.0,-0.123678125,0.27277159847639615,leaders,upgraded features (run-16 set)
2023-06-28,TBBK,1.0,0.198,0.26911796952514566,leaders,upgraded features (run-16 set)
2023-06-28,CCL,0.0,-0.10899838,0.26491050053509363,leaders,upgraded features (run-16 set)
2023-07-13,NEO,0.0,-0.102,0.4314302074497739,all,upgraded features (run-16 set)
2023-07-13,BOH,1.0,0.198,0.41161240763870666,all,upgraded features (run-16 set)
2023-07-13,TDS,0.0,-0.121164784,0.40753491491581134,all,upgraded features (run-16 set)
2023-07-13,GME,0.0,-0.102,0.4046884514735672,all,upgraded features (run-16 set)
2023-07-13,COCO,1.0,0.198,0.4038711033906338,all,upgraded features (run-16 set)
2023-07-13,ZION,1.0,0.198,0.39138503593296164,all,upgraded features (run-16 set)
2023-07-13,WWW,0.0,-0.102,0.3841050283771732,all,upgraded features (run-16 set)
2023-07-13,WRLD,0.0,-0.102,0.37915935779439736,all,upgraded features (run-16 set)
2023-07-13,EGBN,1.0,0.198,0.376168320397236,all,upgraded features (run-16 set)
2023-07-13,ANF,1.0,0.198,0.3652533884311867,all,upgraded features (run-16 set)
2023-07-13,NEO,0.0,-0.102,0.4314302074497739,leaders,upgraded features (run-16 set)
2023-07-13,WRLD,0.0,-0.102,0.37915935779439736,leaders,upgraded features (run-16 set)
2023-07-13,ANF,1.0,0.198,0.3652533884311867,leaders,upgraded features (run-16 set)
2023-07-13,UPBD,0.0,-0.102,0.3571872548401048,leaders,upgraded features (run-16 set)
2023-07-13,AMD,0.0,-0.102,0.3471992417101142,leaders,upgraded features (run-16 set)
2023-07-13,DDS,0.0,-0.038300447,0.3469798432826243,leaders,upgraded features (run-16 set)
2023-07-13,POWL,1.0,0.210916,0.3435576048218892,leaders,upgraded features (run-16 set)
2023-07-13,DUOL,0.0,-0.102,0.3399502017954286,leaders,upgraded features (run-16 set)
2023-07-13,ANIP,1.0,0.20571513,0.33288602928591454,leaders,upgraded features (run-16 set)
2023-07-13,MTW,0.0,-0.102,0.33093623331185085,leaders,upgraded features (run-16 set)
2023-07-27,COHR,0.0,-0.2438328,0.4134254923140382,all,upgraded features (run-16 set)
2023-07-27,TDS,1.0,0.36682144,0.404446462627144,all,upgraded features (run-16 set)
2023-07-27,CENX,0.0,-0.102,0.39437779043322474,all,upgraded features (run-16 set)
2023-07-27,GME,0.0,-0.102,0.39074134935217986,all,upgraded features (run-16 set)
2023-07-27,AA,0.0,-0.102,0.38770205114161815,all,upgraded features (run-16 set)
2023-07-27,STAA,0.0,-0.18098196,0.3841960521799639,all,upgraded features (run-16 set)
2023-07-27,ALB,0.0,-0.10479199,0.37982704819360724,all,upgraded features (run-16 set)
2023-07-27,WWW,0.0,-0.26128924,0.3756105937158492,all,upgraded features (run-16 set)
2023-07-27,AGYS,0.0,-0.102,0.3752949994555195,all,upgraded features (run-16 set)
2023-07-27,SAFE,0.0,-0.16321208,0.3731915140556051,all,upgraded features (run-16 set)
2023-07-27,ANF,1.0,0.27418077,0.36489344891593317,leaders,upgraded features (run-16 set)
2023-07-27,CCL,0.0,-0.102,0.3609687648285882,leaders,upgraded features (run-16 set)
2023-07-27,RIG,0.0,-0.102,0.3515561126375092,leaders,upgraded features (run-16 set)
2023-07-27,WRLD,0.0,-0.102,0.348692598631723,leaders,upgraded features (run-16 set)
2023-07-27,TDW,1.0,0.198,0.3467554480681854,leaders,upgraded features (run-16 set)
2023-07-27,ARLO,0.0,-0.1377341,0.33950086659199,leaders,upgraded features (run-16 set)
2023-07-27,GIII,1.0,0.198,0.32807421942428344,leaders,upgraded features (run-16 set)
2023-07-27,AMKR,0.0,-0.102,0.31584756853349366,leaders,upgraded features (run-16 set)
2023-07-27,CLSK,0.0,-0.102,0.31476505260403687,leaders,upgraded features (run-16 set)
2023-07-27,FTI,1.0,0.198,0.3100026838006589,leaders,upgraded features (run-16 set)
2023-08-10,SMTC,0.0,-0.102,0.44951955064193094,all,upgraded features (run-16 set)
2023-08-10,GME,0.0,-0.102,0.4345584145261806,all,upgraded features (run-16 set)
2023-08-10,COLB,0.0,-0.102,0.42900391289841355,all,upgraded features (run-16 set)
2023-08-10,FBNC,0.0,-0.102,0.42343458340034656,all,upgraded features (run-16 set)
2023-08-10,LTH,0.0,-0.102,0.42014367864421354,all,upgraded features (run-16 set)
2023-08-10,EGBN,0.0,-0.102,0.4179037736559759,all,upgraded features (run-16 set)
2023-08-10,CENX,0.0,-0.102,0.41736753831432144,all,upgraded features (run-16 set)
2023-08-10,GBCI,0.0,-0.102,0.41605755025932895,all,upgraded features (run-16 set)
2023-08-10,KEY,0.0,-0.102,0.4084230879659271,all,upgraded features (run-16 set)
2023-08-10,NBR,1.0,0.198,0.40447896918821896,all,upgraded features (run-16 set)
2023-08-10,WRLD,0.0,-0.102,0.4039145405758444,leaders,upgraded features (run-16 set)
2023-08-10,COCO,1.0,0.198,0.38739062460367163,leaders,upgraded features (run-16 set)
2023-08-10,CCL,0.0,-0.11259913,0.37846475736124324,leaders,upgraded features (run-16 set)
2023-08-10,SLG,0.0,-0.10720298,0.3637868445958012,leaders,upgraded features (run-16 set)
2023-08-10,CASH,0.0,-0.102,0.36280405805260973,leaders,upgraded features (run-16 set)
2023-08-10,DFH,0.0,-0.102,0.3614070984163142,leaders,upgraded features (run-16 set)
2023-08-10,TFIN,0.0,-0.102,0.35444646854754547,leaders,upgraded features (run-16 set)
2023-08-10,LAD,0.0,-0.102,0.35089386562015024,leaders,upgraded features (run-16 set)
2023-08-10,TBBK,0.0,-0.102,0.3467939865283003,leaders,upgraded features (run-16 set)
2023-08-10,BFH,0.0,-0.102,0.34603218688837595,leaders,upgraded features (run-16 set)
2023-08-24,WWW,0.0,0.051504977,0.5784471016545213,all,upgraded features (run-16 set)
2023-08-24,GAP,1.0,0.198,0.575186979579817,all,upgraded features (run-16 set)
2023-08-24,SMG,0.0,-0.102,0.5745181124758766,all,upgraded features (run-16 set)
2023-08-24,AA,0.0,-0.102,0.5676159183404267,all,upgraded features (run-16 set)
2023-08-24,STAA,0.0,-0.102,0.5653603062672076,all,upgraded features (run-16 set)
2023-08-24,CENX,0.0,-0.102,0.5651338193129972,all,upgraded features (run-16 set)
2023-08-24,LTH,0.0,-0.1025419,0.5616091859055466,all,upgraded features (run-16 set)
2023-08-24,CCL,0.0,-0.102,0.5449371273842072,all,upgraded features (run-16 set)
2023-08-24,UPBD,0.0,-0.102,0.5420509211190971,all,upgraded features (run-16 set)
2023-08-24,KALU,0.0,-0.102,0.542015724455692,all,upgraded features (run-16 set)
2023-08-24,VNO,0.0,-0.102,0.5206213938112687,leaders,upgraded features (run-16 set)
2023-08-24,SLG,1.0,0.198,0.5176983017139104,leaders,upgraded features (run-16 set)
2023-08-24,DFH,0.0,-0.102,0.5051827702719758,leaders,upgraded features (run-16 set)
2023-08-24,EXTR,0.0,-0.102,0.47132074203661384,leaders,upgraded features (run-16 set)
2023-08-24,MHO,0.0,-0.102,0.4663266109667566,leaders,upgraded features (run-16 set)
2023-08-24,XPO,1.0,0.198,0.454277189957838,leaders,upgraded features (run-16 set)
2023-08-24,ARCB,0.0,-0.102,0.4541547217431056,leaders,upgraded features (run-16 set)
2023-08-24,CAR,0.0,-0.102,0.4503117556314891,leaders,upgraded features (run-16 set)
2023-08-24,PLUS,0.0,-0.102,0.4449527077201022,leaders,upgraded features (run-16 set)
2023-08-24,TREX,0.0,-0.102,0.4446877688217952,leaders,upgraded features (run-16 set)
2023-09-08,LTH,0.0,-0.11365944,0.5262655492762672,all,upgraded features (run-16 set)
2023-09-08,RIG,0.0,-0.102,0.515467484412048,all,upgraded features (run-16 set)
2023-09-08,BJRI,0.0,-0.102,0.5084277762568937,all,upgraded features (run-16 set)
2023-09-08,SLVM,1.0,0.198,0.5060761654068763,all,upgraded features (run-16 set)
2023-09-08,GT,0.0,-0.107345924,0.5012316621852433,all,upgraded features (run-16 set)
2023-09-08,ALB,0.0,-0.102,0.49942981351137605,all,upgraded features (run-16 set)
2023-09-08,SIRI,0.0,-0.1451924,0.4988260227161171,all,upgraded features (run-16 set)
2023-09-08,CLF,1.0,0.198,0.4972683196148847,all,upgraded features (run-16 set)
2023-09-08,LAD,0.0,-0.102,0.495568501619731,all,upgraded features (run-16 set)
2023-09-08,MTRN,0.0,-0.102,0.4952472733210555,all,upgraded features (run-16 set)
2023-09-08,RIG,0.0,-0.102,0.515467484412048,leaders,upgraded features (run-16 set)
2023-09-08,DFH,0.0,-0.102,0.48385390769400316,leaders,upgraded features (run-16 set)
2023-09-08,TTD,0.0,-0.102,0.4683557681253143,leaders,upgraded features (run-16 set)
2023-09-08,SLG,0.0,-0.102,0.46512679237837595,leaders,upgraded features (run-16 set)
2023-09-08,RRC,0.0,-0.102,0.45938677040183684,leaders,upgraded features (run-16 set)
2023-09-08,WMG,0.0,-0.102,0.4509824143129517,leaders,upgraded features (run-16 set)
2023-09-08,ON,0.0,-0.10841338,0.44792270249487004,leaders,upgraded features (run-16 set)
2023-09-08,COCO,0.0,-0.102,0.44640418874470666,leaders,upgraded features (run-16 set)
2023-09-08,AEO,0.0,-0.102,0.43865020266831883,leaders,upgraded features (run-16 set)
2023-09-08,FRPT,0.0,-0.102,0.4360118256072849,leaders,upgraded features (run-16 set)
2023-09-22,TEX,0.0,-0.12878029,0.5701416118107516,all,upgraded features (run-16 set)
2023-09-22,COLB,1.0,0.198,0.550206233254274,all,upgraded features (run-16 set)
2023-09-22,UCB,0.0,-0.102,0.5478723158110509,all,upgraded features (run-16 set)
2023-09-22,BANC,0.0,-0.102,0.5420116160525755,all,upgraded features (run-16 set)
2023-09-22,CBU,0.0,-0.102,0.5348341583890655,all,upgraded features (run-16 set)
2023-09-22,URI,0.0,-0.102,0.5310064862978733,all,upgraded features (run-16 set)
2023-09-22,SIRI,0.0,-0.102,0.5266043396331601,all,upgraded features (run-16 set)
2023-09-22,AXON,1.0,0.198,0.5256519431487016,all,upgraded features (run-16 set)
2023-09-22,OZK,1.0,0.198,0.5213570775861956,all,upgraded features (run-16 set)
2023-09-22,IFF,1.0,0.198,0.5200169164278553,all,upgraded features (run-16 set)
2023-09-22,WSM,1.0,0.198,0.507323592831044,leaders,upgraded features (run-16 set)
2023-09-22,ANF,1.0,0.198,0.46939812004837694,leaders,upgraded features (run-16 set)
2023-09-22,PRDO,0.0,0.049576476,0.45228227232103996,leaders,upgraded features (run-16 set)
2023-09-22,GNW,0.0,0.15002704,0.44782147284889,leaders,upgraded features (run-16 set)
2023-09-22,DUOL,1.0,0.20976394,0.4385615164321941,leaders,upgraded features (run-16 set)
2023-09-22,POWL,1.0,0.21699649,0.43733475527514465,leaders,upgraded features (run-16 set)
2023-09-22,CORT,0.0,-0.102,0.43665499289081594,leaders,upgraded features (run-16 set)
2023-09-22,RNR,0.0,-0.041248646,0.43645203478952443,leaders,upgraded features (run-16 set)
2023-09-22,MAT,0.0,-0.22024107,0.42911639326318246,leaders,upgraded features (run-16 set)
2023-09-22,TDS,0.0,-0.102,0.4283730066557347,leaders,upgraded features (run-16 set)
2023-10-06,HE,1.0,0.198,0.6968364252003063,all,upgraded features (run-16 set)
2023-10-06,WWW,1.0,0.198,0.6932249946441185,all,upgraded features (run-16 set)
2023-10-06,TDS,1.0,0.198,0.6590881364321963,all,upgraded features (run-16 set)
2023-10-06,NXST,1.0,0.198,0.644122014555805,all,upgraded features (run-16 set)
2023-10-06,MTZ,0.0,-0.102,0.6411944533354565,all,upgraded features (run-16 set)
2023-10-06,UNIT,1.0,0.198,0.6350782103899211,all,upgraded features (run-16 set)
2023-10-06,VSAT,1.0,0.198,0.6342721746569087,all,upgraded features (run-16 set)
2023-10-06,LTH,0.0,-0.102,0.6301023783477123,all,upgraded features (run-16 set)
2023-10-06,MOS,0.0,0.054471124,0.6300544128623594,all,upgraded features (run-16 set)
2023-10-06,XYZ,0.0,-0.102,0.6242596693481213,all,upgraded features (run-16 set)
2023-10-06,AEO,1.0,0.198,0.5476069834910787,leaders,upgraded features (run-16 set)
2023-10-06,CVSA,1.0,0.198,0.532806300894407,leaders,upgraded features (run-16 set)
2023-10-06,DUOL,0.0,-0.102,0.5144057595111405,leaders,upgraded features (run-16 set)
2023-10-06,GIII,1.0,0.198,0.5104817113676564,leaders,upgraded features (run-16 set)
2023-10-06,AMD,0.0,-0.102,0.5096390341205705,leaders,upgraded features (run-16 set)
2023-10-06,AXON,1.0,0.1985008,0.5093921585476965,leaders,upgraded features (run-16 set)
2023-10-06,WMG,0.0,0.05929497,0.494565688149023,leaders,upgraded features (run-16 set)
2023-10-06,STX,1.0,0.198,0.4944400064142241,leaders,upgraded features (run-16 set)
2023-10-06,PRDO,0.0,-0.0020256853,0.48558979245749934,leaders,upgraded features (run-16 set)
2023-10-06,TTD,0.0,-0.102,0.48351138209493927,leaders,upgraded features (run-16 set)
2023-10-20,NXST,1.0,0.198,0.4882975777452808,all,upgraded features (run-16 set)
2023-10-20,BBY,0.0,0.075315125,0.4784356355602393,all,upgraded features (run-16 set)
2023-10-20,MTH,1.0,0.198,0.47592713639110246,all,upgraded features (run-16 set)
2023-10-20,CCS,1.0,0.22520277,0.45977353898939693,all,upgraded features (run-16 set)
2023-10-20,HE,1.0,0.198,0.45337606286369436,all,upgraded features (run-16 set)
2023-10-20,TKO,1.0,0.22206035,0.45084925212754295,all,upgraded features (run-16 set)
2023-10-20,DORM,0.0,-0.17495078,0.45005458766504536,all,upgraded features (run-16 set)
2023-10-20,CLX,1.0,0.198,0.44800854728556283,all,upgraded features (run-16 set)
2023-10-20,NSSC,0.0,-0.102,0.4445316289946768,all,upgraded features (run-16 set)
2023-10-20,MOS,0.0,-0.102,0.4443683819377484,all,upgraded features (run-16 set)
2023-10-20,GAP,1.0,0.38229063,0.3747779748546985,leaders,upgraded features (run-16 set)
2023-10-20,AXON,1.0,0.198,0.3477667341755132,leaders,upgraded features (run-16 set)
2023-10-20,AEO,1.0,0.21519156,0.3407285344768837,leaders,upgraded features (run-16 set)
2023-10-20,DUOL,1.0,0.20219184,0.33717867048641237,leaders,upgraded features (run-16 set)
2023-10-20,RRC,0.0,-0.102,0.33662318625426335,leaders,upgraded features (run-16 set)
2023-10-20,RNR,0.0,-0.102,0.3365124591373665,leaders,upgraded features (run-16 set)
2023-10-20,ANF,1.0,0.198,0.33538437279754285,leaders,upgraded features (run-16 set)
2023-10-20,CNX,0.0,-0.102,0.3185955701159267,leaders,upgraded features (run-16 set)
2023-10-20,WU,0.0,-0.102,0.3174344179089149,leaders,upgraded features (run-16 set)
2023-10-20,NFLX,1.0,0.198,0.31648771525013497,leaders,upgraded features (run-16 set)
2023-11-03,DFH,1.0,0.198,0.6013056283749088,all,upgraded features (run-16 set)
2023-11-03,OMCL,1.0,0.198,0.5727312300577727,all,upgraded features (run-16 set)
2023-11-03,WWW,0.0,-0.102,0.5617268756947476,all,upgraded features (run-16 set)
2023-11-03,MTH,1.0,0.198,0.5607312692125795,all,upgraded features (run-16 set)
2023-11-03,SKY,1.0,0.198,0.5569547001374785,all,upgraded features (run-16 set)
2023-11-03,DUOL,1.0,0.198,0.5498877052987637,all,upgraded features (run-16 set)
2023-11-03,SLG,0.0,-0.102,0.5413139845964647,all,upgraded features (run-16 set)
2023-11-03,MTZ,1.0,0.198,0.5384845838711434,all,upgraded features (run-16 set)
2023-11-03,HE,0.0,-0.102,0.5369202748163815,all,upgraded features (run-16 set)
2023-11-03,RIG,0.0,-0.10726319,0.5337349253865108,all,upgraded features (run-16 set)
2023-11-03,MTH,1.0,0.198,0.5607312692125795,leaders,upgraded features (run-16 set)
2023-11-03,DUOL,1.0,0.198,0.5498877052987637,leaders,upgraded features (run-16 set)
2023-11-03,VNO,0.0,-0.102,0.5274839909475894,leaders,upgraded features (run-16 set)
2023-11-03,LEU,0.0,-0.102,0.5138948469212263,leaders,upgraded features (run-16 set)
2023-11-03,GAP,1.0,0.198,0.5002528205264621,leaders,upgraded features (run-16 set)
2023-11-03,TTD,0.0,-0.22222003,0.4998189161852138,leaders,upgraded features (run-16 set)
2023-11-03,TDS,0.0,-0.102,0.4957376446944129,leaders,upgraded features (run-16 set)
2023-11-03,COCO,0.0,-0.102,0.49258937518999246,leaders,upgraded features (run-16 set)
2023-11-03,MHO,1.0,0.198,0.491455595167812,leaders,upgraded features (run-16 set)
2023-11-03,MLKN,1.0,0.198,0.48776362144855684,leaders,upgraded features (run-16 set)
2023-11-17,ALB,0.0,-0.102,0.4893915926270221,all,upgraded features (run-16 set)
2023-11-17,FLG,1.0,0.198,0.4893700343910504,all,upgraded features (run-16 set)
2023-11-17,KEY,1.0,0.198,0.48693461841233854,all,upgraded features (run-16 set)
2023-11-17,ZION,1.0,0.21285982,0.4864152486378769,all,upgraded features (run-16 set)
2023-11-17,LTH,0.0,-0.102,0.4831769392681709,all,upgraded features (run-16 set)
2023-11-17,EGBN,1.0,0.198,0.48236987922600055,all,upgraded features (run-16 set)
2023-11-17,CCL,1.0,0.198,0.4813478395122571,all,upgraded features (run-16 set)
2023-11-17,OII,0.0,-0.102,0.47731903580658736,all,upgraded features (run-16 set)
2023-11-17,TPL,0.0,-0.102,0.4758799020127233,all,upgraded features (run-16 set)
2023-11-17,DFH,1.0,0.198,0.4736499097894428,all,upgraded features (run-16 set)
2023-11-17,CCL,1.0,0.198,0.4813478395122571,leaders,upgraded features (run-16 set)
2023-11-17,DFH,1.0,0.198,0.4736499097894428,leaders,upgraded features (run-16 set)
2023-11-17,VNO,1.0,0.198,0.4641254543596759,leaders,upgraded features (run-16 set)
2023-11-17,CNR,0.0,-0.102,0.4441560590762094,leaders,upgraded features (run-16 set)
2023-11-17,TDS,0.0,-0.11163194,0.4422389226477007,leaders,upgraded features (run-16 set)
2023-11-17,UNIT,0.0,-0.102,0.4285090624645284,leaders,upgraded features (run-16 set)
2023-11-17,UFPT,1.0,0.198,0.4251482348166644,leaders,upgraded features (run-16 set)
2023-11-17,COCO,0.0,-0.102,0.421711249216104,leaders,upgraded features (run-16 set)
2023-11-17,AEO,0.0,-0.17334126,0.4181138640813052,leaders,upgraded features (run-16 set)
2023-11-17,RCL,1.0,0.198,0.410063166253512,leaders,upgraded features (run-16 set)
2023-12-04,VICR,1.0,0.198,0.4749843700497246,all,upgraded features (run-16 set)
2023-12-04,ALB,1.0,0.198,0.4713110702704984,all,upgraded features (run-16 set)
2023-12-04,SMTC,1.0,0.198,0.45989601274545916,all,upgraded features (run-16 set)
2023-12-04,RELY,0.0,-0.102,0.45148237938140506,all,upgraded features (run-16 set)
2023-12-04,ACLS,0.0,-0.102,0.44784232283830633,all,upgraded features (run-16 set)
2023-12-04,CRK,0.0,-0.102,0.44348848673740837,all,upgraded features (run-16 set)
2023-12-04,STAA,0.0,-0.102,0.44064398544285327,all,upgraded features (run-16 set)
2023-12-04,SRPT,1.0,0.25101906,0.43855366263698087,all,upgraded features (run-16 set)
2023-12-04,ILMN,1.0,0.198,0.43441545734051096,all,upgraded features (run-16 set)
2023-12-04,SIRI,1.0,0.2041402,0.43306030842580084,all,upgraded features (run-16 set)
2023-12-04,TDS,0.0,-0.102,0.4086957804910855,leaders,upgraded features (run-16 set)
2023-12-04,GEO,1.0,0.198,0.4009572741290873,leaders,upgraded features (run-16 set)
2023-12-04,RMBS,0.0,-0.102,0.38732377943457286,leaders,upgraded features (run-16 set)
2023-12-04,FORM,1.0,0.198,0.3784215902467389,leaders,upgraded features (run-16 set)
2023-12-04,SLG,1.0,0.20514756,0.37365860222391145,leaders,upgraded features (run-16 set)
2023-12-04,NSSC,1.0,0.260197,0.3688041236504171,leaders,upgraded features (run-16 set)
2023-12-04,NEO,0.0,-0.102,0.3678783877814442,leaders,upgraded features (run-16 set)
2023-12-04,ARLO,0.0,-0.102,0.36681205366922753,leaders,upgraded features (run-16 set)
2023-12-04,DFH,1.0,0.198,0.3628246541632378,leaders,upgraded features (run-16 set)
2023-12-04,VNO,0.0,-0.102,0.36249989259535254,leaders,upgraded features (run-16 set)
2023-12-18,RELY,0.0,-0.102,0.5087414440943062,all,upgraded features (run-16 set)
2023-12-18,VICR,0.0,-0.102,0.4724247256582323,all,upgraded features (run-16 set)
2023-12-18,ACLS,0.0,-0.102,0.47152773119264074,all,upgraded features (run-16 set)
2023-12-18,MD,0.0,-0.102,0.47060148621802805,all,upgraded features (run-16 set)
2023-12-18,STAA,0.0,-0.102,0.46900262521022457,all,upgraded features (run-16 set)
2023-12-18,CRK,0.0,-0.102,0.4688927348802397,all,upgraded features (run-16 set)
2023-12-18,SLG,0.0,0.1739344,0.4660229501210107,all,upgraded features (run-16 set)
2023-12-18,VFC,0.0,-0.102,0.4639732691830927,all,upgraded features (run-16 set)
2023-12-18,PTEN,0.0,-0.10797819,0.46101344154135687,all,upgraded features (run-16 set)
2023-12-18,TPL,0.0,-0.102,0.4605246118656176,all,upgraded features (run-16 set)
2023-12-18,SLG,0.0,0.1739344,0.4660229501210107,leaders,upgraded features (run-16 set)
2023-12-18,ZION,0.0,-0.102,0.46018625796446455,leaders,upgraded features (run-16 set)
2023-12-18,VNO,0.0,-0.102,0.45003612454436154,leaders,upgraded features (run-16 set)
2023-12-18,RMBS,0.0,-0.102,0.44364917456508723,leaders,upgraded features (run-16 set)
2023-12-18,CCL,0.0,-0.102,0.43662404780779623,leaders,upgraded features (run-16 set)
2023-12-18,AEO,1.0,0.20288481,0.43384115340703117,leaders,upgraded features (run-16 set)
2023-12-18,GAP,0.0,-0.102,0.42941668449463644,leaders,upgraded features (run-16 set)
2023-12-18,ARLO,0.0,-0.102,0.4293072029896871,leaders,upgraded features (run-16 set)
2023-12-18,XYZ,0.0,-0.102,0.42787459626175994,leaders,upgraded features (run-16 set)
2023-12-18,SIG,0.0,-0.12085399,0.42459307678860925,leaders,upgraded features (run-16 set)
2024-01-03,SLG,1.0,0.198,0.46556177834214363,all,upgraded features (run-16 set)
2024-01-03,GAP,1.0,0.198,0.4584075659168001,all,upgraded features (run-16 set)
2024-01-03,VNO,0.0,-0.102,0.4231061849135699,all,upgraded features (run-16 set)
2024-01-03,ALB,0.0,-0.102,0.41975516761354087,all,upgraded features (run-16 set)
2024-01-03,ZION,0.0,-0.102,0.41812707290559536,all,upgraded features (run-16 set)
2024-01-03,MAC,1.0,0.198,0.41021238526370757,all,upgraded features (run-16 set)
2024-01-03,CLSK,0.0,-0.102,0.4096435173011628,all,upgraded features (run-16 set)
2024-01-03,DFH,1.0,0.198,0.40862597660418337,all,upgraded features (run-16 set)
2024-01-03,SRPT,1.0,0.198,0.4070014115564634,all,upgraded features (run-16 set)
2024-01-03,UNIT,0.0,-0.112139896,0.4033034806950641,all,upgraded features (run-16 set)
2024-01-03,SLG,1.0,0.198,0.46556177834214363,leaders,upgraded features (run-16 set)
2024-01-03,GAP,1.0,0.198,0.4584075659168001,leaders,upgraded features (run-16 set)
2024-01-03,VNO,0.0,-0.102,0.4231061849135699,leaders,upgraded features (run-16 set)
2024-01-03,ZION,0.0,-0.102,0.41812707290559536,leaders,upgraded features (run-16 set)
2024-01-03,MAC,1.0,0.198,0.41021238526370757,leaders,upgraded features (run-16 set)
2024-01-03,CLSK,0.0,-0.102,0.4096435173011628,leaders,upgraded features (run-16 set)
2024-01-03,DFH,1.0,0.198,0.40862597660418337,leaders,upgraded features (run-16 set)
2024-01-03,UNIT,0.0,-0.112139896,0.4033034806950641,leaders,upgraded features (run-16 set)
2024-01-03,POWL,0.0,-0.102,0.39805514332130143,leaders,upgraded features (run-16 set)
2024-01-03,ANF,1.0,0.198,0.39487935497153165,leaders,upgraded features (run-16 set)
2024-01-18,CALY,1.0,0.198,0.49741069564314294,all,upgraded features (run-16 set)
2024-01-18,MBI,1.0,0.198,0.48074335384376216,all,upgraded features (run-16 set)
2024-01-18,DFH,1.0,0.198,0.4727842072115705,all,upgraded features (run-16 set)
2024-01-18,SLG,1.0,0.198,0.4449321426251348,all,upgraded features (run-16 set)
2024-01-18,RELY,1.0,0.36248016,0.430352446214105,all,upgraded features (run-16 set)
2024-01-18,ALB,1.0,0.198,0.4280782572716062,all,upgraded features (run-16 set)
2024-01-18,GAP,1.0,0.198,0.4242919527570895,all,upgraded features (run-16 set)
2024-01-18,CENX,1.0,0.198,0.42327123319834487,all,upgraded features (run-16 set)
2024-01-18,VNO,0.0,0.00032823713,0.4229482130109699,all,upgraded features (run-16 set)
2024-01-18,SMTC,1.0,0.198,0.42150634920599594,all,upgraded features (run-16 set)
2024-01-18,MBI,1.0,0.198,0.48074335384376216,leaders,upgraded features (run-16 set)
2024-01-18,DFH,1.0,0.198,0.4727842072115705,leaders,upgraded features (run-16 set)
2024-01-18,SLG,1.0,0.198,0.4449321426251348,leaders,upgraded features (run-16 set)
2024-01-18,CENX,1.0,0.198,0.42327123319834487,leaders,upgraded features (run-16 set)
2024-01-18,MAC,0.0,0.0016190015,0.4198586239099246,leaders,upgraded features (run-16 set)
2024-01-18,CCL,0.0,-0.102,0.41896616217906407,leaders,upgraded features (run-16 set)
2024-01-18,NSSC,1.0,0.198,0.40487770926876365,leaders,upgraded features (run-16 set)
2024-01-18,ANF,1.0,0.198,0.4040915589075419,leaders,upgraded features (run-16 set)
2024-01-18,STRL,0.0,-0.102,0.4022624475692219,leaders,upgraded features (run-16 set)
2024-01-18,FRPT,1.0,0.2706739,0.3964679944931554,leaders,upgraded features (run-16 set)
2024-02-01,SLG,1.0,0.198,0.4329773797267488,all,upgraded features (run-16 set)
2024-02-01,CLSK,1.0,0.198,0.3829494138522141,all,upgraded features (run-16 set)
2024-02-01,GAP,1.0,0.198,0.38243337951654655,all,upgraded features (run-16 set)
2024-02-01,MBI,0.0,0.056727514,0.3728936875006616,all,upgraded features (run-16 set)
2024-02-01,DFH,0.0,-0.102,0.3688821264746881,all,upgraded features (run-16 set)
2024-02-01,CYTK,0.0,-0.102,0.3621898535368579,all,upgraded features (run-16 set)
2024-02-01,VNO,0.0,-0.022942342,0.3536183440142906,all,upgraded features (run-16 set)
2024-02-01,XYZ,1.0,0.198,0.34892985447510316,all,upgraded features (run-16 set)
2024-02-01,CENX,0.0,-0.102,0.34756076965382854,all,upgraded features (run-16 set)
2024-02-01,ANF,1.0,0.198,0.34679751300538236,all,upgraded features (run-16 set)
2024-02-01,SLG,1.0,0.198,0.4329773797267488,leaders,upgraded features (run-16 set)
2024-02-01,MBI,0.0,0.056727514,0.3728936875006616,leaders,upgraded features (run-16 set)
2024-02-01,DFH,0.0,-0.102,0.3688821264746881,leaders,upgraded features (run-16 set)
2024-02-01,CENX,0.0,-0.102,0.34756076965382854,leaders,upgraded features (run-16 set)
2024-02-01,ANF,1.0,0.198,0.34679751300538236,leaders,upgraded features (run-16 set)
2024-02-01,NSSC,1.0,0.198,0.33811417148670564,leaders,upgraded features (run-16 set)
2024-02-01,UFPT,1.0,0.19953167,0.32773381133596763,leaders,upgraded features (run-16 set)
2024-02-01,THC,1.0,0.198,0.32204633937330485,leaders,upgraded features (run-16 set)
2024-02-01,MAC,0.0,-0.102,0.32069988878327305,leaders,upgraded features (run-16 set)
2024-02-01,PLAB,0.0,-0.102,0.31534606888691963,leaders,upgraded features (run-16 set)
2024-02-15,MBI,0.0,-0.102,0.4385112024403019,all,upgraded features (run-16 set)
2024-02-15,CYTK,0.0,-0.102,0.39717360025121073,all,upgraded features (run-16 set)
2024-02-15,ANF,0.0,0.13063772,0.3456464221834472,all,upgraded features (run-16 set)
2024-02-15,SLG,1.0,0.198,0.3408915608961178,all,upgraded features (run-16 set)
2024-02-15,DFH,1.0,0.198,0.33568444750384624,all,upgraded features (run-16 set)
2024-02-15,MAC,0.0,-0.102,0.3324379149459994,all,upgraded features (run-16 set)
2024-02-15,PLAB,0.0,-0.17457683,0.3283925093814333,all,upgraded features (run-16 set)
2024-02-15,AMD,1.0,0.198,0.32419767276253303,all,upgraded features (run-16 set)
2024-02-15,SMTC,1.0,0.198,0.32189603475988204,all,upgraded features (run-16 set)
2024-02-15,CORT,0.0,-0.102,0.32086137654266883,all,upgraded features (run-16 set)
2024-02-15,MBI,0.0,-0.102,0.4385112024403019,leaders,upgraded features (run-16 set)
2024-02-15,ANF,0.0,0.13063772,0.3456464221834472,leaders,upgraded features (run-16 set)
2024-02-15,SLG,1.0,0.198,0.3408915608961178,leaders,upgraded features (run-16 set)
2024-02-15,DFH,1.0,0.198,0.33568444750384624,leaders,upgraded features (run-16 set)
2024-02-15,MAC,0.0,-0.102,0.3324379149459994,leaders,upgraded features (run-16 set)
2024-02-15,PLAB,0.0,-0.17457683,0.3283925093814333,leaders,upgraded features (run-16 set)
2024-02-15,AMD,1.0,0.198,0.32419767276253303,leaders,upgraded features (run-16 set)
2024-02-15,COHR,0.0,-0.102,0.3160521941324233,leaders,upgraded features (run-16 set)
2024-02-15,CENX,1.0,0.20118353,0.3048811801623081,leaders,upgraded features (run-16 set)
2024-02-15,CLSK,0.0,-0.102,0.30349850309479165,leaders,upgraded features (run-16 set)
2024-03-01,MBI,0.0,-0.10334126,0.4309490111449649,all,upgraded features (run-16 set)
2024-03-01,CYTK,0.0,-0.102,0.42440805103364065,all,upgraded features (run-16 set)
2024-03-01,CENX,1.0,0.198,0.3895331956542621,all,upgraded features (run-16 set)
2024-03-01,ACAD,0.0,-0.19025491,0.3804854536358534,all,upgraded features (run-16 set)
2024-03-01,UTI,0.0,0.049896255,0.37099334000816103,all,upgraded features (run-16 set)
2024-03-01,DFH,0.0,-0.102,0.369106723936882,all,upgraded features (run-16 set)
2024-03-01,CLSK,0.0,-0.102,0.3688728672562861,all,upgraded features (run-16 set)
2024-03-01,SLG,0.0,0.10662951,0.35204338717199246,all,upgraded features (run-16 set)
2024-03-01,VNO,0.0,-0.102,0.34823953912729716,all,upgraded features (run-16 set)
2024-03-01,JBLU,0.0,-0.113282815,0.3477597143714031,all,upgraded features (run-16 set)
2024-03-01,MBI,0.0,-0.10334126,0.4309490111449649,leaders,upgraded features (run-16 set)
2024-03-01,UTI,0.0,0.049896255,0.37099334000816103,leaders,upgraded features (run-16 set)
2024-03-01,DFH,0.0,-0.102,0.369106723936882,leaders,upgraded features (run-16 set)
2024-03-01,CLSK,0.0,-0.102,0.3688728672562861,leaders,upgraded features (run-16 set)
2024-03-01,SLG,0.0,0.10662951,0.35204338717199246,leaders,upgraded features (run-16 set)
2024-03-01,AMD,0.0,-0.102,0.34430376597636925,leaders,upgraded features (run-16 set)
2024-03-01,COHR,0.0,-0.102,0.3408298681945574,leaders,upgraded features (run-16 set)
2024-03-01,UCTT,0.0,-0.10282534,0.33867565430694385,leaders,upgraded features (run-16 set)
2024-03-01,ARWR,0.0,-0.102,0.33312831813902755,leaders,upgraded features (run-16 set)
2024-03-01,POWL,0.0,-0.102,0.33020258190815366,leaders,upgraded features (run-16 set)
2024-03-15,CLSK,0.0,-0.102,0.42456555456372846,all,upgraded features (run-16 set)
2024-03-15,VSAT,0.0,-0.102,0.380531541565331,all,upgraded features (run-16 set)
2024-03-15,ALB,0.0,-0.102,0.380248880173655,all,upgraded features (run-16 set)
2024-03-15,CYTK,0.0,-0.102,0.37454194762190074,all,upgraded features (run-16 set)
2024-03-15,LEU,1.0,0.198,0.3625388615388949,all,upgraded features (run-16 set)
2024-03-15,FLG,0.0,-0.102,0.3622662274012457,all,upgraded features (run-16 set)
2024-03-15,UTI,0.0,-0.048831977,0.36065091233676555,all,upgraded features (run-16 set)
2024-03-15,NEO,0.0,-0.102,0.3503725198421341,all,upgraded features (run-16 set)
2024-03-15,CORT,0.0,-0.102,0.35012342876829156,all,upgraded features (run-16 set)
2024-03-15,DFH,1.0,0.198,0.3461856495391733,all,upgraded features (run-16 set)
2024-03-15,UTI,0.0,-0.048831977,0.36065091233676555,leaders,upgraded features (run-16 set)
2024-03-15,DFH,1.0,0.198,0.3461856495391733,leaders,upgraded features (run-16 set)
2024-03-15,AMD,0.0,-0.102,0.33630807199514096,leaders,upgraded features (run-16 set)
2024-03-15,GAP,1.0,0.198,0.33234684138599563,leaders,upgraded features (run-16 set)
2024-03-15,COHR,0.0,-0.102,0.32370668375465755,leaders,upgraded features (run-16 set)
2024-03-15,POWL,0.0,-0.102,0.3234396794765981,leaders,upgraded features (run-16 set)
2024-03-15,CENX,1.0,0.198,0.319957849954321,leaders,upgraded features (run-16 set)
2024-03-15,UCTT,0.0,-0.102,0.31428724469247266,leaders,upgraded features (run-16 set)
2024-03-15,XYZ,0.0,-0.102,0.31404532808868785,leaders,upgraded features (run-16 set)
2024-03-15,ANF,0.0,-0.102,0.3121961893196296,leaders,upgraded features (run-16 set)
2024-04-01,FLG,0.0,-0.102,0.4171784927937993,all,upgraded features (run-16 set)
2024-04-01,AMD,0.0,-0.102,0.40500359687686227,all,upgraded features (run-16 set)
2024-04-01,CLSK,0.0,-0.102,0.4027385337736787,all,upgraded features (run-16 set)
2024-04-01,DFH,0.0,-0.113914184,0.3692907475769811,all,upgraded features (run-16 set)
2024-04-01,VSAT,0.0,-0.102,0.3678536481768006,all,upgraded features (run-16 set)
2024-04-01,ALB,0.0,-0.102,0.3661391047628923,all,upgraded features (run-16 set)
2024-04-01,COHR,0.0,-0.102,0.36595199203447665,all,upgraded features (run-16 set)
2024-04-01,UCTT,0.0,-0.102,0.3625857625282721,all,upgraded features (run-16 set)
2024-04-01,CYTK,0.0,-0.102,0.36254477271563745,all,upgraded features (run-16 set)
2024-04-01,CENX,1.0,0.198,0.3618715429310142,all,upgraded features (run-16 set)
2024-04-01,AMD,0.0,-0.102,0.40500359687686227,leaders,upgraded features (run-16 set)
2024-04-01,CLSK,0.0,-0.102,0.4027385337736787,leaders,upgraded features (run-16 set)
2024-04-01,DFH,0.0,-0.113914184,0.3692907475769811,leaders,upgraded features (run-16 set)
2024-04-01,COHR,0.0,-0.102,0.36595199203447665,leaders,upgraded features (run-16 set)
2024-04-01,UCTT,0.0,-0.102,0.3625857625282721,leaders,upgraded features (run-16 set)
2024-04-01,CENX,1.0,0.198,0.3618715429310142,leaders,upgraded features (run-16 set)
2024-04-01,ONTO,0.0,-0.102,0.36031205104151637,leaders,upgraded features (run-16 set)
2024-04-01,SLG,0.0,-0.102,0.3571640407231547,leaders,upgraded features (run-16 set)
2024-04-01,NVDA,0.0,-0.102,0.3522456464958261,leaders,upgraded features (run-16 set)
2024-04-01,IESC,1.0,0.22467865,0.35123875309745883,leaders,upgraded features (run-16 set)
2024-04-15,FLG,1.0,0.198,0.5145067991739944,all,upgraded features (run-16 set)
2024-04-15,CLSK,1.0,0.198,0.48011155781048487,all,upgraded features (run-16 set)
2024-04-15,POWL,1.0,0.198,0.47839328751916804,all,upgraded features (run-16 set)
2024-04-15,GAP,0.0,-0.102,0.4722872547135352,all,upgraded features (run-16 set)
2024-04-15,CYTK,0.0,-0.102,0.4705791188231017,all,upgraded features (run-16 set)
2024-04-15,NVDA,0.0,-0.102,0.45771765072786913,all,upgraded features (run-16 set)
2024-04-15,QDEL,0.0,-0.102,0.4541904154755054,all,upgraded features (run-16 set)
2024-04-15,COHR,1.0,0.198,0.4476853344912873,all,upgraded features (run-16 set)
2024-04-15,RMBS,0.0,-0.102,0.44442033370568906,all,upgraded features (run-16 set)
2024-04-15,UCTT,0.0,-0.102,0.44293001485372097,all,upgraded features (run-16 set)
2024-04-15,NVDA,0.0,-0.102,0.45771765072786913,leaders,upgraded features (run-16 set)
2024-04-15,TILE,0.0,0.07962696,0.4183089003714134,leaders,upgraded features (run-16 set)
2024-04-15,SMTC,1.0,0.198,0.4166736995938399,leaders,upgraded features (run-16 set)
2024-04-15,FIX,0.0,0.08459967,0.41313746856516087,leaders,upgraded features (run-16 set)
2024-04-15,SLG,1.0,0.20821476,0.41220429534779,leaders,upgraded features (run-16 set)
2024-04-15,WDC,0.0,0.09213599,0.40950089851307286,leaders,upgraded features (run-16 set)
2024-04-15,IESC,1.0,0.2520292,0.4070031494662111,leaders,upgraded features (run-16 set)
2024-04-15,CENX,0.0,-0.102,0.4000765579270831,leaders,upgraded features (run-16 set)
2024-04-15,UFPT,0.0,-0.102,0.3960520955665682,leaders,upgraded features (run-16 set)
2024-04-15,STRL,1.0,0.198,0.3861322359577079,leaders,upgraded features (run-16 set)
2024-04-29,DFH,0.0,-0.10254502,0.42030059684657683,all,upgraded features (run-16 set)
2024-04-29,PLAB,0.0,-0.17519806,0.4152470888165384,all,upgraded features (run-16 set)
2024-04-29,CLSK,0.0,-0.11734217,0.4092072393280101,all,upgraded features (run-16 set)
2024-04-29,FIX,0.0,-0.017242512,0.4038901805626082,all,upgraded features (run-16 set)
2024-04-29,ALB,0.0,-0.102,0.4026250613879172,all,upgraded features (run-16 set)
2024-04-29,TPC,1.0,0.198,0.4011776676450356,all,upgraded features (run-16 set)
2024-04-29,FLG,1.0,0.198,0.398454075465325,all,upgraded features (run-16 set)
2024-04-29,XYZ,0.0,-0.102,0.3978018750567703,all,upgraded features (run-16 set)
2024-04-29,ARLO,1.0,0.198,0.395676260787188,all,upgraded features (run-16 set)
2024-04-29,CNR,1.0,0.198,0.39270785415116705,all,upgraded features (run-16 set)
2024-04-29,PLAB,0.0,-0.17519806,0.4152470888165384,leaders,upgraded features (run-16 set)
2024-04-29,FIX,0.0,-0.017242512,0.4038901805626082,leaders,upgraded features (run-16 set)
2024-04-29,TPC,1.0,0.198,0.4011776676450356,leaders,upgraded features (run-16 set)
2024-04-29,ARLO,1.0,0.198,0.395676260787188,leaders,upgraded features (run-16 set)
2024-04-29,KALU,0.0,-0.102,0.38539908353537694,leaders,upgraded features (run-16 set)
2024-04-29,CENX,0.0,-0.102,0.38385250911972274,leaders,upgraded features (run-16 set)
2024-04-29,SMTC,1.0,0.198,0.37719765517453047,leaders,upgraded features (run-16 set)
2024-04-29,STRL,1.0,0.198,0.3733525781773851,leaders,upgraded features (run-16 set)
2024-04-29,IESC,1.0,0.198,0.3731394599415467,leaders,upgraded features (run-16 set)
2024-04-29,SLG,1.0,0.198,0.3724239951908013,leaders,upgraded features (run-16 set)
2024-05-13,SMTC,1.0,0.198,0.43885894351915977,all,upgraded features (run-16 set)
2024-05-13,WDC,0.0,-0.102,0.4348708880319014,all,upgraded features (run-16 set)
2024-05-13,CDE,1.0,0.198,0.4318873529991422,all,upgraded features (run-16 set)
2024-05-13,FLG,0.0,-0.102,0.42350031455913856,all,upgraded features (run-16 set)
2024-05-13,CENX,0.0,-0.102,0.4218367495970252,all,upgraded features (run-16 set)
2024-05-13,POWL,1.0,0.198,0.41540560812045646,all,upgraded features (run-16 set)
2024-05-13,NVDA,1.0,0.21752693,0.4129607193211426,all,upgraded features (run-16 set)
2024-05-13,IART,1.0,0.198,0.4066136769509099,all,upgraded features (run-16 set)
2024-05-13,AAP,0.0,-0.14781679,0.4055055574400846,all,upgraded features (run-16 set)
2024-05-13,FIX,0.0,-0.102,0.39860974593965676,all,upgraded features (run-16 set)
2024-05-13,SMTC,1.0,0.198,0.43885894351915977,leaders,upgraded features (run-16 set)
2024-05-13,WDC,0.0,-0.102,0.4348708880319014,leaders,upgraded features (run-16 set)
2024-05-13,CDE,1.0,0.198,0.4318873529991422,leaders,upgraded features (run-16 set)
2024-05-13,CENX,0.0,-0.102,0.4218367495970252,leaders,upgraded features (run-16 set)
2024-05-13,POWL,1.0,0.198,0.41540560812045646,leaders,upgraded features (run-16 set)
2024-05-13,NVDA,1.0,0.21752693,0.4129607193211426,leaders,upgraded features (run-16 set)
2024-05-13,FIX,0.0,-0.102,0.39860974593965676,leaders,upgraded features (run-16 set)
2024-05-13,ANF,1.0,0.198,0.3893627825272092,leaders,upgraded features (run-16 set)
2024-05-13,TPC,1.0,0.198,0.37510353031305194,leaders,upgraded features (run-16 set)
2024-05-13,SLG,1.0,0.198,0.36715377627378865,leaders,upgraded features (run-16 set)
2024-05-28,CLSK,0.0,-0.102,0.47244917551896237,all,upgraded features (run-16 set)
2024-05-28,FLG,0.0,-0.102,0.46720317310816745,all,upgraded features (run-16 set)
2024-05-28,ACAD,1.0,0.198,0.4563416509179418,all,upgraded features (run-16 set)
2024-05-28,SMTC,0.0,-0.25779676,0.4515466608664303,all,upgraded features (run-16 set)
2024-05-28,CDE,1.0,0.198,0.43970262961223616,all,upgraded features (run-16 set)
2024-05-28,DXPE,0.0,-0.102,0.43694544450484096,all,upgraded features (run-16 set)
2024-05-28,CENX,0.0,-0.102,0.4324722928044141,all,upgraded features (run-16 set)
2024-05-28,TPC,0.0,-0.102,0.41955102474750344,all,upgraded features (run-16 set)
2024-05-28,NEOG,1.0,0.198,0.4181934904881938,all,upgraded features (run-16 set)
2024-05-28,GAP,1.0,0.32920405,0.41522762728976526,all,upgraded features (run-16 set)
2024-05-28,SMTC,0.0,-0.25779676,0.4515466608664303,leaders,upgraded features (run-16 set)
2024-05-28,CDE,1.0,0.198,0.43970262961223616,leaders,upgraded features (run-16 set)
2024-05-28,CENX,0.0,-0.102,0.4324722928044141,leaders,upgraded features (run-16 set)
2024-05-28,TPC,0.0,-0.102,0.41955102474750344,leaders,upgraded features (run-16 set)
2024-05-28,NRG,0.0,-0.102,0.40130091353787,leaders,upgraded features (run-16 set)
2024-05-28,VST,0.0,-0.102,0.39507472463915433,leaders,upgraded features (run-16 set)
2024-05-28,MU,0.0,-0.102,0.394821649961716,leaders,upgraded features (run-16 set)
2024-05-28,AA,0.0,-0.102,0.37984938197007717,leaders,upgraded features (run-16 set)
2024-05-28,ONTO,0.0,-0.102,0.3767564887619323,leaders,upgraded features (run-16 set)
2024-05-28,IESC,0.0,-0.102,0.37467050049419426,leaders,upgraded features (run-16 set)
2024-06-11,GL,1.0,0.198,0.5527456142628259,all,upgraded features (run-16 set)
2024-06-11,GAP,0.0,-0.11534824,0.4982431077767635,all,upgraded features (run-16 set)
2024-06-11,CENX,1.0,0.198,0.49729685555736985,all,upgraded features (run-16 set)
2024-06-11,CDE,1.0,0.23644727,0.49579734983662677,all,upgraded features (run-16 set)
2024-06-11,CLSK,1.0,0.198,0.49020615920525684,all,upgraded features (run-16 set)
2024-06-11,TPC,1.0,0.198,0.48320525843657924,all,upgraded features (run-16 set)
2024-06-11,SLAB,0.0,-0.102,0.4771883503380026,all,upgraded features (run-16 set)
2024-06-11,FLG,0.0,-0.102,0.47168360263281184,all,upgraded features (run-16 set)
2024-06-11,SMTC,1.0,0.198,0.4645997753558256,all,upgraded features (run-16 set)
2024-06-11,AA,0.0,-0.102,0.4638162217223048,all,upgraded features (run-16 set)
2024-06-11,GAP,0.0,-0.11534824,0.4982431077767635,leaders,upgraded features (run-16 set)
2024-06-11,CDE,1.0,0.23644727,0.49579734983662677,leaders,upgraded features (run-16 set)
2024-06-11,TPC,1.0,0.198,0.48320525843657924,leaders,upgraded features (run-16 set)
2024-06-11,AA,0.0,-0.102,0.4638162217223048,leaders,upgraded features (run-16 set)
2024-06-11,ANF,0.0,-0.102,0.44640734832687434,leaders,upgraded features (run-16 set)
2024-06-11,POWL,0.0,-0.102,0.44488028455454043,leaders,upgraded features (run-16 set)
2024-06-11,CRS,1.0,0.198,0.43732439773805915,leaders,upgraded features (run-16 set)
2024-06-11,COHR,1.0,0.198,0.4350108256955003,leaders,upgraded features (run-16 set)
2024-06-11,MU,0.0,-0.102,0.4298420732863393,leaders,upgraded features (run-16 set)
2024-06-11,DY,0.0,-0.102,0.4260890601674868,leaders,upgraded features (run-16 set)
2024-06-26,DFH,1.0,0.198,0.4595420094205403,all,upgraded features (run-16 set)
2024-06-26,JBLU,1.0,0.198,0.4279548758044147,all,upgraded features (run-16 set)
2024-06-26,RELY,1.0,0.24447304,0.42037312931878057,all,upgraded features (run-16 set)
2024-06-26,CDE,1.0,0.20303592,0.4108126802809815,all,upgraded features (run-16 set)
2024-06-26,GAP,0.0,-0.102,0.40275470107918976,all,upgraded features (run-16 set)
2024-06-26,GME,1.0,0.198,0.4004300635573765,all,upgraded features (run-16 set)
2024-06-26,CAR,0.0,-0.102,0.3996555555334627,all,upgraded features (run-16 set)
2024-06-26,TPC,1.0,0.198,0.3979932819558741,all,upgraded features (run-16 set)
2024-06-26,CYTK,0.0,0.01597102,0.39748092759814996,all,upgraded features (run-16 set)
2024-06-26,POWL,0.0,-0.102,0.39745457378559573,all,upgraded features (run-16 set)
2024-06-26,CDE,1.0,0.20303592,0.4108126802809815,leaders,upgraded features (run-16 set)
2024-06-26,GAP,0.0,-0.102,0.40275470107918976,leaders,upgraded features (run-16 set)
2024-06-26,TPC,1.0,0.198,0.3979932819558741,leaders,upgraded features (run-16 set)
2024-06-26,COHR,0.0,-0.102,0.3850910007083236,leaders,upgraded features (run-16 set)
2024-06-26,CRS,1.0,0.24861296,0.38457136801633657,leaders,upgraded features (run-16 set)
2024-06-26,ANF,0.0,-0.102,0.3529270744398544,leaders,upgraded features (run-16 set)
2024-06-26,SKYW,0.0,-0.102,0.3519897161836586,leaders,upgraded features (run-16 set)
2024-06-26,SRPT,0.0,-0.102,0.3444462320439927,leaders,upgraded features (run-16 set)
2024-06-26,WWW,1.0,0.198,0.3437109620347943,leaders,upgraded features (run-16 set)
2024-06-26,EAT,0.0,-0.102,0.33682017642507284,leaders,upgraded features (run-16 set)
2024-07-11,SMTC,0.0,-0.102,0.4187065507993132,all,upgraded features (run-16 set)
2024-07-11,UNIT,1.0,0.198,0.40731604961185824,all,upgraded features (run-16 set)
2024-07-11,CYTK,0.0,-0.03574774,0.4058459905479521,all,upgraded features (run-16 set)
2024-07-11,IESC,0.0,-0.102,0.40149729602246653,all,upgraded features (run-16 set)
2024-07-11,DUOL,0.0,-0.102,0.40143771055387656,all,upgraded features (run-16 set)
2024-07-11,DFH,1.0,0.198,0.40096023110296486,all,upgraded features (run-16 set)
2024-07-11,GME,0.0,-0.102,0.3950803869408986,all,upgraded features (run-16 set)
2024-07-11,CLSK,1.0,0.198,0.391153167485293,all,upgraded features (run-16 set)
2024-07-11,VST,0.0,-0.102,0.38872066164075264,all,upgraded features (run-16 set)
2024-07-11,POWL,0.0,-0.102,0.3858947562628036,all,upgraded features (run-16 set)
2024-07-11,SMTC,0.0,-0.102,0.4187065507993132,leaders,upgraded features (run-16 set)
2024-07-11,IESC,0.0,-0.102,0.40149729602246653,leaders,upgraded features (run-16 set)
2024-07-11,VST,0.0,-0.102,0.38872066164075264,leaders,upgraded features (run-16 set)
2024-07-11,TDS,0.0,-0.12439086,0.3813174012614005,leaders,upgraded features (run-16 set)
2024-07-11,SRPT,0.0,-0.102,0.37776348086282463,leaders,upgraded features (run-16 set)
2024-07-11,CDE,0.0,-0.102443084,0.374596689895923,leaders,upgraded features (run-16 set)
2024-07-11,GAP,0.0,-0.102,0.36288965756630615,leaders,upgraded features (run-16 set)
2024-07-11,ARLO,0.0,-0.102,0.3614992299877271,leaders,upgraded features (run-16 set)
2024-07-11,CORT,1.0,0.22963296,0.3474570211615171,leaders,upgraded features (run-16 set)
2024-07-11,WSM,0.0,-0.102,0.3443097322968959,leaders,upgraded features (run-16 set)
2024-07-25,PBI,0.0,-0.102,0.39980892430617243,all,upgraded features (run-16 set)
2024-07-25,CRS,0.0,-0.102,0.38598589419497487,all,upgraded features (run-16 set)
2024-07-25,TDS,0.0,-0.102,0.3792534107845756,all,upgraded features (run-16 set)
2024-07-25,VST,1.0,0.198,0.3636028325877942,all,upgraded features (run-16 set)
2024-07-25,GME,0.0,-0.12726095,0.36223491295982335,all,upgraded features (run-16 set)
2024-07-25,ARLO,0.0,-0.11360714,0.36076146461293684,all,upgraded features (run-16 set)
2024-07-25,CYTK,0.0,-0.102,0.35124184014817306,all,upgraded features (run-16 set)
2024-07-25,CORT,1.0,0.198,0.3489102320734113,all,upgraded features (run-16 set)
2024-07-25,CDE,0.0,-0.102,0.34785039495446346,all,upgraded features (run-16 set)
2024-07-25,CLSK,0.0,-0.102,0.3467719452455276,all,upgraded features (run-16 set)
2024-07-25,PBI,0.0,-0.102,0.39980892430617243,leaders,upgraded features (run-16 set)
2024-07-25,CRS,0.0,-0.102,0.38598589419497487,leaders,upgraded features (run-16 set)
2024-07-25,TDS,0.0,-0.102,0.3792534107845756,leaders,upgraded features (run-16 set)
2024-07-25,ARLO,0.0,-0.11360714,0.36076146461293684,leaders,upgraded features (run-16 set)
2024-07-25,CORT,1.0,0.198,0.3489102320734113,leaders,upgraded features (run-16 set)
2024-07-25,CDE,0.0,-0.102,0.34785039495446346,leaders,upgraded features (run-16 set)
2024-07-25,TPC,0.0,-0.24579495,0.3447268013065149,leaders,upgraded features (run-16 set)
2024-07-25,WWW,0.0,-0.11821422,0.3385421379584673,leaders,upgraded features (run-16 set)
2024-07-25,SRPT,0.0,-0.102,0.3340879174811086,leaders,upgraded features (run-16 set)
2024-07-25,LGND,0.0,-0.15028791,0.31275972790391926,leaders,upgraded features (run-16 set)
2024-08-08,HE,0.0,-0.24355192,0.304175021979442,all,upgraded features (run-16 set)
2024-08-08,TDS,1.0,0.198,0.28480686354333445,all,upgraded features (run-16 set)
2024-08-08,SRPT,0.0,-0.102,0.27692876970116287,all,upgraded features (run-16 set)
2024-08-08,UNIT,1.0,0.198,0.27536453048048315,all,upgraded features (run-16 set)
2024-08-08,AGX,1.0,0.262764,0.2740584105731595,all,upgraded features (run-16 set)
2024-08-08,VST,1.0,0.198,0.2702098064554684,all,upgraded features (run-16 set)
2024-08-08,VFC,1.0,0.198,0.2698276088258369,all,upgraded features (run-16 set)
2024-08-08,AES,1.0,0.198,0.2685800477594885,all,upgraded features (run-16 set)
2024-08-08,GME,0.0,-0.102,0.26845470721574005,all,upgraded features (run-16 set)
2024-08-08,FLG,1.0,0.198,0.26810938460182443,all,upgraded features (run-16 set)
2024-08-08,TDS,1.0,0.198,0.28480686354333445,leaders,upgraded features (run-16 set)
2024-08-08,VFC,1.0,0.198,0.2698276088258369,leaders,upgraded features (run-16 set)
2024-08-08,UFPT,0.0,-0.102,0.2533143584819413,leaders,upgraded features (run-16 set)
2024-08-08,DXPE,1.0,0.198,0.25308616175117926,leaders,upgraded features (run-16 set)
2024-08-08,STBA,0.0,0.093999915,0.24489306387892684,leaders,upgraded features (run-16 set)
2024-08-08,ATI,0.0,-0.102,0.23002395737872977,leaders,upgraded features (run-16 set)
2024-08-08,AORT,0.0,0.16025822,0.2286285694015401,leaders,upgraded features (run-16 set)
2024-08-08,NRG,1.0,0.198,0.22785275764409071,leaders,upgraded features (run-16 set)
2024-08-08,DHI,0.0,-0.11512455,0.22686005167054504,leaders,upgraded features (run-16 set)
2024-08-08,UHS,0.0,-0.102,0.22614798453811638,leaders,upgraded features (run-16 set)
2024-08-22,VST,0.0,-0.102,0.43258047076608536,all,upgraded features (run-16 set)
2024-08-22,SMTC,1.0,0.198,0.40726253631363696,all,upgraded features (run-16 set)
2024-08-22,CDE,0.0,-0.102,0.396035141188851,all,upgraded features (run-16 set)
2024-08-22,ANF,0.0,-0.11222997,0.394814139095081,all,upgraded features (run-16 set)
2024-08-22,NVDA,0.0,-0.102,0.3915397996124747,all,upgraded features (run-16 set)
2024-08-22,TPC,1.0,0.198,0.38494409702577587,all,upgraded features (run-16 set)
2024-08-22,POWL,0.0,-0.102,0.3753977718261184,all,upgraded features (run-16 set)
2024-08-22,CLSK,0.0,-0.102,0.3739450478886399,all,upgraded features (run-16 set)
2024-08-22,CENX,0.0,-0.102,0.3713459443196929,all,upgraded features (run-16 set)
2024-08-22,AMKR,0.0,-0.102,0.36948336114498836,all,upgraded features (run-16 set)
2024-08-22,VST,0.0,-0.102,0.43258047076608536,leaders,upgraded features (run-16 set)
2024-08-22,SMTC,1.0,0.198,0.40726253631363696,leaders,upgraded features (run-16 set)
2024-08-22,CDE,0.0,-0.102,0.396035141188851,leaders,upgraded features (run-16 set)
2024-08-22,ANF,0.0,-0.11222997,0.394814139095081,leaders,upgraded features (run-16 set)
2024-08-22,NVDA,0.0,-0.102,0.3915397996124747,leaders,upgraded features (run-16 set)
2024-08-22,POWL,0.0,-0.102,0.3753977718261184,leaders,upgraded features (run-16 set)
2024-08-22,ONTO,0.0,-0.102,0.36039526706251895,leaders,upgraded features (run-16 set)
2024-08-22,USLM,1.0,0.198,0.3339846073519679,leaders,upgraded features (run-16 set)
2024-08-22,VNO,1.0,0.198,0.3324626380120027,leaders,upgraded features (run-16 set)
2024-08-22,DUOL,1.0,0.198,0.3320984665805058,leaders,upgraded features (run-16 set)
2024-09-06,UNIT,0.0,0.11587063,0.46971828395443677,all,upgraded features (run-16 set)
2024-09-06,CLSK,1.0,0.198,0.44028567285209397,all,upgraded features (run-16 set)
2024-09-06,AES,1.0,0.198,0.41943625810998275,all,upgraded features (run-16 set)
2024-09-06,GBX,1.0,0.21559966,0.4114194576586193,all,upgraded features (run-16 set)
2024-09-06,ICUI,1.0,0.198,0.41015576682936117,all,upgraded features (run-16 set)
2024-09-06,OMCL,0.0,-0.102,0.4057077071917157,all,upgraded features (run-16 set)
2024-09-06,LUMN,0.0,-0.102,0.39851953635352044,all,upgraded features (run-16 set)
2024-09-06,SLG,1.0,0.198,0.3940631509187126,all,upgraded features (run-16 set)
2024-09-06,STBA,0.0,-0.102,0.39233967288742366,all,upgraded features (run-16 set)
2024-09-06,VNO,1.0,0.198,0.386577339619189,all,upgraded features (run-16 set)
2024-09-06,UNIT,0.0,0.11587063,0.46971828395443677,leaders,upgraded features (run-16 set)
2024-09-06,ICUI,1.0,0.198,0.41015576682936117,leaders,upgraded features (run-16 set)
2024-09-06,OMCL,0.0,-0.102,0.4057077071917157,leaders,upgraded features (run-16 set)
2024-09-06,SLG,1.0,0.198,0.3940631509187126,leaders,upgraded features (run-16 set)
2024-09-06,STBA,0.0,-0.102,0.39233967288742366,leaders,upgraded features (run-16 set)
2024-09-06,VNO,1.0,0.198,0.386577339619189,leaders,upgraded features (run-16 set)
2024-09-06,CBU,1.0,0.198,0.3826410226093992,leaders,upgraded features (run-16 set)
2024-09-06,MD,1.0,0.198,0.3813805558097641,leaders,upgraded features (run-16 set)
2024-09-06,ABCB,1.0,0.198,0.3792371981729523,leaders,upgraded features (run-16 set)
2024-09-06,PRK,1.0,0.198,0.3784370481567904,leaders,upgraded features (run-16 set)
2024-09-20,PBI,1.0,0.25049633,0.3535715695566959,all,upgraded features (run-16 set)
2024-09-20,NVDA,1.0,0.198,0.35170794741834865,all,upgraded features (run-16 set)
2024-09-20,MHK,0.0,-0.14603561,0.3476347021001047,all,upgraded features (run-16 set)
2024-09-20,DORM,1.0,0.198,0.34236198176279653,all,upgraded features (run-16 set)
2024-09-20,WOR,0.0,-0.102,0.33984980260304437,all,upgraded features (run-16 set)
2024-09-20,VNO,1.0,0.198,0.3336821429882365,all,upgraded features (run-16 set)
2024-09-20,LTH,0.0,-0.102,0.326964663870435,all,upgraded features (run-16 set)
2024-09-20,UNIT,1.0,0.198,0.32555820051674095,all,upgraded features (run-16 set)
2024-09-20,TBBK,0.0,-0.102,0.32316649946489645,all,upgraded features (run-16 set)
2024-09-20,CVSA,1.0,0.198,0.322307729764426,all,upgraded features (run-16 set)
2024-09-20,PBI,1.0,0.25049633,0.3535715695566959,leaders,upgraded features (run-16 set)
2024-09-20,MHK,0.0,-0.14603561,0.3476347021001047,leaders,upgraded features (run-16 set)
2024-09-20,DORM,1.0,0.198,0.34236198176279653,leaders,upgraded features (run-16 set)
2024-09-20,VNO,1.0,0.198,0.3336821429882365,leaders,upgraded features (run-16 set)
2024-09-20,LTH,0.0,-0.102,0.326964663870435,leaders,upgraded features (run-16 set)
2024-09-20,UNIT,1.0,0.198,0.32555820051674095,leaders,upgraded features (run-16 set)
2024-09-20,TBBK,0.0,-0.102,0.32316649946489645,leaders,upgraded features (run-16 set)
2024-09-20,CVSA,1.0,0.198,0.322307729764426,leaders,upgraded features (run-16 set)
2024-09-20,CRS,1.0,0.198,0.3203940524884245,leaders,upgraded features (run-16 set)
2024-09-20,DCOM,1.0,0.198,0.31829638442297264,leaders,upgraded features (run-16 set)
2024-10-04,LTH,0.0,-0.102,0.3243142864858682,all,upgraded features (run-16 set)
2024-10-04,TPC,1.0,0.198,0.32396799981997654,all,upgraded features (run-16 set)
2024-10-04,LUMN,0.0,-0.102,0.3204494987839408,all,upgraded features (run-16 set)
2024-10-04,MTZ,0.0,0.16318531,0.3190946772144713,all,upgraded features (run-16 set)
2024-10-04,STRL,1.0,0.198,0.3162138760701123,all,upgraded features (run-16 set)
2024-10-04,OMCL,1.0,0.198,0.3112023295020541,all,upgraded features (run-16 set)
2024-10-04,IESC,1.0,0.198,0.31114907297492267,all,upgraded features (run-16 set)
2024-10-04,VNO,0.0,0.06525182,0.3078441899375387,all,upgraded features (run-16 set)
2024-10-04,FIX,0.0,-0.102,0.3055841302711208,all,upgraded features (run-16 set)
2024-10-04,HLNE,0.0,-0.102,0.29417284997327847,all,upgraded features (run-16 set)
2024-10-04,LTH,0.0,-0.102,0.3243142864858682,leaders,upgraded features (run-16 set)
2024-10-04,TPC,1.0,0.198,0.32396799981997654,leaders,upgraded features (run-16 set)
2024-10-04,LUMN,0.0,-0.102,0.3204494987839408,leaders,upgraded features (run-16 set)
2024-10-04,MTZ,0.0,0.16318531,0.3190946772144713,leaders,upgraded features (run-16 set)
2024-10-04,STRL,1.0,0.198,0.3162138760701123,leaders,upgraded features (run-16 set)
2024-10-04,OMCL,1.0,0.198,0.3112023295020541,leaders,upgraded features (run-16 set)
2024-10-04,IESC,1.0,0.198,0.31114907297492267,leaders,upgraded features (run-16 set)
2024-10-04,VNO,0.0,0.06525182,0.3078441899375387,leaders,upgraded features (run-16 set)
2024-10-04,FIX,0.0,-0.102,0.3055841302711208,leaders,upgraded features (run-16 set)
2024-10-04,HLNE,0.0,-0.102,0.29417284997327847,leaders,upgraded features (run-16 set)
2024-10-18,LUMN,0.0,-0.102,0.4235625938939985,all,upgraded features (run-16 set)
2024-10-18,PBI,1.0,0.22597195,0.40288460762619094,all,upgraded features (run-16 set)
2024-10-18,MTZ,1.0,0.198,0.39257649086022395,all,upgraded features (run-16 set)
2024-10-18,DY,0.0,-0.102,0.38629775683839584,all,upgraded features (run-16 set)
2024-10-18,OMCL,1.0,0.198,0.3820634234700539,all,upgraded features (run-16 set)
2024-10-18,TPC,1.0,0.198,0.3781648397302068,all,upgraded features (run-16 set)
2024-10-18,CRS,1.0,0.198,0.37558748497383054,all,upgraded features (run-16 set)
2024-10-18,PATK,0.0,-0.102,0.36429872067164765,all,upgraded features (run-16 set)
2024-10-18,SKY,0.0,-0.10366103,0.3642384703334106,all,upgraded features (run-16 set)
2024-10-18,DUOL,1.0,0.198,0.3572950601780636,all,upgraded features (run-16 set)
2024-10-18,LUMN,0.0,-0.102,0.4235625938939985,leaders,upgraded features (run-16 set)
2024-10-18,PBI,1.0,0.22597195,0.40288460762619094,leaders,upgraded features (run-16 set)
2024-10-18,MTZ,1.0,0.198,0.39257649086022395,leaders,upgraded features (run-16 set)
2024-10-18,DY,0.0,-0.102,0.38629775683839584,leaders,upgraded features (run-16 set)
2024-10-18,TPC,1.0,0.198,0.3781648397302068,leaders,upgraded features (run-16 set)
2024-10-18,CRS,1.0,0.198,0.37558748497383054,leaders,upgraded features (run-16 set)
2024-10-18,PATK,0.0,-0.102,0.36429872067164765,leaders,upgraded features (run-16 set)
2024-10-18,SKY,0.0,-0.10366103,0.3642384703334106,leaders,upgraded features (run-16 set)
2024-10-18,DUOL,1.0,0.198,0.3572950601780636,leaders,upgraded features (run-16 set)
2024-10-18,ICUI,0.0,-0.102,0.353561419984603,leaders,upgraded features (run-16 set)
2024-11-01,GAP,1.0,0.2419731,0.4522149956384579,all,upgraded features (run-16 set)
2024-11-01,ANF,1.0,0.19806103,0.4266523229782301,all,upgraded features (run-16 set)
2024-11-01,DKS,1.0,0.198,0.4164858784460337,all,upgraded features (run-16 set)
2024-11-01,SCSC,1.0,0.198,0.41549496097986266,all,upgraded features (run-16 set)
2024-11-01,PLUS,1.0,0.19826944,0.4152844350992295,all,upgraded features (run-16 set)
2024-11-01,PLAB,1.0,0.27884555,0.41424496971406777,all,upgraded features (run-16 set)
2024-11-01,GL,0.0,0.1836897,0.40938264977218425,all,upgraded features (run-16 set)
2024-11-01,LTH,1.0,0.198,0.4062960982586654,all,upgraded features (run-16 set)
2024-11-01,VSH,0.0,-0.102,0.4012847350691945,all,upgraded features (run-16 set)
2024-11-01,TER,1.0,0.2005732,0.40040295714213947,all,upgraded features (run-16 set)
2024-11-01,COHR,1.0,0.198,0.3826151782238615,leaders,upgraded features (run-16 set)
2024-11-01,SMTC,1.0,0.198,0.3725502558974671,leaders,upgraded features (run-16 set)
2024-11-01,LUMN,1.0,0.198,0.37253710457307937,leaders,upgraded features (run-16 set)
2024-11-01,UNFI,1.0,0.198,0.3659791892132352,leaders,upgraded features (run-16 set)
2024-11-01,SLG,0.0,-0.102,0.3470430191663601,leaders,upgraded features (run-16 set)
2024-11-01,VNO,0.0,0.048636872,0.34319989076580026,leaders,upgraded features (run-16 set)
2024-11-01,TDS,1.0,0.198,0.3418501004509565,leaders,upgraded features (run-16 set)
2024-11-01,CIEN,1.0,0.3059568,0.34139008888109545,leaders,upgraded features (run-16 set)
2024-11-01,CCL,1.0,0.198,0.3370442364789875,leaders,upgraded features (run-16 set)
2024-11-01,DUOL,1.0,0.22220662,0.3322524958191246,leaders,upgraded features (run-16 set)
2024-11-15,PII,0.0,-0.102,0.38918957324057646,all,upgraded features (run-16 set)
2024-11-15,NVDA,0.0,-0.102,0.3722585497331463,all,upgraded features (run-16 set)
2024-11-15,TER,1.0,0.198,0.3466238508709714,all,upgraded features (run-16 set)
2024-11-15,CCL,0.0,0.008283911,0.33486008734993195,all,upgraded features (run-16 set)
2024-11-15,CSGP,0.0,0.09736845,0.3313752990973725,all,upgraded features (run-16 set)
2024-11-15,CRUS,0.0,0.10359258,0.3288914963404281,all,upgraded features (run-16 set)
2024-11-15,BA,1.0,0.198,0.32384703311425844,all,upgraded features (run-16 set)
2024-11-15,LTH,1.0,0.198,0.3230558603379,all,upgraded features (run-16 set)
2024-11-15,GAP,1.0,0.198,0.3195024875528556,all,upgraded features (run-16 set)
2024-11-15,NSP,1.0,0.20532528,0.3179096989030786,all,upgraded features (run-16 set)
2024-11-15,NVDA,0.0,-0.102,0.3722585497331463,leaders,upgraded features (run-16 set)
2024-11-15,CCL,0.0,0.008283911,0.33486008734993195,leaders,upgraded features (run-16 set)
2024-11-15,VNOM,0.0,-0.01498199,0.30995137631319897,leaders,upgraded features (run-16 set)
2024-11-15,VFC,1.0,0.19949596,0.3014145308186603,leaders,upgraded features (run-16 set)
2024-11-15,OMCL,0.0,-0.102,0.2992481130107766,leaders,upgraded features (run-16 set)
2024-11-15,PBI,1.0,0.198,0.2977697471521247,leaders,upgraded features (run-16 set)
2024-11-15,APOG,0.0,-0.102,0.2968091370634784,leaders,upgraded features (run-16 set)
2024-11-15,VST,1.0,0.198,0.2967928076762951,leaders,upgraded features (run-16 set)
2024-11-15,MD,0.0,-0.102,0.29643883385467795,leaders,upgraded features (run-16 set)
2024-11-15,UNFI,1.0,0.2999391,0.294521238387158,leaders,upgraded features (run-16 set)
2024-12-02,CORT,0.0,-0.102,0.31008382952735064,all,upgraded features (run-16 set)
2024-12-02,WWW,0.0,-0.102,0.30958126276025427,all,upgraded features (run-16 set)
2024-12-02,LUMN,0.0,-0.102,0.28924711690710636,all,upgraded features (run-16 set)
2024-12-02,TPC,0.0,-0.102,0.2868280120202772,all,upgraded features (run-16 set)
2024-12-02,PTCT,0.0,-0.102,0.2849392774590684,all,upgraded features (run-16 set)
2024-12-02,DXPE,1.0,0.20451729,0.2806582061751233,all,upgraded features (run-16 set)
2024-12-02,TILE,0.0,-0.102,0.2802174326426127,all,upgraded features (run-16 set)
2024-12-02,RDNT,0.0,-0.102,0.2759608010574721,all,upgraded features (run-16 set)
2024-12-02,CENX,0.0,-0.102,0.2755108741493432,all,upgraded features (run-16 set)
2024-12-02,DUOL,0.0,-0.102,0.27466140426003616,all,upgraded features (run-16 set)
2024-12-02,CORT,0.0,-0.102,0.31008382952735064,leaders,upgraded features (run-16 set)
2024-12-02,WWW,0.0,-0.102,0.30958126276025427,leaders,upgraded features (run-16 set)
2024-12-02,PTCT,0.0,-0.102,0.2849392774590684,leaders,upgraded features (run-16 set)
2024-12-02,DXPE,1.0,0.20451729,0.2806582061751233,leaders,upgraded features (run-16 set)
2024-12-02,TILE,0.0,-0.102,0.2802174326426127,leaders,upgraded features (run-16 set)
2024-12-02,RDNT,0.0,-0.102,0.2759608010574721,leaders,upgraded features (run-16 set)
2024-12-02,CENX,0.0,-0.102,0.2755108741493432,leaders,upgraded features (run-16 set)
2024-12-02,DUOL,0.0,-0.102,0.27466140426003616,leaders,upgraded features (run-16 set)
2024-12-02,PPC,0.0,-0.102,0.27196282637561664,leaders,upgraded features (run-16 set)
2024-12-02,UNFI,1.0,0.198,0.2702966665999485,leaders,upgraded features (run-16 set)
2024-12-16,LEU,0.0,-0.102,0.38144999196783075,all,upgraded features (run-16 set)
2024-12-16,ACHC,0.0,-0.19913438,0.3785800664551068,all,upgraded features (run-16 set)
2024-12-16,POWL,0.0,-0.102,0.3562405547543467,all,upgraded features (run-16 set)
2024-12-16,EL,0.0,-0.102,0.35516749121676267,all,upgraded features (run-16 set)
2024-12-16,AMN,0.0,-0.102,0.35500132422893665,all,upgraded features (run-16 set)
2024-12-16,VSAT,0.0,-0.102,0.35004299243386783,all,upgraded features (run-16 set)
2024-12-16,HUM,0.0,-0.102,0.34704138627377074,all,upgraded features (run-16 set)
2024-12-16,TDW,1.0,0.19948778,0.3413153830650809,all,upgraded features (run-16 set)
2024-12-16,NVDA,0.0,-0.102,0.3382000620392925,all,upgraded features (run-16 set)
2024-12-16,PTCT,0.0,-0.102,0.336444299041802,all,upgraded features (run-16 set)
2024-12-16,PTCT,0.0,-0.102,0.336444299041802,leaders,upgraded features (run-16 set)
2024-12-16,GEO,1.0,0.21076602,0.33169064671960635,leaders,upgraded features (run-16 set)
2024-12-16,VICR,0.0,-0.102,0.3310093774047403,leaders,upgraded features (run-16 set)
2024-12-16,HWKN,0.0,-0.102,0.32969348523945513,leaders,upgraded features (run-16 set)
2024-12-16,RDNT,0.0,-0.102,0.32754768043547233,leaders,upgraded features (run-16 set)
2024-12-16,SMTC,0.0,-0.102,0.3245777105362619,leaders,upgraded features (run-16 set)
2024-12-16,CENX,0.0,-0.102,0.32415226122949253,leaders,upgraded features (run-16 set)
2024-12-16,STRL,0.0,-0.102,0.32136720718724027,leaders,upgraded features (run-16 set)
2024-12-16,VST,1.0,0.198,0.3206597046628219,leaders,upgraded features (run-16 set)
2024-12-16,MD,0.0,-0.102,0.31588643213468104,leaders,upgraded features (run-16 set)
2024-12-31,TREX,0.0,-0.102,0.3694602475933072,all,upgraded features (run-16 set)
2024-12-31,FIX,1.0,0.198,0.36536241713956774,all,upgraded features (run-16 set)
2024-12-31,CRUS,0.0,-0.102,0.3645314993858676,all,upgraded features (run-16 set)
2024-12-31,ACLS,0.0,-0.11664151,0.35943057155928354,all,upgraded features (run-16 set)
2024-12-31,CCS,0.0,-0.102,0.35935048564723543,all,upgraded features (run-16 set)
2024-12-31,TILE,0.0,-0.102,0.3590703082633576,all,upgraded features (run-16 set)
2024-12-31,GVA,0.0,-0.102,0.3551743663599958,all,upgraded features (run-16 set)
2024-12-31,AMN,1.0,0.198,0.3492437856396099,all,upgraded features (run-16 set)
2024-12-31,OLED,0.0,-0.102,0.3453428433619991,all,upgraded features (run-16 set)
2024-12-31,LEU,1.0,0.198,0.34414665344601997,all,upgraded features (run-16 set)
2024-12-31,TILE,0.0,-0.102,0.3590703082633576,leaders,upgraded features (run-16 set)
2024-12-31,TDS,1.0,0.198,0.33364242475087597,leaders,upgraded features (run-16 set)
2024-12-31,RCL,1.0,0.198,0.32853867695394673,leaders,upgraded features (run-16 set)
2024-12-31,CXW,0.0,-0.102,0.3264102590370726,leaders,upgraded features (run-16 set)
2024-12-31,NWL,0.0,-0.23091567,0.3178682101607598,leaders,upgraded features (run-16 set)
2024-12-31,AXON,1.0,0.198,0.30918144325590485,leaders,upgraded features (run-16 set)
2024-12-31,PEGA,1.0,0.198,0.30852710743389,leaders,upgraded features (run-16 set)
2024-12-31,SMTC,1.0,0.198,0.3071687337788104,leaders,upgraded features (run-16 set)
2024-12-31,GEO,1.0,0.19993001,0.30142362209921203,leaders,upgraded features (run-16 set)
2024-12-31,CCL,0.0,-0.102,0.29664291264695336,leaders,upgraded features (run-16 set)
2025-01-16,CXW,0.0,-0.102,0.5267984788683111,all,upgraded features (run-16 set)
2025-01-16,TPL,0.0,-0.102,0.511957744202117,all,upgraded features (run-16 set)
2025-01-16,UTI,0.0,0.049538467,0.4893095404024728,all,upgraded features (run-16 set)
2025-01-16,TPC,0.0,-0.102,0.4871423157761351,all,upgraded features (run-16 set)
2025-01-16,LEU,1.0,0.198,0.4857313852187682,all,upgraded features (run-16 set)
2025-01-16,CORT,1.0,0.198,0.48078149714073065,all,upgraded features (run-16 set)
2025-01-16,NWL,0.0,-0.24609451,0.4715983365182581,all,upgraded features (run-16 set)
2025-01-16,GEO,0.0,-0.102,0.47082219578694406,all,upgraded features (run-16 set)
2025-01-16,DUOL,1.0,0.198,0.4648321259658128,all,upgraded features (run-16 set)
2025-01-16,CLSK,0.0,-0.102,0.46326231682181584,all,upgraded features (run-16 set)
2025-01-16,CXW,0.0,-0.102,0.5267984788683111,leaders,upgraded features (run-16 set)
2025-01-16,TPL,0.0,-0.102,0.511957744202117,leaders,upgraded features (run-16 set)
2025-01-16,UTI,0.0,0.049538467,0.4893095404024728,leaders,upgraded features (run-16 set)
2025-01-16,NWL,0.0,-0.24609451,0.4715983365182581,leaders,upgraded features (run-16 set)
2025-01-16,GEO,0.0,-0.102,0.47082219578694406,leaders,upgraded features (run-16 set)
2025-01-16,DUOL,1.0,0.198,0.4648321259658128,leaders,upgraded features (run-16 set)
2025-01-16,AGX,0.0,-0.102,0.45782632083405567,leaders,upgraded features (run-16 set)
2025-01-16,CRK,0.0,-0.102,0.45530126282212824,leaders,upgraded features (run-16 set)
2025-01-16,DY,0.0,-0.102,0.4530594861450287,leaders,upgraded features (run-16 set)
2025-01-16,SMTC,0.0,-0.102,0.44769717563995926,leaders,upgraded features (run-16 set)
2025-01-31,GEO,0.0,-0.102,0.510137020646741,all,upgraded features (run-16 set)
2025-01-31,TPL,0.0,-0.102,0.500680659306333,all,upgraded features (run-16 set)
2025-01-31,GME,0.0,-0.102,0.4973345812825282,all,upgraded features (run-16 set)
2025-01-31,DUOL,1.0,0.198,0.48585825581044506,all,upgraded features (run-16 set)
2025-01-31,UNFI,0.0,-0.102,0.4855394650137585,all,upgraded features (run-16 set)
2025-01-31,AXON,0.0,-0.11114164,0.4807909213361264,all,upgraded features (run-16 set)
2025-01-31,FMCC,1.0,0.198,0.477819859834278,all,upgraded features (run-16 set)
2025-01-31,FNMA,0.0,-0.102,0.47666200807480913,all,upgraded features (run-16 set)
2025-01-31,CRK,0.0,-0.102,0.47403629803483666,all,upgraded features (run-16 set)
2025-01-31,TPC,0.0,-0.102,0.4737545794767007,all,upgraded features (run-16 set)
2025-01-31,GEO,0.0,-0.102,0.510137020646741,leaders,upgraded features (run-16 set)
2025-01-31,DUOL,1.0,0.198,0.48585825581044506,leaders,upgraded features (run-16 set)
2025-01-31,UNFI,0.0,-0.102,0.4855394650137585,leaders,upgraded features (run-16 set)
2025-01-31,AXON,0.0,-0.11114164,0.4807909213361264,leaders,upgraded features (run-16 set)
2025-01-31,CRK,0.0,-0.102,0.47403629803483666,leaders,upgraded features (run-16 set)
2025-01-31,UTI,0.0,-0.102,0.4381275724125087,leaders,upgraded features (run-16 set)
2025-01-31,URBN,0.0,-0.102,0.4235148338674802,leaders,upgraded features (run-16 set)
2025-01-31,XYZ,0.0,-0.10737326,0.4221902703836455,leaders,upgraded features (run-16 set)
2025-01-31,CRS,0.0,-0.102,0.4168222228976825,leaders,upgraded features (run-16 set)
2025-01-31,SMTC,0.0,-0.102,0.416288066492067,leaders,upgraded features (run-16 set)
2025-02-14,FNMA,0.0,-0.102,0.44235114758318317,all,upgraded features (run-16 set)
2025-02-14,LEU,0.0,-0.102,0.43929260828696404,all,upgraded features (run-16 set)
2025-02-14,FMCC,0.0,-0.102,0.43165410667269466,all,upgraded features (run-16 set)
2025-02-14,UNFI,0.0,-0.102,0.4222364173851112,all,upgraded features (run-16 set)
2025-02-14,CDE,0.0,-0.102,0.4204211246148412,all,upgraded features (run-16 set)
2025-02-14,CRK,0.0,-0.102,0.4184873988376826,all,upgraded features (run-16 set)
2025-02-14,CENX,0.0,-0.102,0.4124110341860871,all,upgraded features (run-16 set)
2025-02-14,GEO,0.0,-0.113518745,0.40740423788454555,all,upgraded features (run-16 set)
2025-02-14,VFC,0.0,-0.102,0.4044062307283459,all,upgraded features (run-16 set)
2025-02-14,TPL,0.0,-0.102,0.4029181160949811,all,upgraded features (run-16 set)
2025-02-14,FNMA,0.0,-0.102,0.44235114758318317,leaders,upgraded features (run-16 set)
2025-02-14,LEU,0.0,-0.102,0.43929260828696404,leaders,upgraded features (run-16 set)
2025-02-14,FMCC,0.0,-0.102,0.43165410667269466,leaders,upgraded features (run-16 set)
2025-02-14,UNFI,0.0,-0.102,0.4222364173851112,leaders,upgraded features (run-16 set)
2025-02-14,CDE,0.0,-0.102,0.4204211246148412,leaders,upgraded features (run-16 set)
2025-02-14,CRK,0.0,-0.102,0.4184873988376826,leaders,upgraded features (run-16 set)
2025-02-14,CENX,0.0,-0.102,0.4124110341860871,leaders,upgraded features (run-16 set)
2025-02-14,VFC,0.0,-0.102,0.4044062307283459,leaders,upgraded features (run-16 set)
2025-02-14,TPL,0.0,-0.102,0.4029181160949811,leaders,upgraded features (run-16 set)
2025-02-14,ALK,0.0,-0.11066116,0.38198673639728103,leaders,upgraded features (run-16 set)
2025-03-03,FMCC,0.0,-0.102,0.44687325484246376,all,upgraded features (run-16 set)
2025-03-03,FNMA,0.0,-0.102,0.4382724831685755,all,upgraded features (run-16 set)
2025-03-03,USLM,0.0,-0.102,0.38534932118723125,all,upgraded features (run-16 set)
2025-03-03,IIPR,0.0,-0.102,0.3825488892799561,all,upgraded features (run-16 set)
2025-03-03,LEU,0.0,-0.102,0.36866247856258455,all,upgraded features (run-16 set)
2025-03-03,VST,0.0,-0.102,0.3616505849729512,all,upgraded features (run-16 set)
2025-03-03,NX,0.0,-0.102,0.3572627071823064,all,upgraded features (run-16 set)
2025-03-03,PII,0.0,-0.102,0.351050968976138,all,upgraded features (run-16 set)
2025-03-03,VSAT,1.0,0.198,0.34885028555225145,all,upgraded features (run-16 set)
2025-03-03,PBI,0.0,-0.102,0.3453373465729575,all,upgraded features (run-16 set)
2025-03-03,FMCC,0.0,-0.102,0.44687325484246376,leaders,upgraded features (run-16 set)
2025-03-03,FNMA,0.0,-0.102,0.4382724831685755,leaders,upgraded features (run-16 set)
2025-03-03,PBI,0.0,-0.102,0.3453373465729575,leaders,upgraded features (run-16 set)
2025-03-03,VFC,0.0,-0.102,0.3285626365362,leaders,upgraded features (run-16 set)
2025-03-03,TPL,0.0,-0.102,0.3089075421603277,leaders,upgraded features (run-16 set)
2025-03-03,ALK,0.0,-0.102,0.30137670528924626,leaders,upgraded features (run-16 set)
2025-03-03,TPC,0.0,-0.102,0.2788359978935775,leaders,upgraded features (run-16 set)
2025-03-03,OSIS,0.0,-0.102,0.2748419229775756,leaders,upgraded features (run-16 set)
2025-03-03,MRCY,0.0,0.15278101,0.27432757522253176,leaders,upgraded features (run-16 set)
2025-03-03,LTH,0.0,-0.102,0.26828170062520323,leaders,upgraded features (run-16 set)
2025-03-17,KSS,0.0,-0.102,0.424374399067754,all,upgraded features (run-16 set)
2025-03-17,LEU,0.0,-0.102,0.42094595896529574,all,upgraded features (run-16 set)
2025-03-17,VST,0.0,-0.102,0.41728926611618744,all,upgraded features (run-16 set)
2025-03-17,FNMA,1.0,0.198,0.4136741943059598,all,upgraded features (run-16 set)
2025-03-17,AGX,1.0,0.198,0.4048908893424335,all,upgraded features (run-16 set)
2025-03-17,VFC,0.0,-0.12000494,0.3994165488364045,all,upgraded features (run-16 set)
2025-03-17,NEO,0.0,-0.102,0.39383623709,all,upgraded features (run-16 set)
2025-03-17,GEO,1.0,0.198,0.39288848414308863,all,upgraded features (run-16 set)
2025-03-17,TTD,0.0,-0.102,0.3912402348287313,all,upgraded features (run-16 set)
2025-03-17,VSAT,1.0,0.198,0.39115163779624734,all,upgraded features (run-16 set)
2025-03-17,CDE,0.0,-0.102,0.369726970815368,leaders,upgraded features (run-16 set)
2025-03-17,CENX,0.0,-0.102,0.34213544217773656,leaders,upgraded features (run-16 set)
2025-03-17,PBI,0.0,-0.102,0.3317463659189762,leaders,upgraded features (run-16 set)
2025-03-17,LTH,0.0,-0.102,0.3306944071120325,leaders,upgraded features (run-16 set)
2025-03-17,VICR,0.0,-0.102,0.3219269343126359,leaders,upgraded features (run-16 set)
2025-03-17,OSIS,0.0,-0.102,0.32111982379652837,leaders,upgraded features (run-16 set)
2025-03-17,TPL,0.0,-0.12150672,0.31979090728468673,leaders,upgraded features (run-16 set)
2025-03-17,SNEX,0.0,-0.102,0.3099554809140739,leaders,upgraded features (run-16 set)
2025-03-17,VIAV,0.0,-0.10872643,0.3061526634439203,leaders,upgraded features (run-16 set)
2025-03-17,FLG,0.0,-0.102,0.30517435633621287,leaders,upgraded features (run-16 set)
2025-03-31,PBI,0.0,-0.13570163,0.4891299463603855,all,upgraded features (run-16 set)
2025-03-31,UNFI,0.0,-0.102,0.4876305947910315,all,upgraded features (run-16 set)
2025-03-31,GEV,0.0,-0.102,0.48137932346702805,all,upgraded features (run-16 set)
2025-03-31,SRPT,0.0,-0.105415836,0.46208780993997667,all,upgraded features (run-16 set)
2025-03-31,GEO,0.0,-0.11189385,0.4569295628602864,all,upgraded features (run-16 set)
2025-03-31,FMCC,0.0,-0.102,0.4527098409184287,all,upgraded features (run-16 set)
2025-03-31,DXPE,0.0,-0.11785216,0.4414366780701886,all,upgraded features (run-16 set)
2025-03-31,FNMA,0.0,-0.102,0.4402261825908172,all,upgraded features (run-16 set)
2025-03-31,NEO,0.0,-0.115804,0.4398779190114495,all,upgraded features (run-16 set)
2025-03-31,CALM,0.0,0.16027096,0.42869926250646023,all,upgraded features (run-16 set)
2025-03-31,GEO,0.0,-0.11189385,0.4569295628602864,leaders,upgraded features (run-16 set)
2025-03-31,TDS,0.0,-0.102,0.4152156271099797,leaders,upgraded features (run-16 set)
2025-03-31,CRK,0.0,-0.102,0.4133189860314572,leaders,upgraded features (run-16 set)
2025-03-31,CXW,0.0,0.035949655,0.40325242583872806,leaders,upgraded features (run-16 set)
2025-03-31,IDCC,0.0,-0.1264014,0.40039537920080387,leaders,upgraded features (run-16 set)
2025-03-31,MD,0.0,-0.102,0.35974099645641827,leaders,upgraded features (run-16 set)
2025-03-31,FICO,0.0,-0.12740126,0.35429152636062433,leaders,upgraded features (run-16 set)
2025-03-31,EQT,0.0,-0.102,0.32304225347274157,leaders,upgraded features (run-16 set)
2025-03-31,CORT,0.0,-0.102,0.3099623480781301,leaders,upgraded features (run-16 set)
2025-03-31,PPC,0.0,-0.060177997,0.30499713840588016,leaders,upgraded features (run-16 set)
2025-04-14,UNFI,1.0,0.198,0.580381834216658,all,upgraded features (run-16 set)
2025-04-14,DLTR,1.0,0.21900123,0.5498779961050584,all,upgraded features (run-16 set)
2025-04-14,AES,1.0,0.198,0.5282178103524274,all,upgraded features (run-16 set)
2025-04-14,GO,0.0,-0.102,0.5211440062895045,all,upgraded features (run-16 set)
2025-04-14,AZTA,0.0,-0.102,0.5192481685136051,all,upgraded features (run-16 set)
2025-04-14,FRPT,0.0,-0.102,0.5098952830106808,all,upgraded features (run-16 set)
2025-04-14,TGT,0.0,0.08092152,0.5081708265338416,all,upgraded features (run-16 set)
2025-04-14,NEOG,0.0,-0.102,0.5043535975228944,all,upgraded features (run-16 set)
2025-04-14,HE,0.0,0.06168153,0.5028044103560628,all,upgraded features (run-16 set)
2025-04-14,CRL,1.0,0.3209831,0.4999193328747809,all,upgraded features (run-16 set)
2025-04-14,AGX,0.0,-0.102,0.49389190152996554,leaders,upgraded features (run-16 set)
2025-04-14,GEO,0.0,-0.102,0.4896633406471178,leaders,upgraded features (run-16 set)
2025-04-14,KTOS,1.0,0.198,0.45250113158500643,leaders,upgraded features (run-16 set)
2025-04-14,CALM,0.0,0.09528622,0.45005393837347585,leaders,upgraded features (run-16 set)
2025-04-14,PPC,0.0,-0.102,0.42257507182433823,leaders,upgraded features (run-16 set)
2025-04-14,CXW,0.0,-0.007113929,0.41728258173824906,leaders,upgraded features (run-16 set)
2025-04-14,CRK,1.0,0.198,0.3995117279929411,leaders,upgraded features (run-16 set)
2025-04-14,LTH,0.0,-0.102,0.3985118796409286,leaders,upgraded features (run-16 set)
2025-04-14,AXON,1.0,0.198,0.39694269468818555,leaders,upgraded features (run-16 set)
2025-04-14,UTI,1.0,0.198,0.39059807654454387,leaders,upgraded features (run-16 set)
2025-04-29,AES,1.0,0.198,0.3047913039503696,all,upgraded features (run-16 set)
2025-04-29,ACHC,1.0,0.198,0.2930936460416673,all,upgraded features (run-16 set)
2025-04-29,NEO,1.0,0.198,0.28686376398513486,all,upgraded features (run-16 set)
2025-04-29,UNFI,1.0,0.198,0.28636485145161616,all,upgraded features (run-16 set)
2025-04-29,GEO,0.0,-0.102,0.27936612487142587,all,upgraded features (run-16 set)
2025-04-29,UCTT,1.0,0.198,0.2785572767820788,all,upgraded features (run-16 set)
2025-04-29,SAIA,1.0,0.20953602,0.2771318147909646,all,upgraded features (run-16 set)
2025-04-29,COHU,1.0,0.198,0.27534374747235224,all,upgraded features (run-16 set)
2025-04-29,VST,1.0,0.198,0.27259683775837124,all,upgraded features (run-16 set)
2025-04-29,FRPT,1.0,0.198,0.2716094559205652,all,upgraded features (run-16 set)
2025-04-29,GEO,0.0,-0.102,0.27936612487142587,leaders,upgraded features (run-16 set)
2025-04-29,DUOL,1.0,0.198,0.26642473419765067,leaders,upgraded features (run-16 set)
2025-04-29,GEV,1.0,0.198,0.2602486425860953,leaders,upgraded features (run-16 set)
2025-04-29,AGX,1.0,0.198,0.25967369095765824,leaders,upgraded features (run-16 set)
2025-04-29,NRG,1.0,0.25384146,0.25874296783750417,leaders,upgraded features (run-16 set)
2025-04-29,CRS,1.0,0.198,0.23491388738700916,leaders,upgraded features (run-16 set)
2025-04-29,CALM,1.0,0.2099849,0.23201432695959526,leaders,upgraded features (run-16 set)
2025-04-29,KTOS,1.0,0.198,0.22621990127893365,leaders,upgraded features (run-16 set)
2025-04-29,TPL,0.0,-0.102,0.22000726310839971,leaders,upgraded features (run-16 set)
2025-04-29,CXW,0.0,-0.102,0.21864497287793375,leaders,upgraded features (run-16 set)
2025-05-13,GEO,0.0,-0.102,0.4080741827054968,all,upgraded features (run-16 set)
2025-05-13,EAT,1.0,0.198,0.4052099008404887,all,upgraded features (run-16 set)
2025-05-13,GEV,1.0,0.198,0.4049224948200974,all,upgraded features (run-16 set)
2025-05-13,VST,1.0,0.198,0.39229943031391756,all,upgraded features (run-16 set)
2025-05-13,DUOL,0.0,-0.102,0.39029039164325685,all,upgraded features (run-16 set)
2025-05-13,CRS,1.0,0.198,0.38529211636475186,all,upgraded features (run-16 set)
2025-05-13,DXPE,0.0,-0.102,0.38503501037973664,all,upgraded features (run-16 set)
2025-05-13,LEU,1.0,0.20519456,0.38370596679884583,all,upgraded features (run-16 set)
2025-05-13,KTOS,1.0,0.20196684,0.38071453718650433,all,upgraded features (run-16 set)
2025-05-13,CRK,1.0,0.198,0.3804224729080896,all,upgraded features (run-16 set)
2025-05-13,EAT,1.0,0.198,0.4052099008404887,leaders,upgraded features (run-16 set)
2025-05-13,GEV,1.0,0.198,0.4049224948200974,leaders,upgraded features (run-16 set)
2025-05-13,VST,1.0,0.198,0.39229943031391756,leaders,upgraded features (run-16 set)
2025-05-13,DUOL,0.0,-0.102,0.39029039164325685,leaders,upgraded features (run-16 set)
2025-05-13,CRS,1.0,0.198,0.38529211636475186,leaders,upgraded features (run-16 set)
2025-05-13,DXPE,0.0,-0.102,0.38503501037973664,leaders,upgraded features (run-16 set)
2025-05-13,LEU,1.0,0.20519456,0.38370596679884583,leaders,upgraded features (run-16 set)
2025-05-13,KTOS,1.0,0.20196684,0.38071453718650433,leaders,upgraded features (run-16 set)
2025-05-13,CRK,1.0,0.198,0.3804224729080896,leaders,upgraded features (run-16 set)
2025-05-13,AGX,1.0,0.198,0.38041604627913916,leaders,upgraded features (run-16 set)
2025-05-28,TPC,1.0,0.2057436,0.38656470060998077,all,upgraded features (run-16 set)
2025-05-28,AGX,1.0,0.198,0.37949864145753226,all,upgraded features (run-16 set)
2025-05-28,KTOS,1.0,0.198,0.3735655752198853,all,upgraded features (run-16 set)
2025-05-28,VST,1.0,0.198,0.3685152697823399,all,upgraded features (run-16 set)
2025-05-28,CDE,1.0,0.198,0.3635531424978327,all,upgraded features (run-16 set)
2025-05-28,CAR,1.0,0.198,0.36312923239595407,all,upgraded features (run-16 set)
2025-05-28,GEO,0.0,-0.102,0.3616956963850055,all,upgraded features (run-16 set)
2025-05-28,CRK,1.0,0.198,0.3588136786552201,all,upgraded features (run-16 set)
2025-05-28,STRL,1.0,0.198,0.3532822421915102,all,upgraded features (run-16 set)
2025-05-28,DXPE,0.0,-0.102,0.35150371594332314,all,upgraded features (run-16 set)
2025-05-28,TPC,1.0,0.2057436,0.38656470060998077,leaders,upgraded features (run-16 set)
2025-05-28,AGX,1.0,0.198,0.37949864145753226,leaders,upgraded features (run-16 set)
2025-05-28,KTOS,1.0,0.198,0.3735655752198853,leaders,upgraded features (run-16 set)
2025-05-28,VST,1.0,0.198,0.3685152697823399,leaders,upgraded features (run-16 set)
2025-05-28,CDE,1.0,0.198,0.3635531424978327,leaders,upgraded features (run-16 set)
2025-05-28,CAR,1.0,0.198,0.36312923239595407,leaders,upgraded features (run-16 set)
2025-05-28,CRK,1.0,0.198,0.3588136786552201,leaders,upgraded features (run-16 set)
2025-05-28,STRL,1.0,0.198,0.3532822421915102,leaders,upgraded features (run-16 set)
2025-05-28,CBRL,0.0,-0.102,0.3504572024404682,leaders,upgraded features (run-16 set)
2025-05-28,IESC,1.0,0.198,0.34556510051555883,leaders,upgraded features (run-16 set)
2025-06-11,NEOG,0.0,-0.102,0.4149950895967589,all,upgraded features (run-16 set)
2025-06-11,FIVE,1.0,0.19955161,0.39902983017887034,all,upgraded features (run-16 set)
2025-06-11,CAR,1.0,0.198,0.39662293369979534,all,upgraded features (run-16 set)
2025-06-11,VST,1.0,0.198,0.3821026392392544,all,upgraded features (run-16 set)
2025-06-11,DUOL,0.0,-0.102,0.37702793136695856,all,upgraded features (run-16 set)
2025-06-11,CDE,1.0,0.198,0.3766841775387012,all,upgraded features (run-16 set)
2025-06-11,CORT,0.0,-0.102,0.37423372865004506,all,upgraded features (run-16 set)
2025-06-11,TPC,1.0,0.198,0.3730216053744338,all,upgraded features (run-16 set)
2025-06-11,STAA,1.0,0.53034127,0.3683083982555214,all,upgraded features (run-16 set)
2025-06-11,ACHC,0.0,-0.102,0.3671473543745632,all,upgraded features (run-16 set)
2025-06-11,FIVE,1.0,0.19955161,0.39902983017887034,leaders,upgraded features (run-16 set)
2025-06-11,CAR,1.0,0.198,0.39662293369979534,leaders,upgraded features (run-16 set)
2025-06-11,VST,1.0,0.198,0.3821026392392544,leaders,upgraded features (run-16 set)
2025-06-11,DUOL,0.0,-0.102,0.37702793136695856,leaders,upgraded features (run-16 set)
2025-06-11,CDE,1.0,0.198,0.3766841775387012,leaders,upgraded features (run-16 set)
2025-06-11,TPC,1.0,0.198,0.3730216053744338,leaders,upgraded features (run-16 set)
2025-06-11,IESC,1.0,0.198,0.3662469748818588,leaders,upgraded features (run-16 set)
2025-06-11,GEV,1.0,0.198,0.3608031987914507,leaders,upgraded features (run-16 set)
2025-06-11,URBN,0.0,0.03367808,0.3604767274097288,leaders,upgraded features (run-16 set)
2025-06-11,CRK,1.0,0.198,0.357978251387937,leaders,upgraded features (run-16 set)
2025-06-26,AGX,1.0,0.198,0.43305454992065057,all,upgraded features (run-16 set)
2025-06-26,CAR,0.0,-0.102,0.4261863199530753,all,upgraded features (run-16 set)
2025-06-26,FIVE,1.0,0.198,0.4115993870244928,all,upgraded features (run-16 set)
2025-06-26,IESC,1.0,0.198,0.4097402303772339,all,upgraded features (run-16 set)
2025-06-26,CORT,0.0,-0.102,0.3992975394897857,all,upgraded features (run-16 set)
2025-06-26,TTMI,1.0,0.198,0.3987265429022672,all,upgraded features (run-16 set)
2025-06-26,STRL,1.0,0.2904557,0.3936956617462659,all,upgraded features (run-16 set)
2025-06-26,FNMA,0.0,-0.102,0.39178305039566363,all,upgraded features (run-16 set)
2025-06-26,CBRL,0.0,-0.102,0.38919507833934536,all,upgraded features (run-16 set)
2025-06-26,TFIN,0.0,-0.102,0.3880422255547007,all,upgraded features (run-16 set)
2025-06-26,AGX,1.0,0.198,0.43305454992065057,leaders,upgraded features (run-16 set)
2025-06-26,CAR,0.0,-0.102,0.4261863199530753,leaders,upgraded features (run-16 set)
2025-06-26,FIVE,1.0,0.198,0.4115993870244928,leaders,upgraded features (run-16 set)
2025-06-26,IESC,1.0,0.198,0.4097402303772339,leaders,upgraded features (run-16 set)
2025-06-26,TTMI,1.0,0.198,0.3987265429022672,leaders,upgraded features (run-16 set)
2025-06-26,STRL,1.0,0.2904557,0.3936956617462659,leaders,upgraded features (run-16 set)
2025-06-26,FNMA,0.0,-0.102,0.39178305039566363,leaders,upgraded features (run-16 set)
2025-06-26,CBRL,0.0,-0.102,0.38919507833934536,leaders,upgraded features (run-16 set)
2025-06-26,ARLO,0.0,-0.102,0.38795643463411916,leaders,upgraded features (run-16 set)
2025-06-26,CRK,0.0,-0.102,0.38273484044838874,leaders,upgraded features (run-16 set)
2025-07-11,LEU,1.0,0.198,0.3515169417292769,all,upgraded features (run-16 set)
2025-07-11,NEO,0.0,-0.102,0.34388054750280356,all,upgraded features (run-16 set)
2025-07-11,CAR,0.0,-0.102,0.34318479966213167,all,upgraded features (run-16 set)
2025-07-11,IART,0.0,-0.102,0.3368814143056945,all,upgraded features (run-16 set)
2025-07-11,SRPT,1.0,0.23850638,0.3331191692249022,all,upgraded features (run-16 set)
2025-07-11,AGX,1.0,0.198,0.32959250028319415,all,upgraded features (run-16 set)
2025-07-11,ARLO,1.0,0.22255468,0.3262661990249647,all,upgraded features (run-16 set)
2025-07-11,FUN,0.0,-0.108325705,0.32517408741525095,all,upgraded features (run-16 set)
2025-07-11,STAA,1.0,0.53827626,0.32452485492607763,all,upgraded features (run-16 set)
2025-07-11,WGO,0.0,-0.102,0.323759012586236,all,upgraded features (run-16 set)
2025-07-11,LEU,1.0,0.198,0.3515169417292769,leaders,upgraded features (run-16 set)
2025-07-11,CAR,0.0,-0.102,0.34318479966213167,leaders,upgraded features (run-16 set)
2025-07-11,AGX,1.0,0.198,0.32959250028319415,leaders,upgraded features (run-16 set)
2025-07-11,ARLO,1.0,0.22255468,0.3262661990249647,leaders,upgraded features (run-16 set)
2025-07-11,AAP,0.0,-0.102,0.31773845406046836,leaders,upgraded features (run-16 set)
2025-07-11,MU,0.0,-0.102,0.3119328239394544,leaders,upgraded features (run-16 set)
2025-07-11,STRL,1.0,0.22036928,0.3101003276597783,leaders,upgraded features (run-16 set)
2025-07-11,IESC,1.0,0.198,0.3034445929485358,leaders,upgraded features (run-16 set)
2025-07-11,SLAB,0.0,-0.10213325,0.30134573701940837,leaders,upgraded features (run-16 set)
2025-07-11,TTMI,0.0,-0.102,0.30121082671150046,leaders,upgraded features (run-16 set)
2025-07-25,ONTO,0.0,-0.102,0.37969717637372763,all,upgraded features (run-16 set)
2025-07-25,NKTR,0.0,-0.102,0.3734001929464918,all,upgraded features (run-16 set)
2025-07-25,VFC,1.0,0.198,0.3733013188578089,all,upgraded features (run-16 set)
2025-07-25,CDE,1.0,0.198,0.3696593247247971,all,upgraded features (run-16 set)
2025-07-25,AAP,0.0,-0.102,0.3688182033463868,all,upgraded features (run-16 set)
2025-07-25,HP,1.0,0.20137206,0.36673686669945593,all,upgraded features (run-16 set)
2025-07-25,NEO,0.0,-0.15939265,0.3595503228984651,all,upgraded features (run-16 set)
2025-07-25,FORM,0.0,-0.23491289,0.3579836984818694,all,upgraded features (run-16 set)
2025-07-25,IART,0.0,-0.102,0.35609060925961206,all,upgraded features (run-16 set)
2025-07-25,ARLO,0.0,0.15450037,0.3533181204403236,all,upgraded features (run-16 set)
2025-07-25,CDE,1.0,0.198,0.3696593247247971,leaders,upgraded features (run-16 set)
2025-07-25,AAP,0.0,-0.102,0.3688182033463868,leaders,upgraded features (run-16 set)
2025-07-25,ARLO,0.0,0.15450037,0.3533181204403236,leaders,upgraded features (run-16 set)
2025-07-25,LEU,0.0,-0.102,0.3510418726751472,leaders,upgraded features (run-16 set)
2025-07-25,CAR,0.0,-0.11404603,0.3382254065663196,leaders,upgraded features (run-16 set)
2025-07-25,TPC,1.0,0.33112466,0.33682593413916245,leaders,upgraded features (run-16 set)
2025-07-25,CBRL,0.0,-0.102,0.3269181643392353,leaders,upgraded features (run-16 set)
2025-07-25,URBN,0.0,-0.102,0.3205511303707855,leaders,upgraded features (run-16 set)
2025-07-25,ACAD,0.0,-0.106516145,0.3146296148340668,leaders,upgraded features (run-16 set)
2025-07-25,CENX,0.0,-0.102,0.31086629513169756,leaders,upgraded features (run-16 set)
2025-08-08,AEO,1.0,0.42484894,0.3966083929279787,all,upgraded features (run-16 set)
2025-08-08,SKY,1.0,0.198,0.38264859779294375,all,upgraded features (run-16 set)
2025-08-08,AAP,0.0,-0.102,0.37525756131603477,all,upgraded features (run-16 set)
2025-08-08,FICO,1.0,0.198,0.37062208809132163,all,upgraded features (run-16 set)
2025-08-08,FIVE,1.0,0.22231093,0.36593437076266644,all,upgraded features (run-16 set)
2025-08-08,TTMI,0.0,-0.102,0.3618848509093474,all,upgraded features (run-16 set)
2025-08-08,FORM,1.0,0.20023935,0.3608002124084442,all,upgraded features (run-16 set)
2025-08-08,CAR,0.0,-0.102,0.3606257327064494,all,upgraded features (run-16 set)
2025-08-08,CLSK,0.0,-0.102,0.3598500320675673,all,upgraded features (run-16 set)
2025-08-08,HP,1.0,0.198,0.3592163460155738,all,upgraded features (run-16 set)
2025-08-08,AAP,0.0,-0.102,0.37525756131603477,leaders,upgraded features (run-16 set)
2025-08-08,FIVE,1.0,0.22231093,0.36593437076266644,leaders,upgraded features (run-16 set)
2025-08-08,TTMI,0.0,-0.102,0.3618848509093474,leaders,upgraded features (run-16 set)
2025-08-08,FNMA,0.0,-0.102,0.33973731403654756,leaders,upgraded features (run-16 set)
2025-08-08,STRL,0.0,-0.102,0.332750393921681,leaders,upgraded features (run-16 set)
2025-08-08,ARLO,0.0,0.011764301,0.3224525088913249,leaders,upgraded features (run-16 set)
2025-08-08,AGX,0.0,-0.102,0.3191925100117588,leaders,upgraded features (run-16 set)
2025-08-08,HL,1.0,0.198,0.31612022719500715,leaders,upgraded features (run-16 set)
2025-08-08,CDE,1.0,0.198,0.31199630483319146,leaders,upgraded features (run-16 set)
2025-08-08,WWW,0.0,-0.102,0.30908433792073575,leaders,upgraded features (run-16 set)
2025-08-22,SRPT,0.0,-0.102,0.36753427585332543,all,upgraded features (run-16 set)
2025-08-22,NKTR,1.0,0.21257643,0.3669988296894857,all,upgraded features (run-16 set)
2025-08-22,CAR,0.0,-0.102,0.3573634303165972,all,upgraded features (run-16 set)
2025-08-22,TTMI,1.0,0.198,0.3410884001221147,all,upgraded features (run-16 set)
2025-08-22,DUOL,0.0,-0.102,0.3349431544219544,all,upgraded features (run-16 set)
2025-08-22,LEU,1.0,0.198,0.3306047353339922,all,upgraded features (run-16 set)
2025-08-22,CRI,1.0,0.198,0.3299541842016489,all,upgraded features (run-16 set)
2025-08-22,AGX,0.0,-0.102,0.32241258836583736,all,upgraded features (run-16 set)
2025-08-22,FUN,0.0,-0.102,0.3142011565957745,all,upgraded features (run-16 set)
2025-08-22,TFIN,0.0,-0.102,0.30646936617124687,all,upgraded features (run-16 set)
2025-08-22,TTMI,1.0,0.198,0.3410884001221147,leaders,upgraded features (run-16 set)
2025-08-22,AGX,0.0,-0.102,0.32241258836583736,leaders,upgraded features (run-16 set)
2025-08-22,ORCL,1.0,0.34838283,0.30266916477903694,leaders,upgraded features (run-16 set)
2025-08-22,UNFI,1.0,0.23112658,0.30232857070566677,leaders,upgraded features (run-16 set)
2025-08-22,TPC,1.0,0.198,0.294247680076991,leaders,upgraded features (run-16 set)
2025-08-22,FMCC,1.0,0.198,0.2919371253215114,leaders,upgraded features (run-16 set)
2025-08-22,VSAT,1.0,0.198,0.2897829807087595,leaders,upgraded features (run-16 set)
2025-08-22,AMD,0.0,-0.102,0.2883323051505556,leaders,upgraded features (run-16 set)
2025-08-22,SCHL,0.0,-0.102,0.28814740832641855,leaders,upgraded features (run-16 set)
2025-08-22,CALY,0.0,-0.102,0.2855133311516731,leaders,upgraded features (run-16 set)
2025-09-08,SRPT,1.0,0.198,0.5185076871830513,all,upgraded features (run-16 set)
2025-09-08,CAR,0.0,-0.10627048,0.41927305391898523,all,upgraded features (run-16 set)
2025-09-08,DUOL,1.0,0.198,0.41400966654111426,all,upgraded features (run-16 set)
2025-09-08,CLSK,1.0,0.198,0.4048628940787741,all,upgraded features (run-16 set)
2025-09-08,KTOS,1.0,0.198,0.40332645138161477,all,upgraded features (run-16 set)
2025-09-08,CRK,1.0,0.198,0.39859856694085777,all,upgraded features (run-16 set)
2025-09-08,ARWR,1.0,0.198,0.39222196382900426,all,upgraded features (run-16 set)
2025-09-08,VCEL,0.0,-0.102,0.3870587031599518,all,upgraded features (run-16 set)
2025-09-08,RGEN,1.0,0.198,0.38682738867835453,all,upgraded features (run-16 set)
2025-09-08,AZTA,1.0,0.198,0.3853831585546499,all,upgraded features (run-16 set)
2025-09-08,KTOS,1.0,0.198,0.40332645138161477,leaders,upgraded features (run-16 set)
2025-09-08,ARWR,1.0,0.198,0.39222196382900426,leaders,upgraded features (run-16 set)
2025-09-08,TTMI,1.0,0.198,0.3836237480034848,leaders,upgraded features (run-16 set)
2025-09-08,AAP,0.0,-0.102,0.3784916783527124,leaders,upgraded features (run-16 set)
2025-09-08,KSS,0.0,-0.102,0.36285225230125445,leaders,upgraded features (run-16 set)
2025-09-08,VSAT,0.0,-0.102,0.3621427362558809,leaders,upgraded features (run-16 set)
2025-09-08,DXPE,0.0,-0.102,0.3606894494346178,leaders,upgraded features (run-16 set)
2025-09-08,CENX,1.0,0.198,0.3598441254596499,leaders,upgraded features (run-16 set)
2025-09-08,LEU,1.0,0.198,0.3591154421444552,leaders,upgraded features (run-16 set)
2025-09-08,GO,0.0,-0.102,0.35345960017267974,leaders,upgraded features (run-16 set)
2025-09-22,KSS,0.0,-0.102,0.38799679760500894,all,upgraded features (run-16 set)
2025-09-22,SRPT,1.0,0.198,0.3742097725060231,all,upgraded features (run-16 set)
2025-09-22,CAR,0.0,-0.102,0.3602668327613591,all,upgraded features (run-16 set)
2025-09-22,ARWR,1.0,0.198,0.3547105256629974,all,upgraded features (run-16 set)
2025-09-22,CLF,1.0,0.198,0.34092231388102784,all,upgraded features (run-16 set)
2025-09-22,CENX,1.0,0.198,0.3342094418281894,all,upgraded features (run-16 set)
2025-09-22,LEU,0.0,-0.1357927,0.33258613788608216,all,upgraded features (run-16 set)
2025-09-22,STRL,0.0,-0.11400638,0.32713173368201676,all,upgraded features (run-16 set)
2025-09-22,AGX,0.0,-0.102,0.323003330121462,all,upgraded features (run-16 set)
2025-09-22,WWW,0.0,-0.102,0.32194871066543873,all,upgraded features (run-16 set)
2025-09-22,KSS,0.0,-0.102,0.38799679760500894,leaders,upgraded features (run-16 set)
2025-09-22,ARWR,1.0,0.198,0.3547105256629974,leaders,upgraded features (run-16 set)
2025-09-22,CLF,1.0,0.198,0.34092231388102784,leaders,upgraded features (run-16 set)
2025-09-22,CENX,1.0,0.198,0.3342094418281894,leaders,upgraded features (run-16 set)
2025-09-22,LEU,0.0,-0.1357927,0.33258613788608216,leaders,upgraded features (run-16 set)
2025-09-22,STRL,0.0,-0.11400638,0.32713173368201676,leaders,upgraded features (run-16 set)
2025-09-22,AGX,0.0,-0.102,0.323003330121462,leaders,upgraded features (run-16 set)
2025-09-22,WWW,0.0,-0.102,0.32194871066543873,leaders,upgraded features (run-16 set)
2025-09-22,KTOS,1.0,0.198,0.3166070262570722,leaders,upgraded features (run-16 set)
2025-09-22,AAP,0.0,-0.102,0.31349218886350727,leaders,upgraded features (run-16 set)
2025-10-06,KSS,0.0,-0.102,0.4475650838266113,all,upgraded features (run-16 set)
2025-10-06,SAIA,0.0,-0.102,0.43333400413817713,all,upgraded features (run-16 set)
2025-10-06,AEO,0.0,-0.102,0.42280440039731915,all,upgraded features (run-16 set)
2025-10-06,UNIT,0.0,-0.102,0.41758393902836344,all,upgraded features (run-16 set)
2025-10-06,WGO,0.0,-0.109088495,0.40861207869858407,all,upgraded features (run-16 set)
2025-10-06,NEOG,1.0,0.198,0.40767759339929754,all,upgraded features (run-16 set)
2025-10-06,ARCB,0.0,-0.102,0.40454065140137946,all,upgraded features (run-16 set)
2025-10-06,AMN,0.0,-0.102,0.4041861787563136,all,upgraded features (run-16 set)
2025-10-06,CALY,0.0,-0.102,0.4024898237581908,all,upgraded features (run-16 set)
2025-10-06,GEO,0.0,-0.102,0.40179462458096793,all,upgraded features (run-16 set)
2025-10-06,KSS,0.0,-0.102,0.4475650838266113,leaders,upgraded features (run-16 set)
2025-10-06,RMBS,0.0,-0.102,0.38682306389657106,leaders,upgraded features (run-16 set)
2025-10-06,STRL,0.0,-0.102,0.38627776306998685,leaders,upgraded features (run-16 set)
2025-10-06,FMCC,0.0,-0.102,0.3789242147302392,leaders,upgraded features (run-16 set)
2025-10-06,TPC,1.0,0.2069435,0.37662488784921877,leaders,upgraded features (run-16 set)
2025-10-06,VSAT,1.0,0.198,0.3690948011774922,leaders,upgraded features (run-16 set)
2025-10-06,COHR,1.0,0.198,0.3671442776839145,leaders,upgraded features (run-16 set)
2025-10-06,HL,1.0,0.198,0.3608541788571739,leaders,upgraded features (run-16 set)
2025-10-06,FNMA,0.0,-0.10550451,0.3603063671077827,leaders,upgraded features (run-16 set)
2025-10-06,ARWR,1.0,0.198,0.3600171305109499,leaders,upgraded features (run-16 set)
2025-10-20,GEO,0.0,-0.102,0.4447791241252212,all,upgraded features (run-16 set)
2025-10-20,SAIA,0.0,-0.102,0.42448616315392484,all,upgraded features (run-16 set)
2025-10-20,AMN,0.0,-0.102,0.4185482136526982,all,upgraded features (run-16 set)
2025-10-20,CYTK,0.0,0.06017359,0.4152771578556407,all,upgraded features (run-16 set)
2025-10-20,AGX,0.0,-0.102,0.41483044988898177,all,upgraded features (run-16 set)
2025-10-20,HZO,0.0,-0.102,0.411838774547337,all,upgraded features (run-16 set)
2025-10-20,REZI,0.0,-0.25483197,0.4115915225860015,all,upgraded features (run-16 set)
2025-10-20,CRI,1.0,0.198,0.40762718494799743,all,upgraded features (run-16 set)
2025-10-20,ZD,0.0,-0.102,0.40746263989142406,all,upgraded features (run-16 set)
2025-10-20,SM,0.0,-0.102,0.40009788203888297,all,upgraded features (run-16 set)
2025-10-20,CYTK,0.0,0.06017359,0.4152771578556407,leaders,upgraded features (run-16 set)
2025-10-20,AGX,0.0,-0.102,0.41483044988898177,leaders,upgraded features (run-16 set)
2025-10-20,REZI,0.0,-0.25483197,0.4115915225860015,leaders,upgraded features (run-16 set)
2025-10-20,HL,0.0,-0.10497184,0.39941343795222617,leaders,upgraded features (run-16 set)
2025-10-20,KSS,1.0,0.20331849,0.38040614096852166,leaders,upgraded features (run-16 set)
2025-10-20,SMTC,0.0,-0.102,0.3791996109973957,leaders,upgraded features (run-16 set)
2025-10-20,POWL,0.0,-0.10620969,0.3778958589782401,leaders,upgraded features (run-16 set)
2025-10-20,LSCC,0.0,-0.102,0.3710986560448607,leaders,upgraded features (run-16 set)
2025-10-20,MRCY,0.0,-0.102,0.3686066422670346,leaders,upgraded features (run-16 set)
2025-10-20,ARWR,1.0,0.198,0.36550314596953276,leaders,upgraded features (run-16 set)
2025-11-03,AMN,0.0,-0.102,0.47361644044146683,all,upgraded features (run-16 set)
2025-11-03,CCOI,0.0,-0.26616484,0.4532449634842232,all,upgraded features (run-16 set)
2025-11-03,ACHC,0.0,-0.11039979,0.4219571297002492,all,upgraded features (run-16 set)
2025-11-03,NKTR,0.0,-0.102,0.42006669190062434,all,upgraded features (run-16 set)
2025-11-03,DECK,1.0,0.198,0.41885440641459265,all,upgraded features (run-16 set)
2025-11-03,FUN,0.0,-0.102,0.41821705483741556,all,upgraded features (run-16 set)
2025-11-03,DUOL,0.0,-0.26882514,0.408690003602855,all,upgraded features (run-16 set)
2025-11-03,CBRL,0.0,-0.10249629,0.40787878533703564,all,upgraded features (run-16 set)
2025-11-03,FISV,0.0,-0.102,0.4059070287390291,all,upgraded features (run-16 set)
2025-11-03,ARWR,1.0,0.198,0.4050325167550555,all,upgraded features (run-16 set)
2025-11-03,NKTR,0.0,-0.102,0.42006669190062434,leaders,upgraded features (run-16 set)
2025-11-03,ARWR,1.0,0.198,0.4050325167550555,leaders,upgraded features (run-16 set)
2025-11-03,HL,1.0,0.198,0.3993587795280928,leaders,upgraded features (run-16 set)
2025-11-03,CYTK,0.0,0.05613763,0.3959839246392221,leaders,upgraded features (run-16 set)
2025-11-03,IESC,0.0,-0.13234025,0.3935201702904425,leaders,upgraded features (run-16 set)
2025-11-03,AEO,1.0,0.198,0.3908106767449183,leaders,upgraded features (run-16 set)
2025-11-03,SMTC,0.0,-0.102,0.3865047621084906,leaders,upgraded features (run-16 set)
2025-11-03,KSS,1.0,0.198,0.3810078823503402,leaders,upgraded features (run-16 set)
2025-11-03,INTC,0.0,-0.102,0.37443217606604645,leaders,upgraded features (run-16 set)
2025-11-03,UNFI,0.0,-0.102,0.37360963571186023,leaders,upgraded features (run-16 set)
2025-11-17,ORCL,0.0,-0.102,0.4551911124999396,all,upgraded features (run-16 set)
2025-11-17,EME,1.0,0.198,0.41030174002926545,all,upgraded features (run-16 set)
2025-11-17,INTC,1.0,0.198,0.40657124910173736,all,upgraded features (run-16 set)
2025-11-17,SCHL,1.0,0.198,0.4030006674367819,all,upgraded features (run-16 set)
2025-11-17,NX,1.0,0.198,0.4024112219314958,all,upgraded features (run-16 set)
2025-11-17,NEOG,0.0,-0.102,0.40202381692571776,all,upgraded features (run-16 set)
2025-11-17,LEU,0.0,-0.102,0.40166143976889684,all,upgraded features (run-16 set)
2025-11-17,FRPT,1.0,0.198,0.39905403911428716,all,upgraded features (run-16 set)
2025-11-17,SNPS,1.0,0.198,0.3974773712331945,all,upgraded features (run-16 set)
2025-11-17,HL,1.0,0.198,0.39605833182435923,all,upgraded features (run-16 set)
2025-11-17,SCHL,1.0,0.198,0.4030006674367819,leaders,upgraded features (run-16 set)
2025-11-17,HL,1.0,0.198,0.39605833182435923,leaders,upgraded features (run-16 set)
2025-11-17,NKTR,0.0,-0.102,0.38981603080780114,leaders,upgraded features (run-16 set)
2025-11-17,ARWR,1.0,0.198,0.3862014659122915,leaders,upgraded features (run-16 set)
2025-11-17,CIEN,0.0,-0.102,0.37951745752501576,leaders,upgraded features (run-16 set)
2025-11-17,WDC,0.0,-0.102,0.3774641551296379,leaders,upgraded features (run-16 set)
2025-11-17,VICR,1.0,0.198,0.37671389699515867,leaders,upgraded features (run-16 set)
2025-11-17,MU,0.0,-0.102,0.37312996708177293,leaders,upgraded features (run-16 set)
2025-11-17,AMD,0.0,-0.102,0.3686922948010966,leaders,upgraded features (run-16 set)
2025-11-17,LRCX,1.0,0.198,0.3648842902297426,leaders,upgraded features (run-16 set)
2025-12-02,SAIA,1.0,0.198,0.3139046583843965,all,upgraded features (run-16 set)
2025-12-02,ALB,1.0,0.198,0.30349123074025974,all,upgraded features (run-16 set)
2025-12-02,WSC,1.0,0.198,0.3024975402302987,all,upgraded features (run-16 set)
2025-12-02,FORM,1.0,0.198,0.3021997349242391,all,upgraded features (run-16 set)
2025-12-02,NKTR,0.0,-0.11448857,0.2981234298553561,all,upgraded features (run-16 set)
2025-12-02,LUMN,0.0,-0.102,0.2980542737719047,all,upgraded features (run-16 set)
2025-12-02,SRPT,1.0,0.198,0.29220181827684377,all,upgraded features (run-16 set)
2025-12-02,AMKR,1.0,0.21502903,0.2887586564662167,all,upgraded features (run-16 set)
2025-12-02,AGX,0.0,-0.17171587,0.2886248095898948,all,upgraded features (run-16 set)
2025-12-02,ON,1.0,0.198,0.28802718881973915,all,upgraded features (run-16 set)
2025-12-02,ALB,1.0,0.198,0.30349123074025974,leaders,upgraded features (run-16 set)
2025-12-02,FORM,1.0,0.198,0.3021997349242391,leaders,upgraded features (run-16 set)
2025-12-02,LUMN,0.0,-0.102,0.2980542737719047,leaders,upgraded features (run-16 set)
2025-12-02,AMKR,1.0,0.21502903,0.2887586564662167,leaders,upgraded features (run-16 set)
2025-12-02,AGX,0.0,-0.17171587,0.2886248095898948,leaders,upgraded features (run-16 set)
2025-12-02,WDC,1.0,0.20635894,0.28660209892517247,leaders,upgraded features (run-16 set)
2025-12-02,KSS,0.0,-0.102,0.2852468578601854,leaders,upgraded features (run-16 set)
2025-12-02,AEO,1.0,0.198,0.2849283375696997,leaders,upgraded features (run-16 set)
2025-12-02,CIEN,1.0,0.198,0.28448537084938735,leaders,upgraded features (run-16 set)
2025-12-02,MU,1.0,0.198,0.2839530158766568,leaders,upgraded features (run-16 set)
2025-12-16,LEU,1.0,0.198,0.3733723972274277,all,upgraded features (run-16 set)
2025-12-16,VICR,1.0,0.198,0.3626102935762448,all,upgraded features (run-16 set)
2025-12-16,ORCL,0.0,-0.102,0.32997008080262985,all,upgraded features (run-16 set)
2025-12-16,ALB,1.0,0.198,0.3294545945860653,all,upgraded features (run-16 set)
2025-12-16,AMD,1.0,0.198,0.3262555814568694,all,upgraded features (run-16 set)
2025-12-16,AEO,0.0,-0.1105575,0.32290078843164216,all,upgraded features (run-16 set)
2025-12-16,STRL,0.0,-0.102,0.3193636563871106,all,upgraded features (run-16 set)
2025-12-16,FORM,1.0,0.198,0.3189687603760702,all,upgraded features (run-16 set)
2025-12-16,COHU,1.0,0.198,0.3188182406095341,all,upgraded features (run-16 set)
2025-12-16,KTOS,1.0,0.198,0.3180909800286915,all,upgraded features (run-16 set)
2025-12-16,VICR,1.0,0.198,0.3626102935762448,leaders,upgraded features (run-16 set)
2025-12-16,ALB,1.0,0.198,0.3294545945860653,leaders,upgraded features (run-16 set)
2025-12-16,AEO,0.0,-0.1105575,0.32290078843164216,leaders,upgraded features (run-16 set)
2025-12-16,FORM,1.0,0.198,0.3189687603760702,leaders,upgraded features (run-16 set)
2025-12-16,AA,1.0,0.198,0.31714209611351785,leaders,upgraded features (run-16 set)
2025-12-16,CIEN,1.0,0.198,0.3130343505655375,leaders,upgraded features (run-16 set)
2025-12-16,CLF,0.0,-0.102,0.309857080601015,leaders,upgraded features (run-16 set)
2025-12-16,AMKR,1.0,0.198,0.30680146987804974,leaders,upgraded features (run-16 set)
2025-12-16,MU,1.0,0.198,0.30600838841299377,leaders,upgraded features (run-16 set)
2025-12-16,KSS,0.0,-0.102,0.3045956281728535,leaders,upgraded features (run-16 set)
2025-12-31,SRPT,0.0,-0.102,0.5565079491256691,all,upgraded features (run-16 set)
2025-12-31,IART,0.0,-0.102,0.5500514907192456,all,upgraded features (run-16 set)
2025-12-31,DUOL,0.0,-0.102,0.5405086264195356,all,upgraded features (run-16 set)
2025-12-31,PTEN,1.0,0.198,0.5341010029542086,all,upgraded features (run-16 set)
2025-12-31,FUN,1.0,0.198,0.5237478758378201,all,upgraded features (run-16 set)
2025-12-31,FMC,1.0,0.198,0.5157799043643692,all,upgraded features (run-16 set)
2025-12-31,POWI,1.0,0.20255828,0.511033181583679,all,upgraded features (run-16 set)
2025-12-31,CLSK,1.0,0.20550992,0.49682602273322907,all,upgraded features (run-16 set)
2025-12-31,HZO,1.0,0.198,0.49676730324320595,all,upgraded features (run-16 set)
2025-12-31,GEO,0.0,-0.102,0.49674591898756637,all,upgraded features (run-16 set)
2025-12-31,DXPE,1.0,0.198,0.42984869282526816,leaders,upgraded features (run-16 set)
2025-12-31,CLF,0.0,-0.102,0.42982367755166206,leaders,upgraded features (run-16 set)
2025-12-31,FORM,1.0,0.198,0.4238785871695468,leaders,upgraded features (run-16 set)
2025-12-31,NBR,1.0,0.198,0.4036107898694817,leaders,upgraded features (run-16 set)
2025-12-31,GEV,1.0,0.198,0.3957001292637052,leaders,upgraded features (run-16 set)
2025-12-31,CDE,1.0,0.20439376,0.3927493177474049,leaders,upgraded features (run-16 set)
2025-12-31,STX,1.0,0.198,0.3915618794058733,leaders,upgraded features (run-16 set)
2025-12-31,KSS,0.0,-0.1083204,0.38860577162444376,leaders,upgraded features (run-16 set)
2025-12-31,TER,1.0,0.2180868,0.38674844674279196,leaders,upgraded features (run-16 set)
2025-12-31,TPC,1.0,0.198,0.3856703921338047,leaders,upgraded features (run-16 set)
2026-01-15,CCOI,1.0,0.198,0.542747440894236,all,upgraded features (run-16 set)
2026-01-15,CLSK,0.0,-0.11040528,0.5330890082586017,all,upgraded features (run-16 set)
2026-01-15,LUMN,0.0,-0.1592254,0.5068259040118703,all,upgraded features (run-16 set)
2026-01-15,WWW,0.0,-0.102,0.47035986861535733,all,upgraded features (run-16 set)
2026-01-15,NBR,1.0,0.198,0.4633962017251491,all,upgraded features (run-16 set)
2026-01-15,STRL,1.0,0.198,0.44356730238203695,all,upgraded features (run-16 set)
2026-01-15,AGX,1.0,0.198,0.44253873665395876,all,upgraded features (run-16 set)
2026-01-15,IESC,0.0,-0.102,0.44138656849020436,all,upgraded features (run-16 set)
2026-01-15,NKTR,1.0,0.33142763,0.4252387694056851,all,upgraded features (run-16 set)
2026-01-15,ACHC,1.0,0.198,0.4250853600965333,all,upgraded features (run-16 set)
2026-01-15,NBR,1.0,0.198,0.4633962017251491,leaders,upgraded features (run-16 set)
2026-01-15,STRL,1.0,0.198,0.44356730238203695,leaders,upgraded features (run-16 set)
2026-01-15,IESC,0.0,-0.102,0.44138656849020436,leaders,upgraded features (run-16 set)
2026-01-15,REZI,0.0,-0.102,0.41276148330798623,leaders,upgraded features (run-16 set)
2026-01-15,GEV,1.0,0.20473272,0.41157453544076206,leaders,upgraded features (run-16 set)
2026-01-15,AMD,0.0,-0.102,0.4071532874154022,leaders,upgraded features (run-16 set)
2026-01-15,CLF,0.0,-0.102,0.4046276445135484,leaders,upgraded features (run-16 set)
2026-01-15,SANM,0.0,-0.102,0.3955552254089613,leaders,upgraded features (run-16 set)
2026-01-15,RMBS,1.0,0.198,0.3918667694405412,leaders,upgraded features (run-16 set)
2026-01-15,FLEX,0.0,-0.102,0.39018787274831934,leaders,upgraded features (run-16 set)
2026-01-30,CCOI,0.0,-0.102,0.5026334188233653,all,upgraded features (run-16 set)
2026-01-30,NKTR,1.0,0.2610592,0.4549995182376944,all,upgraded features (run-16 set)
2026-01-30,TTMI,0.0,-0.11554373,0.44120604103974614,all,upgraded features (run-16 set)
2026-01-30,ARWR,0.0,-0.102,0.4387329596994123,all,upgraded features (run-16 set)
2026-01-30,URBN,0.0,-0.102,0.4332365663620432,all,upgraded features (run-16 set)
2026-01-30,UCTT,1.0,0.23655307,0.43297927258875035,all,upgraded features (run-16 set)
2026-01-30,STRL,1.0,0.198,0.4327523654794793,all,upgraded features (run-16 set)
2026-01-30,LUMN,0.0,-0.17546937,0.4321616202015174,all,upgraded features (run-16 set)
2026-01-30,NEOG,0.0,-0.102,0.4304544773467341,all,upgraded features (run-16 set)
2026-01-30,CENX,1.0,0.198,0.4230523396442882,all,upgraded features (run-16 set)
2026-01-30,TTMI,0.0,-0.11554373,0.44120604103974614,leaders,upgraded features (run-16 set)
2026-01-30,ARWR,0.0,-0.102,0.4387329596994123,leaders,upgraded features (run-16 set)
2026-01-30,UCTT,1.0,0.23655307,0.43297927258875035,leaders,upgraded features (run-16 set)
2026-01-30,STRL,1.0,0.198,0.4327523654794793,leaders,upgraded features (run-16 set)
2026-01-30,NEOG,0.0,-0.102,0.4304544773467341,leaders,upgraded features (run-16 set)
2026-01-30,CENX,1.0,0.198,0.4230523396442882,leaders,upgraded features (run-16 set)
2026-01-30,MU,0.0,-0.102,0.4182828095104298,leaders,upgraded features (run-16 set)
2026-01-30,ONTO,0.0,-0.102,0.41514004600108056,leaders,upgraded features (run-16 set)
2026-01-30,AGX,1.0,0.198,0.4067951199066728,leaders,upgraded features (run-16 set)
2026-01-30,OMCL,0.0,-0.18364951,0.4066398088773218,leaders,upgraded features (run-16 set)
2026-02-13,AA,1.0,0.198,0.46055020235553457,all,upgraded features (run-16 set)
2026-02-13,ARWR,0.0,-0.102,0.4396862282106287,all,upgraded features (run-16 set)
2026-02-13,KSS,0.0,-0.102,0.38880053060565745,all,upgraded features (run-16 set)
2026-02-13,PLAB,0.0,-0.102,0.3787704009508074,all,upgraded features (run-16 set)
2026-02-13,MKSI,0.0,-0.102,0.37755869742220466,all,upgraded features (run-16 set)
2026-02-13,MU,0.0,-0.102,0.3752650915610517,all,upgraded features (run-16 set)
2026-02-13,LUMN,0.0,-0.102,0.3669321395132857,all,upgraded features (run-16 set)
2026-02-13,FORM,0.0,-0.102,0.36536888576930954,all,upgraded features (run-16 set)
2026-02-13,STX,0.0,-0.102,0.36478571071934945,all,upgraded features (run-16 set)
2026-02-13,NBR,1.0,0.198,0.3642423287290036,all,upgraded features (run-16 set)
2026-02-13,AA,1.0,0.198,0.46055020235553457,leaders,upgraded features (run-16 set)
2026-02-13,PLAB,0.0,-0.102,0.3787704009508074,leaders,upgraded features (run-16 set)
2026-02-13,MKSI,0.0,-0.102,0.37755869742220466,leaders,upgraded features (run-16 set)
2026-02-13,MU,0.0,-0.102,0.3752650915610517,leaders,upgraded features (run-16 set)
2026-02-13,FORM,0.0,-0.102,0.36536888576930954,leaders,upgraded features (run-16 set)
2026-02-13,STX,0.0,-0.102,0.36478571071934945,leaders,upgraded features (run-16 set)
2026-02-13,NBR,1.0,0.198,0.3642423287290036,leaders,upgraded features (run-16 set)
2026-02-13,KLIC,0.0,-0.102,0.3637151031639349,leaders,upgraded features (run-16 set)
2026-02-13,NEOG,0.0,-0.102,0.3627197124768051,leaders,upgraded features (run-16 set)
2026-02-13,ALB,1.0,0.21230713,0.36192704975233014,leaders,upgraded features (run-16 set)
2026-03-02,ARWR,0.0,-0.102,0.3857347358657371,all,upgraded features (run-16 set)
2026-03-02,LEU,0.0,-0.102,0.3756759388601654,all,upgraded features (run-16 set)
2026-03-02,FCX,0.0,-0.102,0.3677661947320827,all,upgraded features (run-16 set)
2026-03-02,NKTR,1.0,0.198,0.3632663666209919,all,upgraded features (run-16 set)
2026-03-02,NEOG,0.0,-0.102,0.36285663873294977,all,upgraded features (run-16 set)
2026-03-02,AA,0.0,-0.102,0.3605555953836076,all,upgraded features (run-16 set)
2026-03-02,CORT,0.0,-0.102,0.35685874023732794,all,upgraded features (run-16 set)
2026-03-02,MU,0.0,-0.102,0.35425225339287886,all,upgraded features (run-16 set)
2026-03-02,DUOL,0.0,-0.102,0.3498643460533004,all,upgraded features (run-16 set)
2026-03-02,LRCX,0.0,-0.111540526,0.34944318746639674,all,upgraded features (run-16 set)
2026-03-02,FCX,0.0,-0.102,0.3677661947320827,leaders,upgraded features (run-16 set)
2026-03-02,NKTR,1.0,0.198,0.3632663666209919,leaders,upgraded features (run-16 set)
2026-03-02,NEOG,0.0,-0.102,0.36285663873294977,leaders,upgraded features (run-16 set)
2026-03-02,AA,0.0,-0.102,0.3605555953836076,leaders,upgraded features (run-16 set)
2026-03-02,MU,0.0,-0.102,0.35425225339287886,leaders,upgraded features (run-16 set)
2026-03-02,LRCX,0.0,-0.111540526,0.34944318746639674,leaders,upgraded features (run-16 set)
2026-03-02,POWL,0.0,-0.102,0.34440838571536087,leaders,upgraded features (run-16 set)
2026-03-02,NBR,1.0,0.19813003,0.3417349891039069,leaders,upgraded features (run-16 set)
2026-03-02,CDE,0.0,-0.102,0.33882055376551706,leaders,upgraded features (run-16 set)
2026-03-02,AGX,0.0,-0.102,0.3359425143936981,leaders,upgraded features (run-16 set)
2026-03-16,CORT,1.0,0.198,0.430697040526742,all,upgraded features (run-16 set)
2026-03-16,LEU,0.0,-0.102,0.4217001690124148,all,upgraded features (run-16 set)
2026-03-16,TPL,0.0,-0.102,0.4057545926605183,all,upgraded features (run-16 set)
2026-03-16,AMKR,1.0,0.198,0.402760520246753,all,upgraded features (run-16 set)
2026-03-16,CLSK,0.0,-0.102,0.3845132221475406,all,upgraded features (run-16 set)
2026-03-16,HL,0.0,-0.1569296,0.38145114400880065,all,upgraded features (run-16 set)
2026-03-16,INTC,0.0,-0.102,0.380003839653222,all,upgraded features (run-16 set)
2026-03-16,WDC,0.0,-0.102,0.3797335331427825,all,upgraded features (run-16 set)
2026-03-16,PTEN,1.0,0.198,0.3756159845138105,all,upgraded features (run-16 set)
2026-03-16,ACLS,1.0,0.20438671,0.3749564234405378,all,upgraded features (run-16 set)
2026-03-16,TPL,0.0,-0.102,0.4057545926605183,leaders,upgraded features (run-16 set)
2026-03-16,WDC,0.0,-0.102,0.3797335331427825,leaders,upgraded features (run-16 set)
2026-03-16,PTEN,1.0,0.198,0.3756159845138105,leaders,upgraded features (run-16 set)
2026-03-16,VSAT,1.0,0.20334405,0.37200269612248676,leaders,upgraded features (run-16 set)
2026-03-16,FORM,1.0,0.198,0.3653604200296423,leaders,upgraded features (run-16 set)
2026-03-16,ADEA,1.0,0.198,0.3626462636223994,leaders,upgraded features (run-16 set)
2026-03-16,UCTT,1.0,0.198,0.36190098270730253,leaders,upgraded features (run-16 set)
2026-03-16,STX,0.0,-0.102,0.36160200420727545,leaders,upgraded features (run-16 set)
2026-03-16,VIAV,1.0,0.198,0.36096287649282327,leaders,upgraded features (run-16 set)
2026-03-16,MU,0.0,-0.102,0.357260774884879,leaders,upgraded features (run-16 set)
2026-03-30,CDE,1.0,0.198,0.4546143745957767,all,upgraded features (run-16 set)
2026-03-30,KSS,1.0,0.198,0.4480148672340288,all,upgraded features (run-16 set)
2026-03-30,QDEL,0.0,-0.10422807,0.4321593672665047,all,upgraded features (run-16 set)
2026-03-30,GO,1.0,0.198,0.4300260478799592,all,upgraded features (run-16 set)
2026-03-30,AEO,1.0,0.198,0.4284299271790272,all,upgraded features (run-16 set)
2026-03-30,LEU,1.0,0.198,0.4236168762520366,all,upgraded features (run-16 set)
2026-03-30,CORT,1.0,0.198,0.4144304448504374,all,upgraded features (run-16 set)
2026-03-30,HL,1.0,0.20938219,0.4138367028752889,all,upgraded features (run-16 set)
2026-03-30,KTOS,1.0,0.21399263,0.41281178469139174,all,upgraded features (run-16 set)
2026-03-30,PEGA,0.0,-0.102,0.41180547597054,all,upgraded features (run-16 set)
2026-03-30,AA,1.0,0.198,0.4110350385974342,leaders,upgraded features (run-16 set)
2026-03-30,SM,0.0,-0.102,0.4079057161568665,leaders,upgraded features (run-16 set)
2026-03-30,RIG,0.0,-0.102,0.40210808635927897,leaders,upgraded features (run-16 set)
2026-03-30,VAL,0.0,-0.102,0.39588588487883564,leaders,upgraded features (run-16 set)
2026-03-30,NBR,0.0,-0.102,0.39173350024042203,leaders,upgraded features (run-16 set)
2026-03-30,NKTR,1.0,0.198,0.3832143804560672,leaders,upgraded features (run-16 set)
2026-03-30,INSW,1.0,0.198,0.3815564508606624,leaders,upgraded features (run-16 set)
2026-03-30,PLAB,1.0,0.198,0.3756783004626717,leaders,upgraded features (run-16 set)
2026-03-30,VIAV,1.0,0.198,0.3749009247376014,leaders,upgraded features (run-16 set)
2026-03-30,PTEN,0.0,-0.10245262,0.3707425236176746,leaders,upgraded features (run-16 set)
2026-04-14,RMBS,1.0,0.22752431,0.5010780390943579,all,upgraded features (run-16 set)
2026-04-14,TYL,0.0,-0.102,0.481778431684646,all,upgraded features (run-16 set)
2026-04-14,CDE,0.0,-0.102,0.47744784973134247,all,upgraded features (run-16 set)
2026-04-14,MRCY,0.0,-0.102,0.4705173527283466,all,upgraded features (run-16 set)
2026-04-14,NKTR,1.0,0.198,0.4689472419281117,all,upgraded features (run-16 set)
2026-04-14,APH,0.0,-0.102,0.4621339677945933,all,upgraded features (run-16 set)
2026-04-14,SMPL,1.0,0.198,0.4616506460231814,all,upgraded features (run-16 set)
2026-04-14,LEU,1.0,0.1993878,0.4559142498384974,all,upgraded features (run-16 set)
2026-04-14,ARW,1.0,0.198,0.4554846115361511,all,upgraded features (run-16 set)
2026-04-14,VICR,1.0,0.198,0.4554084183642379,all,upgraded features (run-16 set)
2026-04-14,RMBS,1.0,0.22752431,0.5010780390943579,leaders,upgraded features (run-16 set)
2026-04-14,MRCY,0.0,-0.102,0.4705173527283466,leaders,upgraded features (run-16 set)
2026-04-14,NKTR,1.0,0.198,0.4689472419281117,leaders,upgraded features (run-16 set)
2026-04-14,APH,0.0,-0.102,0.4621339677945933,leaders,upgraded features (run-16 set)
2026-04-14,ARW,1.0,0.198,0.4554846115361511,leaders,upgraded features (run-16 set)
2026-04-14,VICR,1.0,0.198,0.4554084183642379,leaders,upgraded features (run-16 set)
2026-04-14,TTMI,1.0,0.198,0.45379313405181915,leaders,upgraded features (run-16 set)
2026-04-14,VAL,1.0,0.198,0.4447812652550105,leaders,upgraded features (run-16 set)
2026-04-14,STRL,1.0,0.5639577,0.44295628966379424,leaders,upgraded features (run-16 set)
2026-04-14,ARWR,1.0,0.198,0.4406219922687988,leaders,upgraded features (run-16 set)
2026-04-28,CDE,0.0,-0.102,0.44817264535428836,all,upgraded features (run-16 set)
2026-04-28,RMBS,1.0,0.198,0.4479820780112219,all,upgraded features (run-16 set)
2026-04-28,VIAV,1.0,0.38762254,0.4316565726538824,all,upgraded features (run-16 set)
2026-04-28,VAL,0.0,-0.12399669,0.43146811187218875,all,upgraded features (run-16 set)
2026-04-28,WDAY,1.0,0.198,0.4287705340842564,all,upgraded features (run-16 set)
2026-04-28,KTOS,0.0,-0.102,0.4243958573299422,all,upgraded features (run-16 set)
2026-04-28,FORM,0.0,-0.102,0.4233683211097119,all,upgraded features (run-16 set)
2026-04-28,SANM,1.0,0.198,0.4223064711870167,all,upgraded features (run-16 set)
2026-04-28,ACLS,1.0,0.198,0.42215428518377,all,upgraded features (run-16 set)
2026-04-28,AGX,1.0,0.198,0.4207802446683623,all,upgraded features (run-16 set)
2026-04-28,VIAV,1.0,0.38762254,0.4316565726538824,leaders,upgraded features (run-16 set)
2026-04-28,VAL,0.0,-0.12399669,0.43146811187218875,leaders,upgraded features (run-16 set)
2026-04-28,FORM,0.0,-0.102,0.4233683211097119,leaders,upgraded features (run-16 set)
2026-04-28,SANM,1.0,0.198,0.4223064711870167,leaders,upgraded features (run-16 set)
2026-04-28,ACLS,1.0,0.198,0.42215428518377,leaders,upgraded features (run-16 set)
2026-04-28,AGX,1.0,0.198,0.4207802446683623,leaders,upgraded features (run-16 set)
2026-04-28,UCTT,0.0,-0.102,0.4196574863831652,leaders,upgraded features (run-16 set)
2026-04-28,NKTR,0.0,-0.102,0.4186979361143016,leaders,upgraded features (run-16 set)
2026-04-28,DIOD,1.0,0.198,0.4169386297748647,leaders,upgraded features (run-16 set)
2026-04-28,AMKR,0.0,-0.102,0.41683601353201244,leaders,upgraded features (run-16 set)
2026-05-12,CCOI,1.0,0.2502955,0.43232123108414844,all,upgraded features (run-16 set)
2026-05-12,CDE,0.0,-0.102,0.4314380810966468,all,upgraded features (run-16 set)
2026-05-12,ACLS,0.0,-0.102,0.42914328011901404,all,upgraded features (run-16 set)
2026-05-12,KTOS,0.0,-0.102,0.4284003771171058,all,upgraded features (run-16 set)
2026-05-12,ACHC,0.0,-0.102,0.4194023632183548,all,upgraded features (run-16 set)
2026-05-12,SANM,1.0,0.198,0.41731357065163016,all,upgraded features (run-16 set)
2026-05-12,GO,1.0,0.198,0.4168233634102012,all,upgraded features (run-16 set)
2026-05-12,MU,0.0,-0.102,0.4077589764083039,all,upgraded features (run-16 set)
2026-05-12,MRVL,1.0,0.198,0.40688839488195183,all,upgraded features (run-16 set)
2026-05-12,VICR,0.0,-0.102,0.4068854302847467,all,upgraded features (run-16 set)
2026-05-12,ACLS,0.0,-0.102,0.42914328011901404,leaders,upgraded features (run-16 set)
2026-05-12,ACHC,0.0,-0.102,0.4194023632183548,leaders,upgraded features (run-16 set)
2026-05-12,SANM,1.0,0.198,0.41731357065163016,leaders,upgraded features (run-16 set)
2026-05-12,MU,0.0,-0.102,0.4077589764083039,leaders,upgraded features (run-16 set)
2026-05-12,MRVL,1.0,0.198,0.40688839488195183,leaders,upgraded features (run-16 set)
2026-05-12,VICR,0.0,-0.102,0.4068854302847467,leaders,upgraded features (run-16 set)
2026-05-12,RMBS,1.0,0.198,0.40594699765543263,leaders,upgraded features (run-16 set)
2026-05-12,CENX,0.0,-0.102,0.4043283737870791,leaders,upgraded features (run-16 set)
2026-05-12,SYNA,1.0,0.198,0.4011413260731434,leaders,upgraded features (run-16 set)
2026-05-12,SMTC,1.0,0.198,0.39430423554296196,leaders,upgraded features (run-16 set)
2026-05-27,CCOI,0.0,-0.122259,0.4436291042826196,all,upgraded features (run-16 set)
2026-05-27,FNMA,0.0,-0.102,0.4396293216748337,all,upgraded features (run-16 set)
2026-05-27,AEO,0.0,-0.1677175,0.4369618949935816,all,upgraded features (run-16 set)
2026-05-27,QDEL,1.0,0.198,0.4336487991736002,all,upgraded features (run-16 set)
2026-05-27,AXON,1.0,0.198,0.432818221332178,all,upgraded features (run-16 set)
2026-05-27,HLIT,0.0,-0.102,0.4312942128630681,all,upgraded features (run-16 set)
2026-05-27,DIOD,0.0,-0.102,0.42904173756333597,all,upgraded features (run-16 set)
2026-05-27,FMCC,0.0,-0.102,0.4242686382077217,all,upgraded features (run-16 set)
2026-05-27,CDE,0.0,-0.102,0.42258334902408234,all,upgraded features (run-16 set)
2026-05-27,ACLS,1.0,0.198,0.4205426466378168,all,upgraded features (run-16 set)
2026-05-27,HLIT,0.0,-0.102,0.4312942128630681,leaders,upgraded features (run-16 set)
2026-05-27,DIOD,0.0,-0.102,0.42904173756333597,leaders,upgraded features (run-16 set)
2026-05-27,ACLS,1.0,0.198,0.4205426466378168,leaders,upgraded features (run-16 set)
2026-05-27,VECO,1.0,0.198,0.40923825586232876,leaders,upgraded features (run-16 set)
2026-05-27,FORM,0.0,-0.102,0.4035787451921224,leaders,upgraded features (run-16 set)
2026-05-27,CENX,0.0,-0.102,0.40314372663203574,leaders,upgraded features (run-16 set)
2026-05-27,AGX,0.0,-0.102,0.40199965435582724,leaders,upgraded features (run-16 set)
2026-05-27,RMBS,0.0,-0.102,0.40085154692352626,leaders,upgraded features (run-16 set)
2026-05-27,MRVL,1.0,0.27359146,0.3999939994522392,leaders,upgraded features (run-16 set)
2026-05-27,CLSK,0.0,-0.11231051,0.39802980586459413,leaders,upgraded features (run-16 set)
2026-06-10,STAA,0.0,-0.102,0.5365425157749518,all,upgraded features (run-16 set)
2026-06-10,COCO,0.0,-0.102,0.5022306876643756,all,upgraded features (run-16 set)
2026-06-10,FMCC,1.0,0.198,0.48286010226195636,all,upgraded features (run-16 set)
2026-06-10,UNIT,0.0,-0.102,0.4826397526916792,all,upgraded features (run-16 set)
2026-06-10,CORT,1.0,0.198,0.47914080799328757,all,upgraded features (run-16 set)
2026-06-10,APA,0.0,-0.111210614,0.4770898905895506,all,upgraded features (run-16 set)
2026-06-10,PII,0.0,-0.102,0.4757978206929379,all,upgraded features (run-16 set)
2026-06-10,VICR,1.0,0.198,0.4740577815079838,all,upgraded features (run-16 set)
2026-06-10,ACLS,1.0,0.198,0.4731032369965897,all,upgraded features (run-16 set)
2026-06-10,ARCB,0.0,-0.102,0.4722255832739594,all,upgraded features (run-16 set)
2026-06-10,STAA,0.0,-0.102,0.5365425157749518,leaders,upgraded features (run-16 set)
2026-06-10,COCO,0.0,-0.102,0.5022306876643756,leaders,upgraded features (run-16 set)
2026-06-10,UNIT,0.0,-0.102,0.4826397526916792,leaders,upgraded features (run-16 set)
2026-06-10,CORT,1.0,0.198,0.47914080799328757,leaders,upgraded features (run-16 set)
2026-06-10,PII,0.0,-0.102,0.4757978206929379,leaders,upgraded features (run-16 set)
2026-06-10,VICR,1.0,0.198,0.4740577815079838,leaders,upgraded features (run-16 set)
2026-06-10,ACLS,1.0,0.198,0.4731032369965897,leaders,upgraded features (run-16 set)
2026-06-10,ARCB,0.0,-0.102,0.4722255832739594,leaders,upgraded features (run-16 set)
2026-06-10,SYNA,0.0,-0.102,0.47106782369989714,leaders,upgraded features (run-16 set)
2026-06-10,AMD,1.0,0.198,0.4697163135537388,leaders,upgraded features (run-16 set)
2026-06-25,STAA,0.0,-0.102,0.44152500163942293,all,upgraded features (run-16 set)
2026-06-25,EFOR,1.0,0.198,0.40202081822589036,all,upgraded features (run-16 set)
2026-06-25,QDEL,1.0,0.2553964,0.3953315189209523,all,upgraded features (run-16 set)
2026-06-25,KALU,0.0,-0.102,0.3794131200164933,all,upgraded features (run-16 set)
2026-06-25,SANM,0.0,-0.102,0.37699615703385836,all,upgraded features (run-16 set)
2026-06-25,IART,0.0,-0.102,0.37603456655796447,all,upgraded features (run-16 set)
2026-06-25,ACLS,0.0,-0.102,0.37582460612445995,all,upgraded features (run-16 set)
2026-06-25,CNC,0.0,-0.102,0.3731929874641581,all,upgraded features (run-16 set)
2026-06-25,RMBS,0.0,-0.102,0.370985158853095,all,upgraded features (run-16 set)
2026-06-25,SMPL,1.0,0.22094546,0.36845462464706996,all,upgraded features (run-16 set)
2026-06-25,STAA,0.0,-0.102,0.44152500163942293,leaders,upgraded features (run-16 set)
2026-06-25,KALU,0.0,-0.102,0.3794131200164933,leaders,upgraded features (run-16 set)
2026-06-25,SANM,0.0,-0.102,0.37699615703385836,leaders,upgraded features (run-16 set)
2026-06-25,IART,0.0,-0.102,0.37603456655796447,leaders,upgraded features (run-16 set)
2026-06-25,ACLS,0.0,-0.102,0.37582460612445995,leaders,upgraded features (run-16 set)
2026-06-25,CNC,0.0,-0.102,0.3731929874641581,leaders,upgraded features (run-16 set)
2026-06-25,QCOM,0.0,-0.102,0.3684162395780877,leaders,upgraded features (run-16 set)
2026-06-25,AAON,0.0,-0.102,0.3665329278470752,leaders,upgraded features (run-16 set)
2026-06-25,VSH,0.0,-0.102,0.3664390435505691,leaders,upgraded features (run-16 set)
2026-06-25,HLIT,0.0,-0.102,0.3656998498994227,leaders,upgraded features (run-16 set)
2026-07-10,CAR,0.0,-0.102,0.43824356645117185,all,upgraded features (run-16 set)
2026-07-10,AORT,1.0,0.198,0.4250657387617887,all,upgraded features (run-16 set)
2026-07-10,WWW,1.0,0.198,0.4143973437827177,all,upgraded features (run-16 set)
2026-07-10,EFOR,1.0,0.198,0.4035871907519644,all,upgraded features (run-16 set)
2026-07-10,CCOI,0.0,-0.102,0.383445401892507,all,upgraded features (run-16 set)
2026-07-10,AZTA,1.0,0.22000311,0.3802298102557155,all,upgraded features (run-16 set)
2026-07-10,QDEL,0.0,-0.102,0.37838934764036697,all,upgraded features (run-16 set)
2026-07-10,DUOL,0.0,-0.102,0.3765303869580904,all,upgraded features (run-16 set)
2026-07-10,VIAV,0.0,-0.102,0.37575259839321634,all,upgraded features (run-16 set)
2026-07-10,SRPT,0.0,-0.102,0.37362153064709197,all,upgraded features (run-16 set)
2026-07-10,IART,0.0,-0.102,0.36693568538395277,leaders,upgraded features (run-16 set)
2026-07-10,PBI,0.0,-0.102,0.36650167261859834,leaders,upgraded features (run-16 set)
2026-07-10,NEO,1.0,0.198,0.3654534979407201,leaders,upgraded features (run-16 set)
2026-07-10,HLIT,0.0,-0.102,0.35985045435929547,leaders,upgraded features (run-16 set)
2026-07-10,HUM,0.0,-0.015002922,0.35600397680465934,leaders,upgraded features (run-16 set)
2026-07-10,AMN,0.0,0.092840895,0.3521026512215795,leaders,upgraded features (run-16 set)
2026-07-10,CNC,0.0,-0.11840683,0.34968701564194304,leaders,upgraded features (run-16 set)
2026-07-10,ONTO,0.0,-0.102,0.34874828060281127,leaders,upgraded features (run-16 set)
2026-07-10,PDFS,0.0,-0.12051588,0.34872466726811235,leaders,upgraded features (run-16 set)
2026-07-10,WSC,0.0,-0.102,0.34411604842667526,leaders,upgraded features (run-16 set)
